path,label
images/baklava/761239.jpg,1
images/bruschetta/2838855.jpg,5
images/caprese_salad/233624.jpg,8
images/cup_cakes/270340.jpg,18
images/chicken_wings/3471201.jpg,12
images/carrot_cake/3132527.jpg,9
images/french_fries/1564138.jpg,26
images/beef_carpaccio/3307811.jpg,2
images/creme_brulee/2527174.jpg,17
images/fish_and_chips/1123847.jpg,24
images/chocolate_cake/3726800.jpg,13
images/chicken_wings/3760875.jpg,12
images/beignets/76120.jpg,4
images/caprese_salad/2801846.jpg,8
images/eggs_benedict/348010.jpg,21
images/beignets/2639056.jpg,4
images/baklava/1772994.jpg,1
images/beignets/1138841.jpg,4
images/cheese_plate/625928.jpg,10
images/cheese_plate/131710.jpg,10
images/chocolate_cake/1432067.jpg,13
images/baklava/3137527.jpg,1
images/falafel/63071.jpg,23
images/cheese_plate/688432.jpg,10
images/apple_pie/2528236.jpg,0
images/chicken_wings/2877759.jpg,12
images/cannoli/3042490.jpg,7
images/chocolate_cake/3903548.jpg,13
images/chocolate_cake/3862373.jpg,13
images/eggs_benedict/396389.jpg,21
images/edamame/1963822.jpg,20
images/eggs_benedict/652716.jpg,21
images/edamame/3826167.jpg,20
images/fish_and_chips/3006202.jpg,24
images/falafel/2600944.jpg,23
images/cup_cakes/3294909.jpg,18
images/apple_pie/2038171.jpg,0
images/cup_cakes/1675591.jpg,18
images/churros/2055280.jpg,14
images/creme_brulee/3719325.jpg,17
images/edamame/704320.jpg,20
images/cheese_plate/1455917.jpg,10
images/foie_gras/2421959.jpg,25
images/beet_salad/1395142.jpg,3
images/apple_pie/2997124.jpg,0
images/escargots/1470318.jpg,22
images/apple_pie/770439.jpg,0
images/club_sandwich/1474776.jpg,15
images/falafel/476197.jpg,23
images/edamame/1382869.jpg,20
images/cheese_plate/1289201.jpg,10
images/edamame/771281.jpg,20
images/beignets/3873758.jpg,4
images/creme_brulee/2602463.jpg,17
images/caesar_salad/3500930.jpg,6
images/club_sandwich/1206547.jpg,15
images/carrot_cake/3066223.jpg,9
images/cheesecake/919611.jpg,11
images/apple_pie/2586042.jpg,0
images/crab_cakes/823084.jpg,16
images/foie_gras/1374901.jpg,25
images/french_fries/457240.jpg,26
images/falafel/335488.jpg,23
images/cannoli/2359520.jpg,7
images/beignets/1105707.jpg,4
images/beignets/92470.jpg,4
images/falafel/1898638.jpg,23
images/caprese_salad/138655.jpg,8
images/bruschetta/3129062.jpg,5
images/foie_gras/2394762.jpg,25
images/apple_pie/3589097.jpg,0
images/foie_gras/479540.jpg,25
images/french_fries/852271.jpg,26
images/french_fries/2991239.jpg,26
images/chicken_wings/272574.jpg,12
images/escargots/1917493.jpg,22
images/creme_brulee/3572672.jpg,17
images/donuts/2650557.jpg,19
images/falafel/195082.jpg,23
images/escargots/225454.jpg,22
images/bruschetta/2441138.jpg,5
images/cannoli/2799600.jpg,7
images/caprese_salad/1149550.jpg,8
images/cup_cakes/2671408.jpg,18
images/chocolate_cake/1566401.jpg,13
images/escargots/327227.jpg,22
images/falafel/1104779.jpg,23
images/fish_and_chips/917382.jpg,24
images/beef_carpaccio/2143361.jpg,2
images/creme_brulee/2381719.jpg,17
images/churros/2572334.jpg,14
images/edamame/2376736.jpg,20
images/chicken_wings/768630.jpg,12
images/chicken_wings/507190.jpg,12
images/creme_brulee/1123870.jpg,17
images/crab_cakes/279787.jpg,16
images/bruschetta/2361006.jpg,5
images/cup_cakes/546938.jpg,18
images/caesar_salad/3352158.jpg,6
images/eggs_benedict/3783081.jpg,21
images/chocolate_cake/3331427.jpg,13
images/cheesecake/42504.jpg,11
images/caesar_salad/1645599.jpg,6
images/crab_cakes/3036557.jpg,16
images/caesar_salad/3695417.jpg,6
images/foie_gras/2319402.jpg,25
images/eggs_benedict/3303156.jpg,21
images/beignets/599749.jpg,4
images/creme_brulee/1404125.jpg,17
images/creme_brulee/2488653.jpg,17
images/cheese_plate/1594017.jpg,10
images/churros/2698148.jpg,14
images/chocolate_cake/1404915.jpg,13
images/beignets/753053.jpg,4
images/caesar_salad/880468.jpg,6
images/donuts/1037309.jpg,19
images/baklava/120737.jpg,1
images/cannoli/1280865.jpg,7
images/cannoli/2894445.jpg,7
images/club_sandwich/127761.jpg,15
images/escargots/853109.jpg,22
images/eggs_benedict/3836203.jpg,21
images/baklava/2106469.jpg,1
images/beet_salad/478370.jpg,3
images/escargots/778446.jpg,22
images/cheese_plate/1067080.jpg,10
images/eggs_benedict/129124.jpg,21
images/escargots/1227951.jpg,22
images/beignets/2605237.jpg,4
images/bruschetta/1977770.jpg,5
images/edamame/77335.jpg,20
images/caprese_salad/3822195.jpg,8
images/cannoli/280289.jpg,7
images/escargots/3152938.jpg,22
images/eggs_benedict/1503646.jpg,21
images/beef_carpaccio/2568139.jpg,2
images/beignets/230470.jpg,4
images/french_fries/2624207.jpg,26
images/beef_carpaccio/1883082.jpg,2
images/chocolate_cake/1077967.jpg,13
images/beef_carpaccio/118171.jpg,2
images/french_fries/839871.jpg,26
images/apple_pie/2485958.jpg,0
images/caprese_salad/3429824.jpg,8
images/falafel/1776551.jpg,23
images/chocolate_cake/126340.jpg,13
images/beignets/332783.jpg,4
images/edamame/54477.jpg,20
images/bruschetta/3034672.jpg,5
images/falafel/213482.jpg,23
images/beef_carpaccio/639894.jpg,2
images/caesar_salad/1119963.jpg,6
images/falafel/2653623.jpg,23
images/fish_and_chips/2122729.jpg,24
images/edamame/999399.jpg,20
images/caesar_salad/1668134.jpg,6
images/edamame/2399955.jpg,20
images/fish_and_chips/1160116.jpg,24
images/crab_cakes/3507097.jpg,16
images/creme_brulee/1436655.jpg,17
images/donuts/3570357.jpg,19
images/cup_cakes/1441270.jpg,18
images/chicken_wings/1443659.jpg,12
images/bruschetta/1789208.jpg,5
images/cheesecake/1595163.jpg,11
images/apple_pie/2635983.jpg,0
images/escargots/3299869.jpg,22
images/bruschetta/2511782.jpg,5
images/edamame/3601153.jpg,20
images/beignets/1227944.jpg,4
images/cannoli/803995.jpg,7
images/apple_pie/871917.jpg,0
images/cannoli/2480726.jpg,7
images/caprese_salad/614569.jpg,8
images/cheese_plate/355471.jpg,10
images/fish_and_chips/3271369.jpg,24
images/donuts/2056206.jpg,19
images/club_sandwich/3673332.jpg,15
images/bruschetta/3807020.jpg,5
images/falafel/964477.jpg,23
images/creme_brulee/1773254.jpg,17
images/donuts/750287.jpg,19
images/cheese_plate/1330725.jpg,10
images/edamame/2975349.jpg,20
images/falafel/651881.jpg,23
images/cheese_plate/1361284.jpg,10
images/beet_salad/2339036.jpg,3
images/beignets/2542795.jpg,4
images/creme_brulee/2405262.jpg,17
images/apple_pie/3539782.jpg,0
images/cannoli/616682.jpg,7
images/bruschetta/2888806.jpg,5
images/fish_and_chips/26018.jpg,24
images/cheese_plate/890981.jpg,10
images/beet_salad/3301453.jpg,3
images/chicken_wings/1543000.jpg,12
images/chocolate_cake/149856.jpg,13
images/caprese_salad/1835569.jpg,8
images/cup_cakes/1756820.jpg,18
images/creme_brulee/1054619.jpg,17
images/edamame/1488097.jpg,20
images/beignets/2564579.jpg,4
images/beignets/3835027.jpg,4
images/chocolate_cake/3364401.jpg,13
images/caprese_salad/2791136.jpg,8
images/carrot_cake/1593186.jpg,9
images/bruschetta/3718167.jpg,5
images/club_sandwich/1352002.jpg,15
images/caprese_salad/3322036.jpg,8
images/cannoli/2937702.jpg,7
images/fish_and_chips/2691436.jpg,24
images/french_fries/2631590.jpg,26
images/beet_salad/2124493.jpg,3
images/club_sandwich/3543955.jpg,15
images/caprese_salad/3775049.jpg,8
images/cannoli/305563.jpg,7
images/cheesecake/1932889.jpg,11
images/churros/407236.jpg,14
images/churros/1977745.jpg,14
images/bruschetta/3579350.jpg,5
images/crab_cakes/495581.jpg,16
images/caprese_salad/2708782.jpg,8
images/carrot_cake/3776859.jpg,9
images/escargots/1093035.jpg,22
images/crab_cakes/1805680.jpg,16
images/falafel/3209357.jpg,23
images/eggs_benedict/94890.jpg,21
images/french_fries/57594.jpg,26
images/churros/2944975.jpg,14
images/beignets/1182467.jpg,4
images/caprese_salad/576207.jpg,8
images/apple_pie/937118.jpg,0
images/beet_salad/288746.jpg,3
images/apple_pie/2391509.jpg,0
images/fish_and_chips/639436.jpg,24
images/cup_cakes/3422551.jpg,18
images/baklava/1575932.jpg,1
images/creme_brulee/1139862.jpg,17
images/carrot_cake/1242217.jpg,9
images/cup_cakes/1573160.jpg,18
images/club_sandwich/3659549.jpg,15
images/cheese_plate/1310827.jpg,10
images/edamame/1413875.jpg,20
images/fish_and_chips/1979715.jpg,24
images/chocolate_cake/27058.jpg,13
images/baklava/3717652.jpg,1
images/eggs_benedict/111198.jpg,21
images/churros/1523501.jpg,14
images/beignets/652703.jpg,4
images/donuts/927248.jpg,19
images/donuts/2512529.jpg,19
images/creme_brulee/1121733.jpg,17
images/chicken_wings/1302619.jpg,12
images/cannoli/583049.jpg,7
images/fish_and_chips/2672110.jpg,24
images/foie_gras/108318.jpg,25
images/edamame/1641799.jpg,20
images/crab_cakes/2013933.jpg,16
images/baklava/2659433.jpg,1
images/beef_carpaccio/2506146.jpg,2
images/cheesecake/3220534.jpg,11
images/baklava/1281439.jpg,1
images/chocolate_cake/2696197.jpg,13
images/bruschetta/2115388.jpg,5
images/churros/2526456.jpg,14
images/crab_cakes/1645623.jpg,16
images/creme_brulee/1146373.jpg,17
images/beef_carpaccio/73102.jpg,2
images/cheesecake/2953772.jpg,11
images/chicken_wings/1022867.jpg,12
images/cannoli/1389241.jpg,7
images/creme_brulee/3451950.jpg,17
images/french_fries/1238390.jpg,26
images/crab_cakes/558363.jpg,16
images/escargots/2072800.jpg,22
images/foie_gras/53681.jpg,25
images/beef_carpaccio/248058.jpg,2
images/crab_cakes/655103.jpg,16
images/caprese_salad/489675.jpg,8
images/beet_salad/1679065.jpg,3
images/creme_brulee/3367063.jpg,17
images/caprese_salad/3690432.jpg,8
images/cheesecake/3748350.jpg,11
images/bruschetta/1545217.jpg,5
images/chocolate_cake/53320.jpg,13
images/carrot_cake/376080.jpg,9
images/chocolate_cake/3547611.jpg,13
images/foie_gras/15207.jpg,25
images/club_sandwich/3597817.jpg,15
images/chocolate_cake/1395253.jpg,13
images/eggs_benedict/926827.jpg,21
images/baklava/1762771.jpg,1
images/cheesecake/1950970.jpg,11
images/carrot_cake/949289.jpg,9
images/crab_cakes/399349.jpg,16
images/club_sandwich/3310968.jpg,15
images/churros/3179624.jpg,14
images/bruschetta/3922510.jpg,5
images/caesar_salad/2293182.jpg,6
images/cup_cakes/204059.jpg,18
images/cheese_plate/2167381.jpg,10
images/cheesecake/495805.jpg,11
images/edamame/1426533.jpg,20
images/carrot_cake/2293001.jpg,9
images/escargots/2902718.jpg,22
images/cannoli/2579823.jpg,7
images/french_fries/1337228.jpg,26
images/eggs_benedict/72938.jpg,21
images/cup_cakes/332046.jpg,18
images/crab_cakes/3220950.jpg,16
images/bruschetta/1058295.jpg,5
images/creme_brulee/2152670.jpg,17
images/donuts/3807285.jpg,19
images/escargots/1083310.jpg,22
images/donuts/794976.jpg,19
images/fish_and_chips/1421894.jpg,24
images/cheesecake/1159749.jpg,11
images/french_fries/2195192.jpg,26
images/bruschetta/3646425.jpg,5
images/creme_brulee/1730238.jpg,17
images/french_fries/1970888.jpg,26
images/beignets/283136.jpg,4
images/chicken_wings/36995.jpg,12
images/caprese_salad/992553.jpg,8
images/edamame/2559115.jpg,20
images/caprese_salad/2079798.jpg,8
images/escargots/3434848.jpg,22
images/caprese_salad/3833798.jpg,8
images/apple_pie/67826.jpg,0
images/donuts/1685506.jpg,19
images/falafel/1184616.jpg,23
images/chocolate_cake/3048783.jpg,13
images/donuts/191378.jpg,19
images/apple_pie/3428446.jpg,0
images/beignets/1333245.jpg,4
images/cup_cakes/2187203.jpg,18
images/falafel/3188204.jpg,23
images/caesar_salad/3794897.jpg,6
images/beignets/2623397.jpg,4
images/beef_carpaccio/3412113.jpg,2
images/baklava/49917.jpg,1
images/escargots/2077282.jpg,22
images/caprese_salad/2778446.jpg,8
images/bruschetta/2250442.jpg,5
images/beet_salad/1440424.jpg,3
images/french_fries/348356.jpg,26
images/bruschetta/461491.jpg,5
images/beet_salad/3501045.jpg,3
images/churros/140064.jpg,14
images/foie_gras/2560451.jpg,25
images/escargots/2679851.jpg,22
images/edamame/418906.jpg,20
images/creme_brulee/394204.jpg,17
images/chicken_wings/1636068.jpg,12
images/falafel/697128.jpg,23
images/club_sandwich/212813.jpg,15
images/fish_and_chips/1100346.jpg,24
images/beignets/2011453.jpg,4
images/eggs_benedict/354093.jpg,21
images/cup_cakes/16628.jpg,18
images/cheese_plate/1632517.jpg,10
images/club_sandwich/957245.jpg,15
images/caprese_salad/3427027.jpg,8
images/beef_carpaccio/1745208.jpg,2
images/apple_pie/925525.jpg,0
images/chocolate_cake/3365013.jpg,13
images/chocolate_cake/3576239.jpg,13
images/beet_salad/2572431.jpg,3
images/apple_pie/1510930.jpg,0
images/caprese_salad/2204584.jpg,8
images/bruschetta/2183783.jpg,5
images/beef_carpaccio/1216652.jpg,2
images/french_fries/3343500.jpg,26
images/cup_cakes/172692.jpg,18
images/churros/3323514.jpg,14
images/club_sandwich/3566469.jpg,15
images/chicken_wings/1280132.jpg,12
images/cannoli/597291.jpg,7
images/apple_pie/2132230.jpg,0
images/baklava/2309237.jpg,1
images/baklava/447219.jpg,1
images/french_fries/2050364.jpg,26
images/beet_salad/223278.jpg,3
images/french_fries/2073415.jpg,26
images/cannoli/1581158.jpg,7
images/cheesecake/2920089.jpg,11
images/apple_pie/2447106.jpg,0
images/donuts/484375.jpg,19
images/apple_pie/1444702.jpg,0
images/beet_salad/3114751.jpg,3
images/carrot_cake/406507.jpg,9
images/eggs_benedict/3315572.jpg,21
images/creme_brulee/2522959.jpg,17
images/beignets/1222571.jpg,4
images/french_fries/2522964.jpg,26
images/cheesecake/771569.jpg,11
images/chocolate_cake/2354042.jpg,13
images/cheesecake/3838028.jpg,11
images/carrot_cake/112399.jpg,9
images/chocolate_cake/2278590.jpg,13
images/creme_brulee/659893.jpg,17
images/fish_and_chips/1662738.jpg,24
images/baklava/2374859.jpg,1
images/crab_cakes/1730545.jpg,16
images/caprese_salad/2919681.jpg,8
images/cheese_plate/2364099.jpg,10
images/caesar_salad/1636130.jpg,6
images/caprese_salad/1782318.jpg,8
images/beet_salad/3024728.jpg,3
images/caesar_salad/199565.jpg,6
images/eggs_benedict/1328618.jpg,21
images/crab_cakes/3825001.jpg,16
images/caesar_salad/3546346.jpg,6
images/carrot_cake/600656.jpg,9
images/escargots/3906601.jpg,22
images/edamame/1852474.jpg,20
images/cheesecake/1629614.jpg,11
images/french_fries/868941.jpg,26
images/beet_salad/623744.jpg,3
images/beef_carpaccio/1585692.jpg,2
images/bruschetta/3744159.jpg,5
images/apple_pie/2851371.jpg,0
images/chocolate_cake/1077493.jpg,13
images/escargots/2639692.jpg,22
images/falafel/499581.jpg,23
images/club_sandwich/2874045.jpg,15
images/cannoli/2788362.jpg,7
images/cheese_plate/1609768.jpg,10
images/cheesecake/3562075.jpg,11
images/foie_gras/2727756.jpg,25
images/baklava/204909.jpg,1
images/cup_cakes/2947349.jpg,18
images/cannoli/1357129.jpg,7
images/fish_and_chips/731797.jpg,24
images/eggs_benedict/3610392.jpg,21
images/club_sandwich/2498535.jpg,15
images/escargots/554207.jpg,22
images/donuts/115428.jpg,19
images/apple_pie/2586267.jpg,0
images/edamame/561133.jpg,20
images/edamame/3367689.jpg,20
images/falafel/3168158.jpg,23
images/cheese_plate/788176.jpg,10
images/fish_and_chips/1542365.jpg,24
images/beet_salad/646245.jpg,3
images/eggs_benedict/3849770.jpg,21
images/fish_and_chips/1118825.jpg,24
images/baklava/3067354.jpg,1
images/cheese_plate/1182444.jpg,10
images/cannoli/151057.jpg,7
images/edamame/3024335.jpg,20
images/beet_salad/3716414.jpg,3
images/creme_brulee/3331337.jpg,17
images/beet_salad/2583766.jpg,3
images/cup_cakes/2388289.jpg,18
images/carrot_cake/223366.jpg,9
images/caprese_salad/1802120.jpg,8
images/crab_cakes/3293973.jpg,16
images/fish_and_chips/2885728.jpg,24
images/apple_pie/339902.jpg,0
images/edamame/1538978.jpg,20
images/cup_cakes/154146.jpg,18
images/crab_cakes/2932679.jpg,16
images/falafel/2762788.jpg,23
images/caesar_salad/2617305.jpg,6
images/edamame/3907459.jpg,20
images/beet_salad/3163828.jpg,3
images/beet_salad/2243988.jpg,3
images/eggs_benedict/438554.jpg,21
images/falafel/3708903.jpg,23
images/cheese_plate/2401051.jpg,10
images/beet_salad/1387418.jpg,3
images/escargots/1512632.jpg,22
images/edamame/567521.jpg,20
images/chicken_wings/1550444.jpg,12
images/cheese_plate/2245967.jpg,10
images/cannoli/2095196.jpg,7
images/churros/1248804.jpg,14
images/french_fries/3711232.jpg,26
images/cheesecake/3656529.jpg,11
images/creme_brulee/814839.jpg,17
images/foie_gras/462331.jpg,25
images/donuts/482588.jpg,19
images/chicken_wings/3826446.jpg,12
images/cannoli/416807.jpg,7
images/bruschetta/1111775.jpg,5
images/churros/1109507.jpg,14
images/edamame/519421.jpg,20
images/churros/2885040.jpg,14
images/chocolate_cake/3117730.jpg,13
images/cheese_plate/3515827.jpg,10
images/chicken_wings/2927350.jpg,12
images/bruschetta/2154512.jpg,5
images/caprese_salad/3122855.jpg,8
images/club_sandwich/3818633.jpg,15
images/creme_brulee/273611.jpg,17
images/cup_cakes/112438.jpg,18
images/cheesecake/1509393.jpg,11
images/cannoli/2942263.jpg,7
images/foie_gras/1617789.jpg,25
images/edamame/231718.jpg,20
images/fish_and_chips/623647.jpg,24
images/bruschetta/3364210.jpg,5
images/donuts/3824301.jpg,19
images/edamame/155242.jpg,20
images/carrot_cake/3463740.jpg,9
images/apple_pie/3021995.jpg,0
images/baklava/2252223.jpg,1
images/beignets/724810.jpg,4
images/donuts/2965162.jpg,19
images/caesar_salad/1438957.jpg,6
images/cheesecake/3216111.jpg,11
images/chicken_wings/2904310.jpg,12
images/carrot_cake/2114138.jpg,9
images/beignets/166007.jpg,4
images/french_fries/311779.jpg,26
images/edamame/2813905.jpg,20
images/churros/3442020.jpg,14
images/beef_carpaccio/290760.jpg,2
images/escargots/3407299.jpg,22
images/cheese_plate/3595904.jpg,10
images/foie_gras/989151.jpg,25
images/creme_brulee/3395676.jpg,17
images/eggs_benedict/1062556.jpg,21
images/falafel/1101019.jpg,23
images/chocolate_cake/2067510.jpg,13
images/beignets/1171859.jpg,4
images/foie_gras/678408.jpg,25
images/chicken_wings/3912765.jpg,12
images/crab_cakes/683785.jpg,16
images/cheese_plate/1033447.jpg,10
images/edamame/1114618.jpg,20
images/fish_and_chips/2535159.jpg,24
images/chocolate_cake/513871.jpg,13
images/bruschetta/3792377.jpg,5
images/club_sandwich/3852876.jpg,15
images/chocolate_cake/2056176.jpg,13
images/beignets/81202.jpg,4
images/cannoli/1079760.jpg,7
images/escargots/3051922.jpg,22
images/cheesecake/2687451.jpg,11
images/baklava/168495.jpg,1
images/caesar_salad/1584908.jpg,6
images/crab_cakes/1899662.jpg,16
images/creme_brulee/3035354.jpg,17
images/apple_pie/892425.jpg,0
images/chocolate_cake/3173111.jpg,13
images/chicken_wings/1285330.jpg,12
images/caprese_salad/3743061.jpg,8
images/fish_and_chips/47643.jpg,24
images/creme_brulee/2061711.jpg,17
images/escargots/1092224.jpg,22
images/escargots/592467.jpg,22
images/escargots/2046932.jpg,22
images/fish_and_chips/64422.jpg,24
images/club_sandwich/1097052.jpg,15
images/french_fries/571720.jpg,26
images/caesar_salad/1597821.jpg,6
images/bruschetta/634018.jpg,5
images/crab_cakes/738461.jpg,16
images/cheesecake/1387859.jpg,11
images/beignets/105576.jpg,4
images/cup_cakes/3832250.jpg,18
images/cheese_plate/1328720.jpg,10
images/french_fries/3681905.jpg,26
images/falafel/2050205.jpg,23
images/club_sandwich/949398.jpg,15
images/club_sandwich/2690138.jpg,15
images/bruschetta/3637118.jpg,5
images/caesar_salad/1073540.jpg,6
images/escargots/1141740.jpg,22
images/cannoli/380958.jpg,7
images/cup_cakes/424651.jpg,18
images/churros/3205589.jpg,14
images/cheese_plate/2937080.jpg,10
images/foie_gras/345779.jpg,25
images/french_fries/3284906.jpg,26
images/foie_gras/29668.jpg,25
images/baklava/881362.jpg,1
images/baklava/1448425.jpg,1
images/cheese_plate/1721054.jpg,10
images/eggs_benedict/642958.jpg,21
images/beef_carpaccio/672200.jpg,2
images/beef_carpaccio/2103010.jpg,2
images/beignets/2924898.jpg,4
images/chocolate_cake/1902144.jpg,13
images/beignets/1939298.jpg,4
images/escargots/3252097.jpg,22
images/escargots/557656.jpg,22
images/chocolate_cake/1676909.jpg,13
images/chocolate_cake/1417533.jpg,13
images/donuts/242291.jpg,19
images/bruschetta/3353967.jpg,5
images/french_fries/1469308.jpg,26
images/french_fries/2406476.jpg,26
images/apple_pie/1348788.jpg,0
images/eggs_benedict/818556.jpg,21
images/cheesecake/165910.jpg,11
images/cheesecake/901928.jpg,11
images/baklava/1918740.jpg,1
images/foie_gras/1144304.jpg,25
images/beignets/35253.jpg,4
images/crab_cakes/3564151.jpg,16
images/bruschetta/108344.jpg,5
images/escargots/3317999.jpg,22
images/creme_brulee/1517853.jpg,17
images/cannoli/134091.jpg,7
images/crab_cakes/2216194.jpg,16
images/cheesecake/3545341.jpg,11
images/cheese_plate/3496014.jpg,10
images/apple_pie/3280622.jpg,0
images/chicken_wings/90831.jpg,12
images/foie_gras/3283932.jpg,25
images/caesar_salad/1368866.jpg,6
images/cannoli/1521446.jpg,7
images/foie_gras/197255.jpg,25
images/beef_carpaccio/3149924.jpg,2
images/apple_pie/2523219.jpg,0
images/baklava/1129329.jpg,1
images/chicken_wings/1747188.jpg,12
images/beet_salad/2126460.jpg,3
images/bruschetta/1469989.jpg,5
images/escargots/2041923.jpg,22
images/baklava/1742002.jpg,1
images/beignets/1949383.jpg,4
images/creme_brulee/2766155.jpg,17
images/donuts/2494998.jpg,19
images/creme_brulee/1040392.jpg,17
images/apple_pie/1399051.jpg,0
images/beef_carpaccio/372148.jpg,2
images/french_fries/50277.jpg,26
images/edamame/1382963.jpg,20
images/donuts/1021740.jpg,19
images/edamame/1202767.jpg,20
images/french_fries/771459.jpg,26
images/churros/822987.jpg,14
images/foie_gras/583062.jpg,25
images/foie_gras/574338.jpg,25
images/baklava/3468496.jpg,1
images/french_fries/1089500.jpg,26
images/bruschetta/2692413.jpg,5
images/crab_cakes/3354747.jpg,16
images/beef_carpaccio/1988497.jpg,2
images/club_sandwich/2400826.jpg,15
images/apple_pie/1322211.jpg,0
images/cannoli/1187138.jpg,7
images/bruschetta/3559575.jpg,5
images/caesar_salad/1425505.jpg,6
images/apple_pie/451719.jpg,0
images/foie_gras/576688.jpg,25
images/cup_cakes/1613861.jpg,18
images/chicken_wings/230375.jpg,12
images/cup_cakes/2734000.jpg,18
images/cannoli/1187137.jpg,7
images/chocolate_cake/3087452.jpg,13
images/chicken_wings/3085619.jpg,12
images/donuts/161541.jpg,19
images/falafel/1343482.jpg,23
images/apple_pie/2615584.jpg,0
images/creme_brulee/300216.jpg,17
images/beet_salad/2688754.jpg,3
images/escargots/861597.jpg,22
images/donuts/2110322.jpg,19
images/fish_and_chips/3582300.jpg,24
images/escargots/1011707.jpg,22
images/cannoli/979187.jpg,7
images/beignets/1532761.jpg,4
images/chicken_wings/1689953.jpg,12
images/bruschetta/2111168.jpg,5
images/fish_and_chips/2901341.jpg,24
images/edamame/3543213.jpg,20
images/fish_and_chips/3394055.jpg,24
images/chocolate_cake/370159.jpg,13
images/crab_cakes/3051548.jpg,16
images/caprese_salad/2558274.jpg,8
images/beignets/2898475.jpg,4
images/cheesecake/3369593.jpg,11
images/cup_cakes/243310.jpg,18
images/edamame/91319.jpg,20
images/eggs_benedict/3798596.jpg,21
images/beignets/3477434.jpg,4
images/apple_pie/3590485.jpg,0
images/carrot_cake/1314300.jpg,9
images/donuts/1282656.jpg,19
images/beignets/957130.jpg,4
images/foie_gras/3521615.jpg,25
images/beef_carpaccio/996418.jpg,2
images/club_sandwich/1825791.jpg,15
images/cheese_plate/3129501.jpg,10
images/donuts/633545.jpg,19
images/foie_gras/473317.jpg,25
images/crab_cakes/3018362.jpg,16
images/caprese_salad/1987904.jpg,8
images/caprese_salad/3769290.jpg,8
images/cannoli/1922681.jpg,7
images/beignets/2127257.jpg,4
images/escargots/3860524.jpg,22
images/beignets/3438314.jpg,4
images/crab_cakes/2363165.jpg,16
images/eggs_benedict/1378596.jpg,21
images/beef_carpaccio/2701582.jpg,2
images/cup_cakes/346017.jpg,18
images/falafel/3377329.jpg,23
images/french_fries/885543.jpg,26
images/cannoli/976685.jpg,7
images/creme_brulee/3879767.jpg,17
images/beef_carpaccio/1916148.jpg,2
images/club_sandwich/1127992.jpg,15
images/fish_and_chips/2655836.jpg,24
images/club_sandwich/3716163.jpg,15
images/creme_brulee/2156320.jpg,17
images/fish_and_chips/1744840.jpg,24
images/beignets/2228498.jpg,4
images/cheese_plate/1627902.jpg,10
images/chicken_wings/2303238.jpg,12
images/carrot_cake/2109715.jpg,9
images/beignets/3492509.jpg,4
images/eggs_benedict/939197.jpg,21
images/falafel/2631181.jpg,23
images/baklava/1851423.jpg,1
images/baklava/2461257.jpg,1
images/cup_cakes/1694617.jpg,18
images/chocolate_cake/568408.jpg,13
images/escargots/97976.jpg,22
images/beef_carpaccio/1332898.jpg,2
images/french_fries/1192860.jpg,26
images/cup_cakes/760134.jpg,18
images/beef_carpaccio/2789409.jpg,2
images/beet_salad/1284036.jpg,3
images/foie_gras/2008945.jpg,25
images/french_fries/2901457.jpg,26
images/club_sandwich/1465578.jpg,15
images/chicken_wings/1868095.jpg,12
images/crab_cakes/8578.jpg,16
images/beet_salad/2655588.jpg,3
images/cheesecake/3857640.jpg,11
images/foie_gras/1146464.jpg,25
images/escargots/878274.jpg,22
images/beignets/806354.jpg,4
images/apple_pie/265928.jpg,0
images/apple_pie/1670009.jpg,0
images/crab_cakes/157450.jpg,16
images/cannoli/2243472.jpg,7
images/caprese_salad/2056956.jpg,8
images/club_sandwich/2083123.jpg,15
images/apple_pie/2546216.jpg,0
images/foie_gras/2883281.jpg,25
images/apple_pie/973428.jpg,0
images/caesar_salad/1722791.jpg,6
images/chicken_wings/252671.jpg,12
images/chocolate_cake/515043.jpg,13
images/cup_cakes/47748.jpg,18
images/baklava/2153912.jpg,1
images/bruschetta/770721.jpg,5
images/french_fries/1659097.jpg,26
images/bruschetta/2935741.jpg,5
images/creme_brulee/3011870.jpg,17
images/cannoli/2540585.jpg,7
images/apple_pie/839808.jpg,0
images/baklava/3482493.jpg,1
images/beignets/329653.jpg,4
images/caprese_salad/2339891.jpg,8
images/edamame/1952856.jpg,20
images/baklava/307354.jpg,1
images/eggs_benedict/3875987.jpg,21
images/french_fries/409314.jpg,26
images/beef_carpaccio/2649866.jpg,2
images/donuts/2024290.jpg,19
images/french_fries/3338239.jpg,26
images/cheesecake/2317205.jpg,11
images/club_sandwich/1470580.jpg,15
images/carrot_cake/3429108.jpg,9
images/beet_salad/136192.jpg,3
images/baklava/3172169.jpg,1
images/fish_and_chips/89334.jpg,24
images/cheese_plate/943538.jpg,10
images/beet_salad/37371.jpg,3
images/chicken_wings/1613128.jpg,12
images/churros/3431478.jpg,14
images/eggs_benedict/562044.jpg,21
images/cheesecake/611864.jpg,11
images/club_sandwich/813886.jpg,15
images/chocolate_cake/901472.jpg,13
images/caprese_salad/1632771.jpg,8
images/club_sandwich/3335971.jpg,15
images/chocolate_cake/2270943.jpg,13
images/carrot_cake/2269627.jpg,9
images/chocolate_cake/1787059.jpg,13
images/churros/3513246.jpg,14
images/crab_cakes/2117509.jpg,16
images/escargots/3316674.jpg,22
images/cheese_plate/942657.jpg,10
images/club_sandwich/2924107.jpg,15
images/bruschetta/3845843.jpg,5
images/fish_and_chips/1889217.jpg,24
images/chocolate_cake/1144357.jpg,13
images/donuts/3280246.jpg,19
images/donuts/2563686.jpg,19
images/caprese_salad/3888592.jpg,8
images/french_fries/950224.jpg,26
images/cheese_plate/2397814.jpg,10
images/caesar_salad/1369581.jpg,6
images/chicken_wings/1384956.jpg,12
images/club_sandwich/3352000.jpg,15
images/caprese_salad/1272503.jpg,8
images/chicken_wings/649842.jpg,12
images/beignets/1091301.jpg,4
images/baklava/2209150.jpg,1
images/club_sandwich/712204.jpg,15
images/donuts/794409.jpg,19
images/edamame/2230669.jpg,20
images/creme_brulee/1286773.jpg,17
images/baklava/3614262.jpg,1
images/crab_cakes/3456299.jpg,16
images/chicken_wings/197665.jpg,12
images/fish_and_chips/1072334.jpg,24
images/cheese_plate/337588.jpg,10
images/cheesecake/2698163.jpg,11
images/foie_gras/2066000.jpg,25
images/club_sandwich/3512212.jpg,15
images/churros/3372519.jpg,14
images/fish_and_chips/1123342.jpg,24
images/cup_cakes/396864.jpg,18
images/chicken_wings/2834233.jpg,12
images/churros/977938.jpg,14
images/chocolate_cake/3917741.jpg,13
images/edamame/789564.jpg,20
images/club_sandwich/3875136.jpg,15
images/chocolate_cake/627309.jpg,13
images/falafel/1423746.jpg,23
images/caprese_salad/2657590.jpg,8
images/falafel/1303207.jpg,23
images/caesar_salad/2344707.jpg,6
images/carrot_cake/213404.jpg,9
images/chicken_wings/2150746.jpg,12
images/carrot_cake/3342954.jpg,9
images/caprese_salad/2549271.jpg,8
images/cannoli/770200.jpg,7
images/chocolate_cake/2086940.jpg,13
images/chocolate_cake/3229898.jpg,13
images/chocolate_cake/62855.jpg,13
images/falafel/1907718.jpg,23
images/cheesecake/3814233.jpg,11
images/baklava/1765799.jpg,1
images/cheesecake/3471329.jpg,11
images/creme_brulee/2049356.jpg,17
images/cannoli/213694.jpg,7
images/beet_salad/1324940.jpg,3
images/carrot_cake/729786.jpg,9
images/cannoli/1033510.jpg,7
images/bruschetta/1136794.jpg,5
images/donuts/3654140.jpg,19
images/fish_and_chips/3537615.jpg,24
images/caprese_salad/3042563.jpg,8
images/caesar_salad/432805.jpg,6
images/french_fries/3030315.jpg,26
images/apple_pie/3287607.jpg,0
images/donuts/2809069.jpg,19
images/cup_cakes/569910.jpg,18
images/falafel/1318261.jpg,23
images/foie_gras/2698714.jpg,25
images/carrot_cake/3234478.jpg,9
images/beef_carpaccio/3869294.jpg,2
images/eggs_benedict/762164.jpg,21
images/falafel/2413302.jpg,23
images/cup_cakes/2913137.jpg,18
images/eggs_benedict/366595.jpg,21
images/cup_cakes/81705.jpg,18
images/edamame/1893450.jpg,20
images/cheese_plate/2755100.jpg,10
images/baklava/1451510.jpg,1
images/cheesecake/1021942.jpg,11
images/bruschetta/2386525.jpg,5
images/foie_gras/897496.jpg,25
images/escargots/364726.jpg,22
images/french_fries/696257.jpg,26
images/bruschetta/1445922.jpg,5
images/apple_pie/3809728.jpg,0
images/beet_salad/3905577.jpg,3
images/beet_salad/1757057.jpg,3
images/chicken_wings/26597.jpg,12
images/beignets/48150.jpg,4
images/donuts/551228.jpg,19
images/fish_and_chips/2363485.jpg,24
images/beet_salad/2659122.jpg,3
images/chicken_wings/2334352.jpg,12
images/creme_brulee/2391270.jpg,17
images/carrot_cake/3767628.jpg,9
images/eggs_benedict/2308264.jpg,21
images/beef_carpaccio/1462959.jpg,2
images/eggs_benedict/2248962.jpg,21
images/crab_cakes/2213242.jpg,16
images/baklava/3622553.jpg,1
images/caprese_salad/3054013.jpg,8
images/beef_carpaccio/3469865.jpg,2
images/fish_and_chips/534192.jpg,24
images/donuts/3234687.jpg,19
images/escargots/3692551.jpg,22
images/beet_salad/2925618.jpg,3
images/bruschetta/2192484.jpg,5
images/caesar_salad/2110393.jpg,6
images/apple_pie/321197.jpg,0
images/falafel/1445734.jpg,23
images/donuts/2901287.jpg,19
images/french_fries/848492.jpg,26
images/edamame/3301018.jpg,20
images/cannoli/1976606.jpg,7
images/falafel/953274.jpg,23
images/caprese_salad/763184.jpg,8
images/fish_and_chips/463619.jpg,24
images/caprese_salad/1864395.jpg,8
images/foie_gras/2355725.jpg,25
images/fish_and_chips/3730997.jpg,24
images/caesar_salad/1560776.jpg,6
images/churros/2513690.jpg,14
images/caprese_salad/3165307.jpg,8
images/apple_pie/986844.jpg,0
images/carrot_cake/3406288.jpg,9
images/chocolate_cake/3013035.jpg,13
images/crab_cakes/401028.jpg,16
images/churros/137086.jpg,14
images/cheese_plate/109241.jpg,10
images/caprese_salad/3373751.jpg,8
images/edamame/713280.jpg,20
images/edamame/454138.jpg,20
images/chicken_wings/3000835.jpg,12
images/cup_cakes/680880.jpg,18
images/foie_gras/2756992.jpg,25
images/edamame/867470.jpg,20
images/beet_salad/1089986.jpg,3
images/bruschetta/1678573.jpg,5
images/club_sandwich/2577147.jpg,15
images/creme_brulee/1506776.jpg,17
images/chicken_wings/3015442.jpg,12
images/apple_pie/3233920.jpg,0
images/foie_gras/129104.jpg,25
images/edamame/1615589.jpg,20
images/chocolate_cake/2881361.jpg,13
images/creme_brulee/34249.jpg,17
images/french_fries/2325575.jpg,26
images/escargots/1592991.jpg,22
images/creme_brulee/2615074.jpg,17
images/bruschetta/2204878.jpg,5
images/creme_brulee/2475372.jpg,17
images/creme_brulee/2448253.jpg,17
images/cannoli/224628.jpg,7
images/bruschetta/3895467.jpg,5
images/creme_brulee/2802506.jpg,17
images/donuts/2983246.jpg,19
images/beet_salad/781947.jpg,3
images/foie_gras/1891195.jpg,25
images/chocolate_cake/3169533.jpg,13
images/cannoli/491383.jpg,7
images/eggs_benedict/814056.jpg,21
images/beef_carpaccio/2831573.jpg,2
images/chicken_wings/874578.jpg,12
images/beef_carpaccio/3182596.jpg,2
images/foie_gras/3066090.jpg,25
images/edamame/3724602.jpg,20
images/caprese_salad/2862826.jpg,8
images/caprese_salad/2505880.jpg,8
images/caprese_salad/2391601.jpg,8
images/apple_pie/1481550.jpg,0
images/edamame/105879.jpg,20
images/apple_pie/3691035.jpg,0
images/caprese_salad/2399190.jpg,8
images/edamame/2766678.jpg,20
images/eggs_benedict/59345.jpg,21
images/donuts/3403546.jpg,19
images/escargots/225653.jpg,22
images/chicken_wings/1345426.jpg,12
images/french_fries/1295274.jpg,26
images/creme_brulee/2319223.jpg,17
images/beef_carpaccio/619869.jpg,2
images/baklava/2308035.jpg,1
images/caprese_salad/355229.jpg,8
images/crab_cakes/1505432.jpg,16
images/cheesecake/3014021.jpg,11
images/beignets/2748795.jpg,4
images/cup_cakes/1889695.jpg,18
images/baklava/3869836.jpg,1
images/churros/2228910.jpg,14
images/fish_and_chips/818864.jpg,24
images/caesar_salad/3236889.jpg,6
images/foie_gras/912000.jpg,25
images/beef_carpaccio/2959465.jpg,2
images/beignets/2768778.jpg,4
images/donuts/2702384.jpg,19
images/club_sandwich/863416.jpg,15
images/cup_cakes/1271147.jpg,18
images/club_sandwich/3676732.jpg,15
images/caesar_salad/2129206.jpg,6
images/beignets/276066.jpg,4
images/caprese_salad/883688.jpg,8
images/crab_cakes/908592.jpg,16
images/caprese_salad/2719211.jpg,8
images/cannoli/278631.jpg,7
images/club_sandwich/3764842.jpg,15
images/beef_carpaccio/2441398.jpg,2
images/bruschetta/2271915.jpg,5
images/chicken_wings/1608846.jpg,12
images/eggs_benedict/3491515.jpg,21
images/cheese_plate/1659737.jpg,10
images/cheesecake/319547.jpg,11
images/foie_gras/1703792.jpg,25
images/beignets/1829549.jpg,4
images/fish_and_chips/867221.jpg,24
images/escargots/2678427.jpg,22
images/french_fries/3274074.jpg,26
images/eggs_benedict/2838508.jpg,21
images/club_sandwich/1552871.jpg,15
images/baklava/370124.jpg,1
images/churros/97416.jpg,14
images/chocolate_cake/1811618.jpg,13
images/creme_brulee/1704491.jpg,17
images/bruschetta/3162064.jpg,5
images/edamame/2466568.jpg,20
images/eggs_benedict/1420896.jpg,21
images/edamame/3301016.jpg,20
images/crab_cakes/3665165.jpg,16
images/chocolate_cake/2216578.jpg,13
images/french_fries/275673.jpg,26
images/eggs_benedict/3669416.jpg,21
images/french_fries/331674.jpg,26
images/beignets/1026127.jpg,4
images/foie_gras/3470415.jpg,25
images/apple_pie/3139762.jpg,0
images/foie_gras/1152850.jpg,25
images/foie_gras/3062927.jpg,25
images/chicken_wings/2814529.jpg,12
images/escargots/275269.jpg,22
images/chicken_wings/1079469.jpg,12
images/eggs_benedict/2455412.jpg,21
images/fish_and_chips/1961695.jpg,24
images/foie_gras/1750704.jpg,25
images/donuts/2764058.jpg,19
images/beignets/501923.jpg,4
images/beet_salad/3626888.jpg,3
images/donuts/1581488.jpg,19
images/eggs_benedict/1285393.jpg,21
images/beignets/294671.jpg,4
images/caprese_salad/2336425.jpg,8
images/creme_brulee/407800.jpg,17
images/french_fries/2150187.jpg,26
images/fish_and_chips/1688780.jpg,24
images/fish_and_chips/2463876.jpg,24
images/beet_salad/3132380.jpg,3
images/eggs_benedict/2806323.jpg,21
images/club_sandwich/2457023.jpg,15
images/cheesecake/971470.jpg,11
images/edamame/3826343.jpg,20
images/cannoli/3726480.jpg,7
images/club_sandwich/615648.jpg,15
images/donuts/1040226.jpg,19
images/caprese_salad/666910.jpg,8
images/fish_and_chips/975592.jpg,24
images/cannoli/2907043.jpg,7
images/apple_pie/2967700.jpg,0
images/donuts/2993628.jpg,19
images/edamame/470133.jpg,20
images/carrot_cake/2370964.jpg,9
images/club_sandwich/3592290.jpg,15
images/fish_and_chips/2009997.jpg,24
images/carrot_cake/2643464.jpg,9
images/apple_pie/3267436.jpg,0
images/crab_cakes/661436.jpg,16
images/churros/2965940.jpg,14
images/fish_and_chips/2264583.jpg,24
images/beet_salad/2188699.jpg,3
images/edamame/1565127.jpg,20
images/falafel/833761.jpg,23
images/baklava/3697640.jpg,1
images/beef_carpaccio/2997581.jpg,2
images/foie_gras/2787447.jpg,25
images/beet_salad/58733.jpg,3
images/creme_brulee/1879138.jpg,17
images/eggs_benedict/2400409.jpg,21
images/eggs_benedict/3167228.jpg,21
images/carrot_cake/1100594.jpg,9
images/beignets/2571678.jpg,4
images/chicken_wings/1520354.jpg,12
images/cheesecake/1167173.jpg,11
images/carrot_cake/1975073.jpg,9
images/cheese_plate/3819747.jpg,10
images/creme_brulee/3066603.jpg,17
images/creme_brulee/986485.jpg,17
images/donuts/1590095.jpg,19
images/caprese_salad/1247706.jpg,8
images/cup_cakes/2681528.jpg,18
images/apple_pie/829949.jpg,0
images/escargots/559246.jpg,22
images/caprese_salad/1350286.jpg,8
images/club_sandwich/977933.jpg,15
images/caprese_salad/3735346.jpg,8
images/escargots/836786.jpg,22
images/cannoli/273944.jpg,7
images/crab_cakes/299479.jpg,16
images/foie_gras/3368195.jpg,25
images/edamame/684483.jpg,20
images/foie_gras/566380.jpg,25
images/cannoli/540975.jpg,7
images/cannoli/573221.jpg,7
images/apple_pie/2088064.jpg,0
images/foie_gras/1252309.jpg,25
images/caesar_salad/3439225.jpg,6
images/eggs_benedict/2531317.jpg,21
images/bruschetta/3005235.jpg,5
images/foie_gras/2385968.jpg,25
images/eggs_benedict/3315363.jpg,21
images/donuts/2796329.jpg,19
images/foie_gras/3429154.jpg,25
images/creme_brulee/2961181.jpg,17
images/cheese_plate/3920351.jpg,10
images/churros/1679284.jpg,14
images/fish_and_chips/1890276.jpg,24
images/apple_pie/2804953.jpg,0
images/eggs_benedict/106002.jpg,21
images/fish_and_chips/2300504.jpg,24
images/cup_cakes/753616.jpg,18
images/creme_brulee/198150.jpg,17
images/cup_cakes/3002732.jpg,18
images/beef_carpaccio/531108.jpg,2
images/club_sandwich/1927196.jpg,15
images/french_fries/303460.jpg,26
images/falafel/235831.jpg,23
images/caprese_salad/2353879.jpg,8
images/falafel/949664.jpg,23
images/churros/3630204.jpg,14
images/club_sandwich/930407.jpg,15
images/french_fries/184954.jpg,26
images/bruschetta/714238.jpg,5
images/french_fries/2029410.jpg,26
images/apple_pie/3814952.jpg,0
images/cup_cakes/212592.jpg,18
images/escargots/3781775.jpg,22
images/cheese_plate/2515900.jpg,10
images/cup_cakes/2647131.jpg,18
images/apple_pie/2402925.jpg,0
images/crab_cakes/146590.jpg,16
images/beet_salad/1518923.jpg,3
images/club_sandwich/1713270.jpg,15
images/falafel/1893645.jpg,23
images/carrot_cake/1743623.jpg,9
images/carrot_cake/1912921.jpg,9
images/beignets/1408249.jpg,4
images/chocolate_cake/3642655.jpg,13
images/club_sandwich/1290943.jpg,15
images/falafel/806067.jpg,23
images/foie_gras/943498.jpg,25
images/club_sandwich/2026469.jpg,15
images/falafel/2848502.jpg,23
images/creme_brulee/919228.jpg,17
images/cannoli/3610659.jpg,7
images/chicken_wings/1315547.jpg,12
images/eggs_benedict/2549490.jpg,21
images/cheese_plate/17721.jpg,10
images/apple_pie/323108.jpg,0
images/beet_salad/2756406.jpg,3
images/cheese_plate/1030865.jpg,10
images/fish_and_chips/825429.jpg,24
images/apple_pie/2034818.jpg,0
images/club_sandwich/2561314.jpg,15
images/cheese_plate/3520078.jpg,10
images/baklava/1122727.jpg,1
images/eggs_benedict/3626262.jpg,21
images/cup_cakes/1222807.jpg,18
images/baklava/3621493.jpg,1
images/chocolate_cake/3806228.jpg,13
images/escargots/2995220.jpg,22
images/cup_cakes/3209445.jpg,18
images/eggs_benedict/1809068.jpg,21
images/carrot_cake/2135547.jpg,9
images/cheese_plate/617701.jpg,10
images/french_fries/2487311.jpg,26
images/crab_cakes/35309.jpg,16
images/baklava/3466217.jpg,1
images/beet_salad/765893.jpg,3
images/cheesecake/264328.jpg,11
images/caesar_salad/2737798.jpg,6
images/creme_brulee/392008.jpg,17
images/caprese_salad/2765033.jpg,8
images/caprese_salad/2948368.jpg,8
images/foie_gras/1141450.jpg,25
images/chicken_wings/2640118.jpg,12
images/beet_salad/3568778.jpg,3
images/crab_cakes/1094596.jpg,16
images/beet_salad/3094600.jpg,3
images/falafel/3786829.jpg,23
images/bruschetta/3268163.jpg,5
images/creme_brulee/706409.jpg,17
images/churros/2097629.jpg,14
images/fish_and_chips/1435401.jpg,24
images/beet_salad/3600206.jpg,3
images/creme_brulee/260842.jpg,17
images/donuts/246487.jpg,19
images/fish_and_chips/3647349.jpg,24
images/eggs_benedict/1355515.jpg,21
images/cheesecake/1752942.jpg,11
images/edamame/1960149.jpg,20
images/chicken_wings/1354432.jpg,12
images/falafel/3167688.jpg,23
images/escargots/2118552.jpg,22
images/apple_pie/590327.jpg,0
images/carrot_cake/462075.jpg,9
images/cannoli/1999962.jpg,7
images/beef_carpaccio/1307126.jpg,2
images/falafel/2608463.jpg,23
images/beef_carpaccio/2651580.jpg,2
images/cannoli/576506.jpg,7
images/cheese_plate/2200991.jpg,10
images/cannoli/760590.jpg,7
images/cheesecake/3351977.jpg,11
images/apple_pie/3547012.jpg,0
images/beet_salad/3156249.jpg,3
images/crab_cakes/2962733.jpg,16
images/caesar_salad/3388096.jpg,6
images/donuts/3285476.jpg,19
images/beef_carpaccio/1747925.jpg,2
images/edamame/1821106.jpg,20
images/churros/1980483.jpg,14
images/beef_carpaccio/2313963.jpg,2
images/fish_and_chips/1988141.jpg,24
images/bruschetta/2251937.jpg,5
images/bruschetta/3579764.jpg,5
images/fish_and_chips/801805.jpg,24
images/bruschetta/2719095.jpg,5
images/creme_brulee/1754879.jpg,17
images/beignets/3517974.jpg,4
images/club_sandwich/178921.jpg,15
images/club_sandwich/1307549.jpg,15
images/caesar_salad/2623438.jpg,6
images/churros/3417372.jpg,14
images/chocolate_cake/2803745.jpg,13
images/club_sandwich/132286.jpg,15
images/crab_cakes/867142.jpg,16
images/cannoli/2101496.jpg,7
images/apple_pie/229142.jpg,0
images/eggs_benedict/3917453.jpg,21
images/caesar_salad/2431872.jpg,6
images/crab_cakes/1326909.jpg,16
images/chicken_wings/314237.jpg,12
images/beet_salad/1979823.jpg,3
images/fish_and_chips/2096389.jpg,24
images/crab_cakes/197943.jpg,16
images/escargots/3282981.jpg,22
images/eggs_benedict/641660.jpg,21
images/escargots/2476031.jpg,22
images/chocolate_cake/1141793.jpg,13
images/donuts/611956.jpg,19
images/edamame/2762509.jpg,20
images/cheese_plate/1509130.jpg,10
images/cheesecake/361721.jpg,11
images/creme_brulee/522554.jpg,17
images/cheese_plate/20251.jpg,10
images/carrot_cake/3282155.jpg,9
images/beet_salad/3246685.jpg,3
images/falafel/2912388.jpg,23
images/churros/1931612.jpg,14
images/cheese_plate/1288069.jpg,10
images/edamame/2759479.jpg,20
images/churros/3162034.jpg,14
images/cheesecake/3041449.jpg,11
images/cup_cakes/417150.jpg,18
images/creme_brulee/2421242.jpg,17
images/cheesecake/2477757.jpg,11
images/cannoli/421040.jpg,7
images/beignets/3768355.jpg,4
images/chicken_wings/3148129.jpg,12
images/escargots/2834146.jpg,22
images/edamame/3760788.jpg,20
images/bruschetta/683477.jpg,5
images/beet_salad/629130.jpg,3
images/churros/2807096.jpg,14
images/foie_gras/2441841.jpg,25
images/chocolate_cake/2461594.jpg,13
images/churros/385505.jpg,14
images/escargots/3448000.jpg,22
images/beef_carpaccio/3700336.jpg,2
images/baklava/3732206.jpg,1
images/escargots/3122028.jpg,22
images/escargots/3587901.jpg,22
images/chocolate_cake/3613212.jpg,13
images/fish_and_chips/995133.jpg,24
images/french_fries/3285020.jpg,26
images/club_sandwich/1971725.jpg,15
images/chicken_wings/611655.jpg,12
images/chocolate_cake/3741239.jpg,13
images/chicken_wings/2037891.jpg,12
images/escargots/261964.jpg,22
images/club_sandwich/1813853.jpg,15
images/cheesecake/566008.jpg,11
images/bruschetta/2264135.jpg,5
images/crab_cakes/762970.jpg,16
images/crab_cakes/1117832.jpg,16
images/caprese_salad/2147642.jpg,8
images/cannoli/359534.jpg,7
images/beef_carpaccio/1037991.jpg,2
images/edamame/2601284.jpg,20
images/foie_gras/3459254.jpg,25
images/creme_brulee/3638831.jpg,17
images/club_sandwich/815919.jpg,15
images/edamame/1753683.jpg,20
images/foie_gras/144285.jpg,25
images/falafel/2572537.jpg,23
images/fish_and_chips/1063281.jpg,24
images/club_sandwich/1536586.jpg,15
images/caprese_salad/299153.jpg,8
images/escargots/2022296.jpg,22
images/chicken_wings/3385347.jpg,12
images/escargots/3106181.jpg,22
images/bruschetta/1880903.jpg,5
images/edamame/2556744.jpg,20
images/creme_brulee/1358946.jpg,17
images/caprese_salad/881000.jpg,8
images/creme_brulee/2492251.jpg,17
images/baklava/2408487.jpg,1
images/foie_gras/1420888.jpg,25
images/edamame/3855226.jpg,20
images/cannoli/2094338.jpg,7
images/eggs_benedict/3072625.jpg,21
images/carrot_cake/2771640.jpg,9
images/beignets/663907.jpg,4
images/french_fries/1215903.jpg,26
images/bruschetta/3909496.jpg,5
images/caprese_salad/712076.jpg,8
images/carrot_cake/2098141.jpg,9
images/cup_cakes/1264740.jpg,18
images/eggs_benedict/2322250.jpg,21
images/falafel/3457567.jpg,23
images/caesar_salad/1351688.jpg,6
images/caprese_salad/2903117.jpg,8
images/eggs_benedict/158747.jpg,21
images/baklava/2267066.jpg,1
images/fish_and_chips/1593883.jpg,24
images/cup_cakes/3758590.jpg,18
images/cheesecake/492848.jpg,11
images/edamame/2534513.jpg,20
images/beef_carpaccio/631319.jpg,2
images/club_sandwich/1648374.jpg,15
images/crab_cakes/1761137.jpg,16
images/beignets/1781272.jpg,4
images/fish_and_chips/959768.jpg,24
images/beignets/2275845.jpg,4
images/club_sandwich/3132951.jpg,15
images/fish_and_chips/751024.jpg,24
images/foie_gras/2144857.jpg,25
images/foie_gras/363284.jpg,25
images/cup_cakes/241669.jpg,18
images/donuts/667338.jpg,19
images/eggs_benedict/1838125.jpg,21
images/cannoli/918878.jpg,7
images/chicken_wings/3902858.jpg,12
images/creme_brulee/748938.jpg,17
images/caprese_salad/3045213.jpg,8
images/club_sandwich/1152751.jpg,15
images/baklava/647337.jpg,1
images/cheese_plate/2342984.jpg,10
images/foie_gras/2055360.jpg,25
images/chocolate_cake/3021109.jpg,13
images/chicken_wings/1246247.jpg,12
images/churros/3306440.jpg,14
images/cheese_plate/2626922.jpg,10
images/bruschetta/3244297.jpg,5
images/apple_pie/3175105.jpg,0
images/beignets/3106095.jpg,4
images/caprese_salad/2336512.jpg,8
images/foie_gras/3385929.jpg,25
images/foie_gras/625743.jpg,25
images/churros/2031930.jpg,14
images/french_fries/2093949.jpg,26
images/creme_brulee/2218106.jpg,17
images/fish_and_chips/2825748.jpg,24
images/eggs_benedict/1372223.jpg,21
images/crab_cakes/2450062.jpg,16
images/cup_cakes/134310.jpg,18
images/beet_salad/3622521.jpg,3
images/french_fries/2530422.jpg,26
images/beef_carpaccio/3114203.jpg,2
images/edamame/538857.jpg,20
images/beef_carpaccio/954111.jpg,2
images/chocolate_cake/1295271.jpg,13
images/falafel/1008896.jpg,23
images/churros/1966162.jpg,14
images/caprese_salad/1621053.jpg,8
images/beet_salad/53.jpg,3
images/apple_pie/1847621.jpg,0
images/fish_and_chips/312145.jpg,24
images/foie_gras/2301121.jpg,25
images/beignets/648179.jpg,4
images/creme_brulee/41881.jpg,17
images/chicken_wings/3536403.jpg,12
images/apple_pie/1830582.jpg,0
images/churros/1213996.jpg,14
images/apple_pie/2380340.jpg,0
images/cheesecake/972877.jpg,11
images/cup_cakes/3146827.jpg,18
images/caprese_salad/888143.jpg,8
images/edamame/969509.jpg,20
images/churros/3108547.jpg,14
images/foie_gras/1848287.jpg,25
images/beef_carpaccio/2000119.jpg,2
images/cheesecake/1142851.jpg,11
images/baklava/789354.jpg,1
images/cannoli/984353.jpg,7
images/carrot_cake/1970230.jpg,9
images/churros/613046.jpg,14
images/chicken_wings/201324.jpg,12
images/club_sandwich/2236792.jpg,15
images/chocolate_cake/2728721.jpg,13
images/beet_salad/2046163.jpg,3
images/cheese_plate/2213823.jpg,10
images/beet_salad/140878.jpg,3
images/crab_cakes/786141.jpg,16
images/caesar_salad/2462575.jpg,6
images/creme_brulee/311682.jpg,17
images/churros/2085760.jpg,14
images/club_sandwich/2092938.jpg,15
images/edamame/2189506.jpg,20
images/chicken_wings/564006.jpg,12
images/eggs_benedict/1104222.jpg,21
images/escargots/92318.jpg,22
images/carrot_cake/715388.jpg,9
images/cheese_plate/617703.jpg,10
images/baklava/405779.jpg,1
images/cup_cakes/369628.jpg,18
images/cheesecake/3598110.jpg,11
images/churros/1155176.jpg,14
images/chocolate_cake/3879193.jpg,13
images/cheesecake/2336166.jpg,11
images/beef_carpaccio/1742911.jpg,2
images/caprese_salad/1457870.jpg,8
images/crab_cakes/1909835.jpg,16
images/edamame/2267220.jpg,20
images/foie_gras/2674860.jpg,25
images/donuts/3049824.jpg,19
images/cup_cakes/69570.jpg,18
images/escargots/3520881.jpg,22
images/edamame/300518.jpg,20
images/falafel/2056166.jpg,23
images/beet_salad/830088.jpg,3
images/club_sandwich/2248499.jpg,15
images/chicken_wings/3333784.jpg,12
images/cannoli/974901.jpg,7
images/chocolate_cake/1370651.jpg,13
images/donuts/1933395.jpg,19
images/carrot_cake/3688584.jpg,9
images/chocolate_cake/3359968.jpg,13
images/escargots/400420.jpg,22
images/falafel/2077451.jpg,23
images/carrot_cake/2898429.jpg,9
images/falafel/2253037.jpg,23
images/bruschetta/2127455.jpg,5
images/crab_cakes/1749863.jpg,16
images/bruschetta/728461.jpg,5
images/foie_gras/1790131.jpg,25
images/edamame/2701285.jpg,20
images/cheese_plate/1734600.jpg,10
images/foie_gras/771496.jpg,25
images/chocolate_cake/888250.jpg,13
images/baklava/349820.jpg,1
images/escargots/570403.jpg,22
images/baklava/746593.jpg,1
images/club_sandwich/1125120.jpg,15
images/caesar_salad/1490030.jpg,6
images/beignets/601412.jpg,4
images/donuts/260657.jpg,19
images/eggs_benedict/2186941.jpg,21
images/cheese_plate/3655877.jpg,10
images/carrot_cake/767132.jpg,9
images/chicken_wings/1203218.jpg,12
images/bruschetta/1649486.jpg,5
images/escargots/235302.jpg,22
images/cheese_plate/2622292.jpg,10
images/donuts/2466115.jpg,19
images/cannoli/3898442.jpg,7
images/cup_cakes/543663.jpg,18
images/fish_and_chips/3109561.jpg,24
images/churros/3440866.jpg,14
images/cheesecake/1142319.jpg,11
images/caprese_salad/288219.jpg,8
images/carrot_cake/1303837.jpg,9
images/club_sandwich/235987.jpg,15
images/apple_pie/1466791.jpg,0
images/carrot_cake/2540781.jpg,9
images/chicken_wings/455305.jpg,12
images/crab_cakes/1799900.jpg,16
images/donuts/734056.jpg,19
images/crab_cakes/3718330.jpg,16
images/edamame/1836334.jpg,20
images/churros/3406463.jpg,14
images/churros/44854.jpg,14
images/escargots/2931288.jpg,22
images/edamame/5531.jpg,20
images/carrot_cake/251205.jpg,9
images/cannoli/1208578.jpg,7
images/eggs_benedict/1905244.jpg,21
images/caprese_salad/334376.jpg,8
images/chicken_wings/2878128.jpg,12
images/beignets/285347.jpg,4
images/falafel/635876.jpg,23
images/caesar_salad/98656.jpg,6
images/chicken_wings/175568.jpg,12
images/carrot_cake/1162794.jpg,9
images/eggs_benedict/163468.jpg,21
images/falafel/1790988.jpg,23
images/foie_gras/2203130.jpg,25
images/churros/1801080.jpg,14
images/churros/3559560.jpg,14
images/creme_brulee/3838144.jpg,17
images/caprese_salad/796915.jpg,8
images/falafel/2145586.jpg,23
images/crab_cakes/1567412.jpg,16
images/fish_and_chips/1339349.jpg,24
images/chicken_wings/1414062.jpg,12
images/escargots/2092459.jpg,22
images/beet_salad/921679.jpg,3
images/club_sandwich/2054401.jpg,15
images/escargots/1981810.jpg,22
images/bruschetta/2445217.jpg,5
images/eggs_benedict/939361.jpg,21
images/carrot_cake/1659368.jpg,9
images/foie_gras/281092.jpg,25
images/club_sandwich/1234812.jpg,15
images/carrot_cake/3380907.jpg,9
images/crab_cakes/2638707.jpg,16
images/caprese_salad/910255.jpg,8
images/fish_and_chips/1897694.jpg,24
images/chicken_wings/3923996.jpg,12
images/creme_brulee/3132745.jpg,17
images/churros/2617186.jpg,14
images/churros/719445.jpg,14
images/edamame/1261398.jpg,20
images/baklava/2593821.jpg,1
images/churros/2242787.jpg,14
images/crab_cakes/2349935.jpg,16
images/cup_cakes/2344898.jpg,18
images/foie_gras/2355698.jpg,25
images/cheesecake/2009726.jpg,11
images/escargots/1550488.jpg,22
images/beet_salad/2382380.jpg,3
images/chicken_wings/490.jpg,12
images/eggs_benedict/3360719.jpg,21
images/club_sandwich/1317302.jpg,15
images/crab_cakes/303242.jpg,16
images/caprese_salad/709349.jpg,8
images/cheese_plate/1575325.jpg,10
images/cannoli/2699401.jpg,7
images/chicken_wings/538611.jpg,12
images/beet_salad/3769379.jpg,3
images/french_fries/2507866.jpg,26
images/donuts/1774515.jpg,19
images/beet_salad/385817.jpg,3
images/bruschetta/1300659.jpg,5
images/beet_salad/545357.jpg,3
images/creme_brulee/671647.jpg,17
images/falafel/3859702.jpg,23
images/donuts/407834.jpg,19
images/apple_pie/532974.jpg,0
images/bruschetta/481170.jpg,5
images/eggs_benedict/14222.jpg,21
images/bruschetta/590022.jpg,5
images/caesar_salad/3627235.jpg,6
images/caprese_salad/3017805.jpg,8
images/french_fries/292607.jpg,26
images/baklava/3834345.jpg,1
images/cup_cakes/752909.jpg,18
images/falafel/341720.jpg,23
images/cannoli/2431842.jpg,7
images/french_fries/3598151.jpg,26
images/edamame/654989.jpg,20
images/carrot_cake/86058.jpg,9
images/carrot_cake/2339773.jpg,9
images/cannoli/831800.jpg,7
images/cannoli/1597634.jpg,7
images/caprese_salad/1210063.jpg,8
images/bruschetta/2007425.jpg,5
images/carrot_cake/1828767.jpg,9
images/baklava/2795418.jpg,1
images/eggs_benedict/3339595.jpg,21
images/edamame/1341540.jpg,20
images/edamame/3923470.jpg,20
images/chocolate_cake/2559322.jpg,13
images/cup_cakes/1008351.jpg,18
images/cheese_plate/98941.jpg,10
images/crab_cakes/1084611.jpg,16
images/beef_carpaccio/1037148.jpg,2
images/cup_cakes/1169877.jpg,18
images/club_sandwich/2540400.jpg,15
images/churros/115417.jpg,14
images/creme_brulee/1440692.jpg,17
images/eggs_benedict/288468.jpg,21
images/cannoli/106010.jpg,7
images/donuts/1502830.jpg,19
images/carrot_cake/1975208.jpg,9
images/chocolate_cake/2202489.jpg,13
images/escargots/709180.jpg,22
images/chocolate_cake/1183282.jpg,13
images/edamame/3901294.jpg,20
images/beignets/3718035.jpg,4
images/beef_carpaccio/548980.jpg,2
images/baklava/1133981.jpg,1
images/eggs_benedict/3579084.jpg,21
images/club_sandwich/3642673.jpg,15
images/crab_cakes/1132150.jpg,16
images/cheese_plate/843502.jpg,10
images/chocolate_cake/807194.jpg,13
images/falafel/2060184.jpg,23
images/fish_and_chips/2440249.jpg,24
images/creme_brulee/206744.jpg,17
images/escargots/704627.jpg,22
images/falafel/2238798.jpg,23
images/donuts/3398773.jpg,19
images/caesar_salad/3259171.jpg,6
images/club_sandwich/1373551.jpg,15
images/cheesecake/3138592.jpg,11
images/bruschetta/2459283.jpg,5
images/beef_carpaccio/11466.jpg,2
images/caesar_salad/1169831.jpg,6
images/donuts/242282.jpg,19
images/cup_cakes/2585247.jpg,18
images/edamame/1541444.jpg,20
images/fish_and_chips/1489485.jpg,24
images/cheesecake/2648207.jpg,11
images/creme_brulee/1767052.jpg,17
images/foie_gras/1686383.jpg,25
images/cup_cakes/920927.jpg,18
images/cheese_plate/3386714.jpg,10
images/apple_pie/2612593.jpg,0
images/escargots/2189895.jpg,22
images/cannoli/1118168.jpg,7
images/edamame/2146003.jpg,20
images/french_fries/1251079.jpg,26
images/cup_cakes/3200118.jpg,18
images/beef_carpaccio/3106650.jpg,2
images/apple_pie/2235729.jpg,0
images/creme_brulee/560749.jpg,17
images/french_fries/106608.jpg,26
images/foie_gras/53767.jpg,25
images/falafel/3122252.jpg,23
images/apple_pie/2766017.jpg,0
images/falafel/889967.jpg,23
images/baklava/1705577.jpg,1
images/foie_gras/906266.jpg,25
images/french_fries/3184259.jpg,26
images/club_sandwich/415523.jpg,15
images/chocolate_cake/1419036.jpg,13
images/falafel/3485500.jpg,23
images/chocolate_cake/65954.jpg,13
images/baklava/1366248.jpg,1
images/edamame/701488.jpg,20
images/carrot_cake/3183880.jpg,9
images/baklava/3680783.jpg,1
images/escargots/3700726.jpg,22
images/bruschetta/2261222.jpg,5
images/club_sandwich/3106065.jpg,15
images/cheesecake/461886.jpg,11
images/bruschetta/2083477.jpg,5
images/escargots/3116514.jpg,22
images/beignets/2121224.jpg,4
images/crab_cakes/1506618.jpg,16
images/cheesecake/2882357.jpg,11
images/bruschetta/904131.jpg,5
images/apple_pie/416233.jpg,0
images/falafel/265817.jpg,23
images/falafel/3394578.jpg,23
images/escargots/3227318.jpg,22
images/chicken_wings/2054823.jpg,12
images/cheese_plate/1238236.jpg,10
images/carrot_cake/3768473.jpg,9
images/crab_cakes/2456731.jpg,16
images/cheesecake/2412067.jpg,11
images/carrot_cake/1438044.jpg,9
images/crab_cakes/885069.jpg,16
images/chicken_wings/3143062.jpg,12
images/beef_carpaccio/3324958.jpg,2
images/cheesecake/3526203.jpg,11
images/escargots/1348372.jpg,22
images/beet_salad/3842900.jpg,3
images/beet_salad/1711729.jpg,3
images/chicken_wings/1141814.jpg,12
images/edamame/1695174.jpg,20
images/escargots/2341247.jpg,22
images/cannoli/1416610.jpg,7
images/cup_cakes/1095030.jpg,18
images/edamame/3254753.jpg,20
images/eggs_benedict/2427571.jpg,21
images/apple_pie/532423.jpg,0
images/falafel/725921.jpg,23
images/edamame/521397.jpg,20
images/edamame/3560910.jpg,20
images/beef_carpaccio/1822863.jpg,2
images/club_sandwich/2222753.jpg,15
images/creme_brulee/609637.jpg,17
images/beef_carpaccio/1661531.jpg,2
images/edamame/2172334.jpg,20
images/edamame/1516710.jpg,20
images/cheesecake/1343157.jpg,11
images/apple_pie/524697.jpg,0
images/chocolate_cake/891157.jpg,13
images/cannoli/3483489.jpg,7
images/cannoli/259145.jpg,7
images/cup_cakes/541774.jpg,18
images/apple_pie/3641922.jpg,0
images/bruschetta/3488428.jpg,5
images/caprese_salad/2827113.jpg,8
images/donuts/2963646.jpg,19
images/cannoli/604055.jpg,7
images/fish_and_chips/312158.jpg,24
images/falafel/3719173.jpg,23
images/cup_cakes/3326466.jpg,18
images/bruschetta/2045006.jpg,5
images/chicken_wings/2568740.jpg,12
images/cannoli/3836990.jpg,7
images/churros/2880643.jpg,14
images/foie_gras/3067639.jpg,25
images/caprese_salad/761791.jpg,8
images/baklava/3496527.jpg,1
images/cheese_plate/2254054.jpg,10
images/cup_cakes/182075.jpg,18
images/falafel/2771348.jpg,23
images/bruschetta/1305405.jpg,5
images/churros/696269.jpg,14
images/chicken_wings/278501.jpg,12
images/donuts/2796951.jpg,19
images/club_sandwich/3653757.jpg,15
images/baklava/1288714.jpg,1
images/french_fries/2661646.jpg,26
images/beet_salad/824932.jpg,3
images/beet_salad/2658774.jpg,3
images/baklava/1763369.jpg,1
images/cheesecake/2508595.jpg,11
images/cannoli/2149669.jpg,7
images/crab_cakes/2044253.jpg,16
images/foie_gras/1037494.jpg,25
images/escargots/2358855.jpg,22
images/cheese_plate/287223.jpg,10
images/falafel/1206667.jpg,23
images/carrot_cake/2133654.jpg,9
images/chicken_wings/670412.jpg,12
images/eggs_benedict/3635304.jpg,21
images/chocolate_cake/2535175.jpg,13
images/cheesecake/1632762.jpg,11
images/cheesecake/1211627.jpg,11
images/fish_and_chips/3220982.jpg,24
images/beef_carpaccio/1212091.jpg,2
images/cannoli/818946.jpg,7
images/cheese_plate/535988.jpg,10
images/chocolate_cake/3475144.jpg,13
images/cannoli/719177.jpg,7
images/edamame/2974107.jpg,20
images/carrot_cake/2778031.jpg,9
images/french_fries/2126499.jpg,26
images/crab_cakes/419921.jpg,16
images/creme_brulee/1170291.jpg,17
images/foie_gras/3307789.jpg,25
images/club_sandwich/600962.jpg,15
images/escargots/1665482.jpg,22
images/beet_salad/3453155.jpg,3
images/beignets/676507.jpg,4
images/cheese_plate/1428927.jpg,10
images/cheesecake/1725960.jpg,11
images/crab_cakes/1326535.jpg,16
images/apple_pie/21063.jpg,0
images/edamame/298372.jpg,20
images/foie_gras/570930.jpg,25
images/cheese_plate/2078533.jpg,10
images/cheese_plate/1393163.jpg,10
images/apple_pie/2446500.jpg,0
images/cheesecake/3759363.jpg,11
images/edamame/2558511.jpg,20
images/creme_brulee/2170962.jpg,17
images/french_fries/3535015.jpg,26
images/caprese_salad/652385.jpg,8
images/chicken_wings/2563550.jpg,12
images/caesar_salad/327078.jpg,6
images/edamame/1208110.jpg,20
images/baklava/3498449.jpg,1
images/escargots/421926.jpg,22
images/foie_gras/861803.jpg,25
images/donuts/101905.jpg,19
images/carrot_cake/3423516.jpg,9
images/beignets/3725741.jpg,4
images/bruschetta/719733.jpg,5
images/chocolate_cake/1169806.jpg,13
images/caprese_salad/1503376.jpg,8
images/beignets/3278862.jpg,4
images/club_sandwich/3317441.jpg,15
images/cannoli/526.jpg,7
images/edamame/2961280.jpg,20
images/cheesecake/146384.jpg,11
images/bruschetta/1003796.jpg,5
images/chicken_wings/1464521.jpg,12
images/bruschetta/464092.jpg,5
images/edamame/2025345.jpg,20
images/escargots/3719043.jpg,22
images/churros/2399421.jpg,14
images/fish_and_chips/3092024.jpg,24
images/escargots/2918128.jpg,22
images/cheesecake/2711334.jpg,11
images/creme_brulee/1730106.jpg,17
images/foie_gras/3330584.jpg,25
images/eggs_benedict/2004531.jpg,21
images/churros/3224788.jpg,14
images/churros/917841.jpg,14
images/escargots/30222.jpg,22
images/foie_gras/1548910.jpg,25
images/chocolate_cake/1439120.jpg,13
images/cheese_plate/1934187.jpg,10
images/foie_gras/2073892.jpg,25
images/beet_salad/1690865.jpg,3
images/caesar_salad/3668460.jpg,6
images/beef_carpaccio/146166.jpg,2
images/foie_gras/1040035.jpg,25
images/bruschetta/1700429.jpg,5
images/donuts/3363096.jpg,19
images/cannoli/803909.jpg,7
images/crab_cakes/1865920.jpg,16
images/eggs_benedict/2836843.jpg,21
images/beignets/366642.jpg,4
images/beef_carpaccio/1979319.jpg,2
images/churros/2074713.jpg,14
images/cheesecake/3774657.jpg,11
images/caprese_salad/1819550.jpg,8
images/foie_gras/2341983.jpg,25
images/crab_cakes/346034.jpg,16
images/cheese_plate/864828.jpg,10
images/apple_pie/981895.jpg,0
images/baklava/490206.jpg,1
images/falafel/3682673.jpg,23
images/beef_carpaccio/2503017.jpg,2
images/eggs_benedict/1853211.jpg,21
images/caprese_salad/3815535.jpg,8
images/carrot_cake/240003.jpg,9
images/bruschetta/3332314.jpg,5
images/donuts/1834376.jpg,19
images/cheese_plate/1003804.jpg,10
images/donuts/413612.jpg,19
images/caprese_salad/200859.jpg,8
images/carrot_cake/3304840.jpg,9
images/beignets/1742034.jpg,4
images/donuts/1722063.jpg,19
images/beignets/3071864.jpg,4
images/eggs_benedict/2602051.jpg,21
images/caprese_salad/2614805.jpg,8
images/caesar_salad/620905.jpg,6
images/cup_cakes/1300498.jpg,18
images/chicken_wings/1366030.jpg,12
images/edamame/322249.jpg,20
images/edamame/3680928.jpg,20
images/beignets/2925534.jpg,4
images/creme_brulee/879433.jpg,17
images/creme_brulee/681815.jpg,17
images/foie_gras/1688800.jpg,25
images/beignets/1261083.jpg,4
images/creme_brulee/2267908.jpg,17
images/churros/3119769.jpg,14
images/fish_and_chips/2530704.jpg,24
images/baklava/694258.jpg,1
images/eggs_benedict/21700.jpg,21
images/cup_cakes/3911545.jpg,18
images/donuts/1889902.jpg,19
images/cup_cakes/70180.jpg,18
images/foie_gras/2829117.jpg,25
images/french_fries/3025133.jpg,26
images/beet_salad/3053839.jpg,3
images/foie_gras/3139382.jpg,25
images/crab_cakes/3444075.jpg,16
images/chicken_wings/2875771.jpg,12
images/club_sandwich/1331803.jpg,15
images/crab_cakes/943630.jpg,16
images/bruschetta/40166.jpg,5
images/edamame/2176987.jpg,20
images/crab_cakes/3736768.jpg,16
images/falafel/2659423.jpg,23
images/creme_brulee/3881312.jpg,17
images/fish_and_chips/1230813.jpg,24
images/crab_cakes/458374.jpg,16
images/falafel/3518713.jpg,23
images/cheesecake/1292391.jpg,11
images/apple_pie/904832.jpg,0
images/chicken_wings/2879264.jpg,12
images/carrot_cake/3150383.jpg,9
images/chocolate_cake/2300972.jpg,13
images/cheesecake/1947723.jpg,11
images/french_fries/1923345.jpg,26
images/crab_cakes/29801.jpg,16
images/beef_carpaccio/370630.jpg,2
images/bruschetta/311007.jpg,5
images/escargots/847092.jpg,22
images/foie_gras/1148906.jpg,25
images/apple_pie/3031488.jpg,0
images/crab_cakes/3717160.jpg,16
images/beet_salad/2434524.jpg,3
images/beignets/3194392.jpg,4
images/eggs_benedict/864264.jpg,21
images/club_sandwich/1827577.jpg,15
images/cannoli/3448061.jpg,7
images/eggs_benedict/2130365.jpg,21
images/churros/2175700.jpg,14
images/creme_brulee/1727538.jpg,17
images/chicken_wings/2969052.jpg,12
images/donuts/834923.jpg,19
images/apple_pie/1264435.jpg,0
images/fish_and_chips/1821327.jpg,24
images/carrot_cake/1797760.jpg,9
images/fish_and_chips/250633.jpg,24
images/cheese_plate/1733363.jpg,10
images/cup_cakes/398453.jpg,18
images/cheesecake/3320655.jpg,11
images/escargots/1764216.jpg,22
images/caprese_salad/1718784.jpg,8
images/creme_brulee/1994075.jpg,17
images/carrot_cake/804393.jpg,9
images/caesar_salad/520391.jpg,6
images/cheese_plate/3033968.jpg,10
images/cannoli/1272995.jpg,7
images/crab_cakes/2497121.jpg,16
images/beignets/297486.jpg,4
images/fish_and_chips/509044.jpg,24
images/creme_brulee/2468291.jpg,17
images/churros/949123.jpg,14
images/beignets/1239469.jpg,4
images/creme_brulee/1824925.jpg,17
images/baklava/123842.jpg,1
images/chocolate_cake/1105960.jpg,13
images/donuts/518995.jpg,19
images/chicken_wings/115610.jpg,12
images/beignets/3489242.jpg,4
images/edamame/2751101.jpg,20
images/cup_cakes/3095133.jpg,18
images/cup_cakes/3223435.jpg,18
images/chicken_wings/893709.jpg,12
images/cheesecake/1891137.jpg,11
images/escargots/1039054.jpg,22
images/apple_pie/2034923.jpg,0
images/chicken_wings/2702069.jpg,12
images/chicken_wings/274528.jpg,12
images/crab_cakes/33611.jpg,16
images/caesar_salad/130812.jpg,6
images/donuts/1396549.jpg,19
images/caesar_salad/2978581.jpg,6
images/caesar_salad/1645259.jpg,6
images/cup_cakes/139085.jpg,18
images/cheesecake/3441357.jpg,11
images/cheesecake/641570.jpg,11
images/apple_pie/3596143.jpg,0
images/beef_carpaccio/331923.jpg,2
images/edamame/3399625.jpg,20
images/bruschetta/81598.jpg,5
images/cheese_plate/804798.jpg,10
images/cheesecake/2912548.jpg,11
images/beet_salad/589387.jpg,3
images/bruschetta/2699434.jpg,5
images/foie_gras/1335153.jpg,25
images/falafel/752354.jpg,23
images/cannoli/1019714.jpg,7
images/fish_and_chips/876010.jpg,24
images/donuts/3022706.jpg,19
images/foie_gras/1883570.jpg,25
images/chocolate_cake/881878.jpg,13
images/beignets/105219.jpg,4
images/cheesecake/2224103.jpg,11
images/beet_salad/1746516.jpg,3
images/carrot_cake/2682354.jpg,9
images/beet_salad/1801800.jpg,3
images/cheesecake/2360737.jpg,11
images/creme_brulee/262450.jpg,17
images/bruschetta/1666352.jpg,5
images/apple_pie/1355206.jpg,0
images/chocolate_cake/2654107.jpg,13
images/club_sandwich/1595649.jpg,15
images/edamame/1442496.jpg,20
images/cheesecake/106769.jpg,11
images/caprese_salad/30724.jpg,8
images/caprese_salad/2942344.jpg,8
images/fish_and_chips/130589.jpg,24
images/churros/484096.jpg,14
images/french_fries/344097.jpg,26
images/churros/833449.jpg,14
images/escargots/517242.jpg,22
images/churros/1560770.jpg,14
images/caprese_salad/633821.jpg,8
images/beet_salad/2985957.jpg,3
images/french_fries/309651.jpg,26
images/creme_brulee/573708.jpg,17
images/foie_gras/1245759.jpg,25
images/beef_carpaccio/962896.jpg,2
images/edamame/323338.jpg,20
images/eggs_benedict/1912376.jpg,21
images/french_fries/3258500.jpg,26
images/churros/1765403.jpg,14
images/carrot_cake/316063.jpg,9
images/cheesecake/181706.jpg,11
images/caesar_salad/668974.jpg,6
images/edamame/792292.jpg,20
images/carrot_cake/3415261.jpg,9
images/baklava/3909284.jpg,1
images/bruschetta/912428.jpg,5
images/escargots/2410391.jpg,22
images/beef_carpaccio/975989.jpg,2
images/foie_gras/1783144.jpg,25
images/baklava/1362313.jpg,1
images/chocolate_cake/2156873.jpg,13
images/carrot_cake/3352076.jpg,9
images/club_sandwich/3218623.jpg,15
images/bruschetta/1594971.jpg,5
images/carrot_cake/1066147.jpg,9
images/churros/379590.jpg,14
images/caprese_salad/991877.jpg,8
images/crab_cakes/3595400.jpg,16
images/chocolate_cake/2412189.jpg,13
images/baklava/3144576.jpg,1
images/donuts/126768.jpg,19
images/caprese_salad/2542352.jpg,8
images/donuts/3704261.jpg,19
images/beet_salad/2719373.jpg,3
images/churros/1285748.jpg,14
images/baklava/80943.jpg,1
images/cheese_plate/75029.jpg,10
images/club_sandwich/3081303.jpg,15
images/caesar_salad/39437.jpg,6
images/edamame/1975580.jpg,20
images/carrot_cake/1667944.jpg,9
images/apple_pie/3018695.jpg,0
images/falafel/2122107.jpg,23
images/cup_cakes/3422238.jpg,18
images/fish_and_chips/2750436.jpg,24
images/apple_pie/455977.jpg,0
images/churros/1939241.jpg,14
images/chicken_wings/3474933.jpg,12
images/beef_carpaccio/2070733.jpg,2
images/beet_salad/2837212.jpg,3
images/escargots/3300891.jpg,22
images/falafel/2609020.jpg,23
images/carrot_cake/3489814.jpg,9
images/falafel/3417267.jpg,23
images/fish_and_chips/3300571.jpg,24
images/cheese_plate/205441.jpg,10
images/cannoli/2011610.jpg,7
images/french_fries/3295921.jpg,26
images/caesar_salad/2733135.jpg,6
images/apple_pie/1445323.jpg,0
images/falafel/3802733.jpg,23
images/crab_cakes/714739.jpg,16
images/edamame/320996.jpg,20
images/carrot_cake/869679.jpg,9
images/cup_cakes/1191407.jpg,18
images/caesar_salad/3156472.jpg,6
images/beef_carpaccio/1566003.jpg,2
images/cheese_plate/3842203.jpg,10
images/fish_and_chips/2515480.jpg,24
images/cup_cakes/496329.jpg,18
images/creme_brulee/107007.jpg,17
images/apple_pie/1184568.jpg,0
images/cheesecake/638957.jpg,11
images/caesar_salad/273429.jpg,6
images/apple_pie/2918880.jpg,0
images/churros/1074903.jpg,14
images/cheese_plate/3241354.jpg,10
images/fish_and_chips/2288389.jpg,24
images/french_fries/357993.jpg,26
images/french_fries/672487.jpg,26
images/apple_pie/1196628.jpg,0
images/cup_cakes/261234.jpg,18
images/crab_cakes/1662860.jpg,16
images/carrot_cake/1265265.jpg,9
images/cup_cakes/316631.jpg,18
images/donuts/3432459.jpg,19
images/cannoli/2127484.jpg,7
images/bruschetta/213485.jpg,5
images/caprese_salad/654712.jpg,8
images/apple_pie/1816741.jpg,0
images/cup_cakes/45191.jpg,18
images/cheesecake/186327.jpg,11
images/donuts/1875596.jpg,19
images/creme_brulee/827841.jpg,17
images/churros/1166531.jpg,14
images/creme_brulee/2386244.jpg,17
images/caesar_salad/2896184.jpg,6
images/cheesecake/1308012.jpg,11
images/falafel/3532957.jpg,23
images/cheese_plate/728556.jpg,10
images/donuts/1878848.jpg,19
images/crab_cakes/3865544.jpg,16
images/caprese_salad/2353882.jpg,8
images/crab_cakes/3071665.jpg,16
images/club_sandwich/3112950.jpg,15
images/cup_cakes/2628823.jpg,18
images/cheese_plate/3912932.jpg,10
images/club_sandwich/2844684.jpg,15
images/carrot_cake/3146311.jpg,9
images/chicken_wings/1783614.jpg,12
images/escargots/447531.jpg,22
images/churros/1799590.jpg,14
images/chicken_wings/275226.jpg,12
images/beet_salad/2069479.jpg,3
images/chocolate_cake/2516080.jpg,13
images/baklava/1648719.jpg,1
images/caprese_salad/90642.jpg,8
images/french_fries/622359.jpg,26
images/edamame/3859239.jpg,20
images/fish_and_chips/157122.jpg,24
images/apple_pie/861244.jpg,0
images/french_fries/2708944.jpg,26
images/chocolate_cake/552237.jpg,13
images/cup_cakes/2796360.jpg,18
images/beignets/151292.jpg,4
images/foie_gras/3549268.jpg,25
images/churros/3187465.jpg,14
images/fish_and_chips/2195578.jpg,24
images/edamame/469833.jpg,20
images/creme_brulee/2763977.jpg,17
images/chocolate_cake/1222977.jpg,13
images/caesar_salad/967793.jpg,6
images/edamame/2368313.jpg,20
images/cup_cakes/166449.jpg,18
images/apple_pie/1906009.jpg,0
images/caesar_salad/1262561.jpg,6
images/bruschetta/255944.jpg,5
images/beef_carpaccio/1915556.jpg,2
images/french_fries/1341912.jpg,26
images/cup_cakes/1185847.jpg,18
images/cup_cakes/67766.jpg,18
images/fish_and_chips/1791001.jpg,24
images/caesar_salad/3292549.jpg,6
images/caesar_salad/3600212.jpg,6
images/cheesecake/1428139.jpg,11
images/donuts/3108945.jpg,19
images/caprese_salad/1576492.jpg,8
images/falafel/3533366.jpg,23
images/beet_salad/3268468.jpg,3
images/falafel/2174807.jpg,23
images/beignets/621098.jpg,4
images/escargots/1224760.jpg,22
images/churros/1235914.jpg,14
images/creme_brulee/3482321.jpg,17
images/eggs_benedict/86034.jpg,21
images/caprese_salad/1012384.jpg,8
images/beignets/1619538.jpg,4
images/carrot_cake/1822666.jpg,9
images/chocolate_cake/2748014.jpg,13
images/beef_carpaccio/3216048.jpg,2
images/creme_brulee/2683529.jpg,17
images/donuts/1119104.jpg,19
images/foie_gras/1891930.jpg,25
images/apple_pie/3279836.jpg,0
images/club_sandwich/1286297.jpg,15
images/carrot_cake/1601393.jpg,9
images/club_sandwich/1200311.jpg,15
images/fish_and_chips/3394026.jpg,24
images/churros/2332593.jpg,14
images/cheese_plate/2929552.jpg,10
images/beet_salad/3704723.jpg,3
images/beignets/1728932.jpg,4
images/fish_and_chips/1558762.jpg,24
images/beignets/2820737.jpg,4
images/donuts/197243.jpg,19
images/escargots/2719328.jpg,22
images/eggs_benedict/751728.jpg,21
images/french_fries/3329455.jpg,26
images/churros/641534.jpg,14
images/foie_gras/1363796.jpg,25
images/club_sandwich/2694910.jpg,15
images/club_sandwich/2728366.jpg,15
images/foie_gras/1899730.jpg,25
images/creme_brulee/737499.jpg,17
images/donuts/1836327.jpg,19
images/baklava/681619.jpg,1
images/eggs_benedict/3514685.jpg,21
images/french_fries/3289454.jpg,26
images/cheesecake/2997918.jpg,11
images/beignets/1860268.jpg,4
images/edamame/2620318.jpg,20
images/cheese_plate/3893362.jpg,10
images/beef_carpaccio/2414776.jpg,2
images/club_sandwich/1413794.jpg,15
images/donuts/2244393.jpg,19
images/beef_carpaccio/917926.jpg,2
images/french_fries/2650142.jpg,26
images/french_fries/24479.jpg,26
images/falafel/2345093.jpg,23
images/caprese_salad/1568892.jpg,8
images/escargots/1107023.jpg,22
images/carrot_cake/458657.jpg,9
images/cup_cakes/1090350.jpg,18
images/beet_salad/3268018.jpg,3
images/caprese_salad/2331738.jpg,8
images/chocolate_cake/3626178.jpg,13
images/apple_pie/3419799.jpg,0
images/falafel/3277232.jpg,23
images/club_sandwich/825684.jpg,15
images/eggs_benedict/3303266.jpg,21
images/carrot_cake/3638269.jpg,9
images/caesar_salad/85102.jpg,6
images/beet_salad/1829316.jpg,3
images/eggs_benedict/810826.jpg,21
images/carrot_cake/2789635.jpg,9
images/foie_gras/2214219.jpg,25
images/foie_gras/2439313.jpg,25
images/cannoli/2269480.jpg,7
images/baklava/3140803.jpg,1
images/cup_cakes/2391538.jpg,18
images/carrot_cake/1957870.jpg,9
images/cheese_plate/3850945.jpg,10
images/eggs_benedict/1912473.jpg,21
images/creme_brulee/3077041.jpg,17
images/cup_cakes/2348570.jpg,18
images/apple_pie/101251.jpg,0
images/cup_cakes/59425.jpg,18
images/donuts/2002154.jpg,19
images/eggs_benedict/1121093.jpg,21
images/club_sandwich/311257.jpg,15
images/escargots/2032640.jpg,22
images/donuts/839126.jpg,19
images/churros/361739.jpg,14
images/cheese_plate/3475953.jpg,10
images/eggs_benedict/1319852.jpg,21
images/cheesecake/1639844.jpg,11
images/caprese_salad/2289067.jpg,8
images/bruschetta/679049.jpg,5
images/churros/2601843.jpg,14
images/fish_and_chips/1973869.jpg,24
images/beet_salad/1171100.jpg,3
images/bruschetta/2075067.jpg,5
images/edamame/84995.jpg,20
images/edamame/3672764.jpg,20
images/carrot_cake/581229.jpg,9
images/foie_gras/1855923.jpg,25
images/edamame/262406.jpg,20
images/apple_pie/3242445.jpg,0
images/fish_and_chips/2107055.jpg,24
images/beignets/102032.jpg,4
images/donuts/1551743.jpg,19
images/cup_cakes/2475204.jpg,18
images/club_sandwich/587441.jpg,15
images/churros/612273.jpg,14
images/carrot_cake/358122.jpg,9
images/club_sandwich/2950488.jpg,15
images/churros/303928.jpg,14
images/bruschetta/2525115.jpg,5
images/apple_pie/987860.jpg,0
images/french_fries/2714782.jpg,26
images/cheesecake/2590969.jpg,11
images/fish_and_chips/164903.jpg,24
images/beet_salad/1044286.jpg,3
images/donuts/309646.jpg,19
images/chicken_wings/2173692.jpg,12
images/club_sandwich/3555961.jpg,15
images/carrot_cake/3293102.jpg,9
images/cup_cakes/224675.jpg,18
images/carrot_cake/1705458.jpg,9
images/apple_pie/2490410.jpg,0
images/cheesecake/795089.jpg,11
images/carrot_cake/1507036.jpg,9
images/cannoli/3342120.jpg,7
images/crab_cakes/2269997.jpg,16
images/club_sandwich/1082469.jpg,15
images/fish_and_chips/2486391.jpg,24
images/french_fries/2229500.jpg,26
images/caprese_salad/3825624.jpg,8
images/caesar_salad/3228048.jpg,6
images/beignets/1051541.jpg,4
images/falafel/2373569.jpg,23
images/edamame/1521963.jpg,20
images/caprese_salad/1395018.jpg,8
images/french_fries/1093724.jpg,26
images/apple_pie/2477191.jpg,0
images/edamame/2239618.jpg,20
images/edamame/3282406.jpg,20
images/churros/945741.jpg,14
images/club_sandwich/3597535.jpg,15
images/creme_brulee/677377.jpg,17
images/club_sandwich/2618500.jpg,15
images/beignets/1365822.jpg,4
images/beef_carpaccio/2999990.jpg,2
images/donuts/3828220.jpg,19
images/edamame/3309968.jpg,20
images/chicken_wings/955015.jpg,12
images/club_sandwich/2474887.jpg,15
images/beet_salad/128756.jpg,3
images/edamame/1693363.jpg,20
images/cheesecake/3788373.jpg,11
images/foie_gras/1061693.jpg,25
images/beet_salad/374528.jpg,3
images/edamame/1356398.jpg,20
images/french_fries/2502894.jpg,26
images/fish_and_chips/2806235.jpg,24
images/caesar_salad/3660328.jpg,6
images/caesar_salad/126205.jpg,6
images/falafel/691558.jpg,23
images/apple_pie/2961406.jpg,0
images/caprese_salad/126918.jpg,8
images/crab_cakes/2128295.jpg,16
images/caesar_salad/832298.jpg,6
images/donuts/1547405.jpg,19
images/crab_cakes/1249640.jpg,16
images/bruschetta/2810312.jpg,5
images/foie_gras/586480.jpg,25
images/cheese_plate/3616017.jpg,10
images/edamame/667193.jpg,20
images/beet_salad/893856.jpg,3
images/chicken_wings/138323.jpg,12
images/chicken_wings/2115362.jpg,12
images/edamame/2172153.jpg,20
images/cup_cakes/315399.jpg,18
images/foie_gras/3163638.jpg,25
images/chocolate_cake/1855652.jpg,13
images/crab_cakes/480691.jpg,16
images/creme_brulee/2094984.jpg,17
images/chicken_wings/3418733.jpg,12
images/cheese_plate/3473919.jpg,10
images/cup_cakes/2571035.jpg,18
images/eggs_benedict/122435.jpg,21
images/donuts/284542.jpg,19
images/caprese_salad/1895853.jpg,8
images/cheesecake/683356.jpg,11
images/apple_pie/471995.jpg,0
images/beignets/3707433.jpg,4
images/donuts/3455115.jpg,19
images/cheesecake/3107544.jpg,11
images/caprese_salad/3619015.jpg,8
images/creme_brulee/306533.jpg,17
images/beet_salad/1525430.jpg,3
images/carrot_cake/1142394.jpg,9
images/beet_salad/1538310.jpg,3
images/caesar_salad/2581326.jpg,6
images/chocolate_cake/21936.jpg,13
images/french_fries/223676.jpg,26
images/beet_salad/511803.jpg,3
images/chocolate_cake/900861.jpg,13
images/donuts/1955330.jpg,19
images/foie_gras/1217089.jpg,25
images/french_fries/744510.jpg,26
images/cheese_plate/3626593.jpg,10
images/crab_cakes/3201624.jpg,16
images/cheesecake/3752257.jpg,11
images/cheesecake/1543937.jpg,11
images/beef_carpaccio/3847374.jpg,2
images/fish_and_chips/1422566.jpg,24
images/donuts/2795392.jpg,19
images/edamame/1891913.jpg,20
images/french_fries/1510273.jpg,26
images/beignets/2966565.jpg,4
images/cannoli/1982314.jpg,7
images/beef_carpaccio/1244590.jpg,2
images/bruschetta/2056749.jpg,5
images/cheese_plate/3294142.jpg,10
images/donuts/1696465.jpg,19
images/crab_cakes/2846233.jpg,16
images/foie_gras/3307869.jpg,25
images/french_fries/411113.jpg,26
images/falafel/611972.jpg,23
images/chocolate_cake/2016214.jpg,13
images/cheesecake/399407.jpg,11
images/baklava/2926747.jpg,1
images/chicken_wings/1357060.jpg,12
images/beignets/287665.jpg,4
images/cannoli/1806725.jpg,7
images/creme_brulee/3221144.jpg,17
images/bruschetta/2537224.jpg,5
images/beef_carpaccio/236579.jpg,2
images/eggs_benedict/2388141.jpg,21
images/caesar_salad/515285.jpg,6
images/french_fries/114269.jpg,26
images/caprese_salad/2884291.jpg,8
images/eggs_benedict/222591.jpg,21
images/creme_brulee/1654620.jpg,17
images/french_fries/2965155.jpg,26
images/cheese_plate/374169.jpg,10
images/carrot_cake/1220035.jpg,9
images/churros/2753644.jpg,14
images/foie_gras/1568637.jpg,25
images/caprese_salad/177596.jpg,8
images/apple_pie/2520431.jpg,0
images/crab_cakes/1151194.jpg,16
images/eggs_benedict/92864.jpg,21
images/chicken_wings/658194.jpg,12
images/cheesecake/1600182.jpg,11
images/french_fries/883838.jpg,26
images/apple_pie/2306493.jpg,0
images/chicken_wings/500402.jpg,12
images/chicken_wings/2738352.jpg,12
images/creme_brulee/2200558.jpg,17
images/baklava/800666.jpg,1
images/foie_gras/1663576.jpg,25
images/chicken_wings/945330.jpg,12
images/cup_cakes/3305215.jpg,18
images/carrot_cake/1596400.jpg,9
images/chocolate_cake/2307808.jpg,13
images/cup_cakes/3185233.jpg,18
images/chicken_wings/112858.jpg,12
images/apple_pie/2223847.jpg,0
images/eggs_benedict/37930.jpg,21
images/falafel/1145835.jpg,23
images/crab_cakes/1029964.jpg,16
images/cannoli/1920904.jpg,7
images/beignets/292468.jpg,4
images/falafel/2631148.jpg,23
images/cheese_plate/1190343.jpg,10
images/eggs_benedict/3628589.jpg,21
images/cannoli/1079736.jpg,7
images/donuts/2385502.jpg,19
images/beet_salad/1661512.jpg,3
images/escargots/1594904.jpg,22
images/beef_carpaccio/813143.jpg,2
images/beignets/538763.jpg,4
images/edamame/2211315.jpg,20
images/churros/1954482.jpg,14
images/beet_salad/196730.jpg,3
images/beignets/2004759.jpg,4
images/foie_gras/3160375.jpg,25
images/carrot_cake/2505792.jpg,9
images/edamame/1956299.jpg,20
images/beignets/2915566.jpg,4
images/cheese_plate/2530417.jpg,10
images/eggs_benedict/809357.jpg,21
images/foie_gras/347577.jpg,25
images/cheese_plate/3063777.jpg,10
images/edamame/376940.jpg,20
images/creme_brulee/2878935.jpg,17
images/caesar_salad/3811878.jpg,6
images/churros/562393.jpg,14
images/edamame/529215.jpg,20
images/creme_brulee/2381144.jpg,17
images/caesar_salad/3636786.jpg,6
images/churros/622601.jpg,14
images/chocolate_cake/1259336.jpg,13
images/club_sandwich/2642182.jpg,15
images/caprese_salad/1942116.jpg,8
images/foie_gras/3721538.jpg,25
images/cannoli/3249264.jpg,7
images/cheese_plate/1332128.jpg,10
images/foie_gras/3854220.jpg,25
images/club_sandwich/2294843.jpg,15
images/beet_salad/1336726.jpg,3
images/chocolate_cake/2899046.jpg,13
images/fish_and_chips/2362149.jpg,24
images/beef_carpaccio/1995804.jpg,2
images/carrot_cake/1639362.jpg,9
images/creme_brulee/503497.jpg,17
images/crab_cakes/345136.jpg,16
images/baklava/3438917.jpg,1
images/creme_brulee/1241644.jpg,17
images/chicken_wings/3691776.jpg,12
images/escargots/1915658.jpg,22
images/cup_cakes/49212.jpg,18
images/fish_and_chips/2496986.jpg,24
images/cannoli/26173.jpg,7
images/caesar_salad/3031472.jpg,6
images/fish_and_chips/43435.jpg,24
images/club_sandwich/1750469.jpg,15
images/churros/2422038.jpg,14
images/bruschetta/2442017.jpg,5
images/apple_pie/2669146.jpg,0
images/cheesecake/3778639.jpg,11
images/foie_gras/3590585.jpg,25
images/edamame/2802663.jpg,20
images/chocolate_cake/2835003.jpg,13
images/cheesecake/2936529.jpg,11
images/apple_pie/283209.jpg,0
images/churros/1800858.jpg,14
images/eggs_benedict/2942486.jpg,21
images/escargots/2077540.jpg,22
images/beignets/2235709.jpg,4
images/crab_cakes/2749493.jpg,16
images/beignets/3033312.jpg,4
images/churros/3070093.jpg,14
images/crab_cakes/2378744.jpg,16
images/beet_salad/2886257.jpg,3
images/beignets/3520470.jpg,4
images/french_fries/2696740.jpg,26
images/edamame/17431.jpg,20
images/beef_carpaccio/315111.jpg,2
images/cannoli/380974.jpg,7
images/fish_and_chips/916795.jpg,24
images/cheesecake/2939070.jpg,11
images/carrot_cake/3052452.jpg,9
images/churros/1738078.jpg,14
images/beignets/3718360.jpg,4
images/edamame/2040753.jpg,20
images/escargots/3527695.jpg,22
images/beignets/2177816.jpg,4
images/cheesecake/3033983.jpg,11
images/chicken_wings/811798.jpg,12
images/cheesecake/2094088.jpg,11
images/beet_salad/2761368.jpg,3
images/escargots/905344.jpg,22
images/escargots/462504.jpg,22
images/churros/541601.jpg,14
images/french_fries/3759335.jpg,26
images/cheese_plate/1030905.jpg,10
images/chicken_wings/173288.jpg,12
images/chicken_wings/2604041.jpg,12
images/foie_gras/3010703.jpg,25
images/caprese_salad/53354.jpg,8
images/baklava/1587896.jpg,1
images/cheese_plate/1642504.jpg,10
images/escargots/1596031.jpg,22
images/falafel/2503099.jpg,23
images/falafel/316423.jpg,23
images/baklava/3024485.jpg,1
images/churros/219636.jpg,14
images/cannoli/543293.jpg,7
images/cheese_plate/2982427.jpg,10
images/cheesecake/622533.jpg,11
images/baklava/2863350.jpg,1
images/chocolate_cake/291690.jpg,13
images/beet_salad/1981555.jpg,3
images/crab_cakes/932886.jpg,16
images/caesar_salad/1777202.jpg,6
images/bruschetta/1580320.jpg,5
images/cheesecake/3638819.jpg,11
images/caprese_salad/3289013.jpg,8
images/caesar_salad/636238.jpg,6
images/beignets/2339240.jpg,4
images/cheese_plate/1516308.jpg,10
images/edamame/715296.jpg,20
images/eggs_benedict/3319275.jpg,21
images/donuts/688041.jpg,19
images/creme_brulee/3067751.jpg,17
images/bruschetta/3345006.jpg,5
images/crab_cakes/20566.jpg,16
images/falafel/543075.jpg,23
images/beet_salad/2060193.jpg,3
images/churros/450253.jpg,14
images/cheese_plate/1477319.jpg,10
images/cup_cakes/2814858.jpg,18
images/beet_salad/538544.jpg,3
images/cup_cakes/3680763.jpg,18
images/caprese_salad/2807360.jpg,8
images/beef_carpaccio/3816055.jpg,2
images/chocolate_cake/222859.jpg,13
images/cup_cakes/1540056.jpg,18
images/edamame/1928733.jpg,20
images/churros/2093231.jpg,14
images/cannoli/1574229.jpg,7
images/club_sandwich/2153589.jpg,15
images/carrot_cake/1338172.jpg,9
images/carrot_cake/3540530.jpg,9
images/carrot_cake/3215771.jpg,9
images/eggs_benedict/1830519.jpg,21
images/bruschetta/1605970.jpg,5
images/caesar_salad/3246252.jpg,6
images/carrot_cake/1576964.jpg,9
images/chicken_wings/275243.jpg,12
images/chicken_wings/1750263.jpg,12
images/beef_carpaccio/158624.jpg,2
images/cup_cakes/2648441.jpg,18
images/chicken_wings/2778693.jpg,12
images/french_fries/854381.jpg,26
images/churros/1688402.jpg,14
images/foie_gras/3412603.jpg,25
images/bruschetta/788102.jpg,5
images/apple_pie/1050519.jpg,0
images/club_sandwich/2044086.jpg,15
images/falafel/3552485.jpg,23
images/cheesecake/2403575.jpg,11
images/fish_and_chips/3691052.jpg,24
images/french_fries/2873652.jpg,26
images/caprese_salad/602956.jpg,8
images/donuts/3623926.jpg,19
images/cup_cakes/1919115.jpg,18
images/chicken_wings/1136330.jpg,12
images/caesar_salad/1918486.jpg,6
images/baklava/824035.jpg,1
images/apple_pie/1753171.jpg,0
images/creme_brulee/1208047.jpg,17
images/foie_gras/582494.jpg,25
images/creme_brulee/856848.jpg,17
images/apple_pie/2745241.jpg,0
images/french_fries/174977.jpg,26
images/falafel/1678050.jpg,23
images/french_fries/674434.jpg,26
images/baklava/215436.jpg,1
images/french_fries/2788061.jpg,26
images/french_fries/3317868.jpg,26
images/club_sandwich/2944977.jpg,15
images/beet_salad/3840128.jpg,3
images/cheese_plate/789580.jpg,10
images/carrot_cake/2456657.jpg,9
images/chocolate_cake/1246946.jpg,13
images/beef_carpaccio/1525582.jpg,2
images/falafel/974606.jpg,23
images/donuts/2544659.jpg,19
images/falafel/966926.jpg,23
images/donuts/2205272.jpg,19
images/french_fries/1958538.jpg,26
images/edamame/3634423.jpg,20
images/baklava/663062.jpg,1
images/club_sandwich/1227130.jpg,15
images/beignets/264256.jpg,4
images/donuts/3454773.jpg,19
images/baklava/3015422.jpg,1
images/beignets/1780417.jpg,4
images/beignets/534825.jpg,4
images/cheese_plate/355482.jpg,10
images/cheese_plate/2915279.jpg,10
images/bruschetta/3154039.jpg,5
images/apple_pie/1280767.jpg,0
images/beet_salad/3431033.jpg,3
images/beignets/3910446.jpg,4
images/apple_pie/3463862.jpg,0
images/beef_carpaccio/1097105.jpg,2
images/caprese_salad/2009563.jpg,8
images/chocolate_cake/3404780.jpg,13
images/fish_and_chips/2838596.jpg,24
images/cannoli/2783596.jpg,7
images/churros/2820326.jpg,14
images/eggs_benedict/1412367.jpg,21
images/crab_cakes/939129.jpg,16
images/fish_and_chips/2063782.jpg,24
images/beet_salad/966348.jpg,3
images/creme_brulee/252184.jpg,17
images/churros/1240586.jpg,14
images/beef_carpaccio/1344424.jpg,2
images/cheesecake/2233012.jpg,11
images/chicken_wings/2770320.jpg,12
images/escargots/711046.jpg,22
images/baklava/2008550.jpg,1
images/escargots/1315850.jpg,22
images/caprese_salad/1306979.jpg,8
images/edamame/1147613.jpg,20
images/carrot_cake/1070152.jpg,9
images/cheese_plate/3397208.jpg,10
images/beet_salad/2489369.jpg,3
images/falafel/220876.jpg,23
images/club_sandwich/2060571.jpg,15
images/crab_cakes/7802.jpg,16
images/chocolate_cake/1216475.jpg,13
images/edamame/207600.jpg,20
images/beignets/3617075.jpg,4
images/cheese_plate/1970400.jpg,10
images/french_fries/760811.jpg,26
images/carrot_cake/759507.jpg,9
images/donuts/136841.jpg,19
images/apple_pie/2800543.jpg,0
images/churros/1076994.jpg,14
images/chicken_wings/1671023.jpg,12
images/churros/671852.jpg,14
images/cheese_plate/770156.jpg,10
images/falafel/466988.jpg,23
images/caprese_salad/2121220.jpg,8
images/club_sandwich/1137307.jpg,15
images/baklava/2575524.jpg,1
images/crab_cakes/3392380.jpg,16
images/foie_gras/2531872.jpg,25
images/chocolate_cake/3060270.jpg,13
images/beignets/1049387.jpg,4
images/cannoli/792215.jpg,7
images/cheese_plate/2564913.jpg,10
images/cup_cakes/2757799.jpg,18
images/fish_and_chips/2946438.jpg,24
images/baklava/2852513.jpg,1
images/cup_cakes/392265.jpg,18
images/fish_and_chips/1318873.jpg,24
images/apple_pie/1177254.jpg,0
images/donuts/2617163.jpg,19
images/chicken_wings/1731375.jpg,12
images/beef_carpaccio/1364391.jpg,2
images/escargots/859004.jpg,22
images/beignets/659585.jpg,4
images/caprese_salad/2260759.jpg,8
images/beef_carpaccio/1923975.jpg,2
images/caesar_salad/387912.jpg,6
images/beet_salad/2173711.jpg,3
images/donuts/111351.jpg,19
images/baklava/2984698.jpg,1
images/bruschetta/1807334.jpg,5
images/cheesecake/3294104.jpg,11
images/churros/1085259.jpg,14
images/caprese_salad/1735558.jpg,8
images/cheesecake/3361907.jpg,11
images/cheesecake/793391.jpg,11
images/baklava/899196.jpg,1
images/creme_brulee/12884.jpg,17
images/beef_carpaccio/821853.jpg,2
images/creme_brulee/3100575.jpg,17
images/caprese_salad/3335167.jpg,8
images/caprese_salad/93821.jpg,8
images/baklava/2942515.jpg,1
images/beef_carpaccio/887024.jpg,2
images/beef_carpaccio/720185.jpg,2
images/churros/70869.jpg,14
images/crab_cakes/603399.jpg,16
images/crab_cakes/2749881.jpg,16
images/falafel/3061122.jpg,23
images/cheese_plate/1975548.jpg,10
images/cheesecake/1057054.jpg,11
images/baklava/2431737.jpg,1
images/caesar_salad/545444.jpg,6
images/fish_and_chips/1097686.jpg,24
images/edamame/355099.jpg,20
images/cup_cakes/3070488.jpg,18
images/caprese_salad/698949.jpg,8
images/falafel/284362.jpg,23
images/eggs_benedict/3527475.jpg,21
images/foie_gras/2011470.jpg,25
images/beet_salad/2903339.jpg,3
images/churros/2432390.jpg,14
images/caesar_salad/1388474.jpg,6
images/cannoli/2707189.jpg,7
images/falafel/1875075.jpg,23
images/falafel/2073253.jpg,23
images/chicken_wings/261191.jpg,12
images/churros/2097957.jpg,14
images/caesar_salad/2516526.jpg,6
images/crab_cakes/2399259.jpg,16
images/fish_and_chips/2805153.jpg,24
images/donuts/2467025.jpg,19
images/apple_pie/3594414.jpg,0
images/foie_gras/1786964.jpg,25
images/beignets/2884912.jpg,4
images/escargots/3362688.jpg,22
images/beef_carpaccio/863870.jpg,2
images/chicken_wings/3570288.jpg,12
images/beignets/38052.jpg,4
images/falafel/2095060.jpg,23
images/beignets/3482362.jpg,4
images/chicken_wings/760873.jpg,12
images/caprese_salad/372704.jpg,8
images/eggs_benedict/834770.jpg,21
images/cup_cakes/308933.jpg,18
images/caprese_salad/506799.jpg,8
images/caesar_salad/2418215.jpg,6
images/apple_pie/2407532.jpg,0
images/cheesecake/172690.jpg,11
images/cannoli/1185937.jpg,7
images/caprese_salad/59932.jpg,8
images/baklava/766339.jpg,1
images/caprese_salad/2178846.jpg,8
images/edamame/2432993.jpg,20
images/chicken_wings/776742.jpg,12
images/caesar_salad/2919810.jpg,6
images/donuts/2706793.jpg,19
images/escargots/3687108.jpg,22
images/caesar_salad/2807919.jpg,6
images/caprese_salad/2745307.jpg,8
images/eggs_benedict/3131422.jpg,21
images/apple_pie/2408052.jpg,0
images/carrot_cake/1888567.jpg,9
images/cup_cakes/774852.jpg,18
images/cannoli/1798703.jpg,7
images/french_fries/2369999.jpg,26
images/baklava/461467.jpg,1
images/creme_brulee/1499772.jpg,17
images/cannoli/1233017.jpg,7
images/caesar_salad/2039808.jpg,6
images/baklava/3605800.jpg,1
images/cheesecake/1093939.jpg,11
images/chicken_wings/485465.jpg,12
images/cheese_plate/2583251.jpg,10
images/falafel/774453.jpg,23
images/edamame/3120804.jpg,20
images/beef_carpaccio/948518.jpg,2
images/caesar_salad/1260222.jpg,6
images/cheese_plate/1961793.jpg,10
images/falafel/1459221.jpg,23
images/foie_gras/3388041.jpg,25
images/crab_cakes/63320.jpg,16
images/club_sandwich/87971.jpg,15
images/crab_cakes/2972582.jpg,16
images/escargots/1239367.jpg,22
images/chocolate_cake/90698.jpg,13
images/carrot_cake/2899912.jpg,9
images/club_sandwich/886180.jpg,15
images/fish_and_chips/3919926.jpg,24
images/baklava/3222525.jpg,1
images/french_fries/63947.jpg,26
images/beef_carpaccio/2845371.jpg,2
images/chicken_wings/942862.jpg,12
images/edamame/2149570.jpg,20
images/escargots/3458617.jpg,22
images/beignets/1385293.jpg,4
images/bruschetta/1232934.jpg,5
images/chicken_wings/250886.jpg,12
images/baklava/558342.jpg,1
images/caprese_salad/3234819.jpg,8
images/cheesecake/3795552.jpg,11
images/beignets/2318157.jpg,4
images/beignets/1944033.jpg,4
images/cheesecake/358636.jpg,11
images/eggs_benedict/3561953.jpg,21
images/edamame/3687909.jpg,20
images/cheesecake/1207977.jpg,11
images/chicken_wings/1301022.jpg,12
images/apple_pie/3829004.jpg,0
images/bruschetta/2795103.jpg,5
images/baklava/3261770.jpg,1
images/cup_cakes/764594.jpg,18
images/fish_and_chips/3756148.jpg,24
images/escargots/1255453.jpg,22
images/cheese_plate/15208.jpg,10
images/bruschetta/2518748.jpg,5
images/edamame/2062250.jpg,20
images/eggs_benedict/2328505.jpg,21
images/escargots/2762343.jpg,22
images/crab_cakes/3855055.jpg,16
images/crab_cakes/2662740.jpg,16
images/beet_salad/3174610.jpg,3
images/edamame/1041400.jpg,20
images/falafel/1114177.jpg,23
images/cheese_plate/2646799.jpg,10
images/beignets/634949.jpg,4
images/creme_brulee/3012726.jpg,17
images/beef_carpaccio/3228191.jpg,2
images/chicken_wings/2919671.jpg,12
images/cheesecake/2249472.jpg,11
images/cheese_plate/1442876.jpg,10
images/caprese_salad/2913386.jpg,8
images/fish_and_chips/38171.jpg,24
images/beef_carpaccio/2925245.jpg,2
images/creme_brulee/1776955.jpg,17
images/falafel/2822419.jpg,23
images/fish_and_chips/2694224.jpg,24
images/beignets/645057.jpg,4
images/bruschetta/2432878.jpg,5
images/beet_salad/3912659.jpg,3
images/creme_brulee/2449383.jpg,17
images/baklava/3681517.jpg,1
images/fish_and_chips/50844.jpg,24
images/carrot_cake/2854822.jpg,9
images/falafel/2122211.jpg,23
images/cheesecake/998656.jpg,11
images/fish_and_chips/3312053.jpg,24
images/escargots/3706557.jpg,22
images/fish_and_chips/820685.jpg,24
images/beet_salad/3145669.jpg,3
images/fish_and_chips/2796786.jpg,24
images/creme_brulee/167592.jpg,17
images/apple_pie/559953.jpg,0
images/french_fries/3746805.jpg,26
images/caesar_salad/3386734.jpg,6
images/caesar_salad/868568.jpg,6
images/french_fries/1364015.jpg,26
images/creme_brulee/3791688.jpg,17
images/cheese_plate/78002.jpg,10
images/eggs_benedict/2677033.jpg,21
images/club_sandwich/3490975.jpg,15
images/creme_brulee/1929142.jpg,17
images/cheese_plate/3094627.jpg,10
images/cup_cakes/3064799.jpg,18
images/baklava/138970.jpg,1
images/cannoli/553447.jpg,7
images/baklava/825286.jpg,1
images/beet_salad/1634598.jpg,3
images/eggs_benedict/2835535.jpg,21
images/foie_gras/1397451.jpg,25
images/french_fries/2382614.jpg,26
images/creme_brulee/101814.jpg,17
images/falafel/3734730.jpg,23
images/cannoli/1927599.jpg,7
images/apple_pie/1450514.jpg,0
images/crab_cakes/3580212.jpg,16
images/chocolate_cake/106203.jpg,13
images/cheese_plate/1622768.jpg,10
images/baklava/468427.jpg,1
images/chicken_wings/688356.jpg,12
images/cup_cakes/3579569.jpg,18
images/crab_cakes/1969495.jpg,16
images/bruschetta/258908.jpg,5
images/caesar_salad/2794828.jpg,6
images/french_fries/3635674.jpg,26
images/escargots/2573636.jpg,22
images/beignets/657579.jpg,4
images/cup_cakes/661219.jpg,18
images/beet_salad/3416123.jpg,3
images/crab_cakes/3901752.jpg,16
images/churros/3444916.jpg,14
images/beef_carpaccio/1662207.jpg,2
images/beef_carpaccio/2968291.jpg,2
images/club_sandwich/2029491.jpg,15
images/carrot_cake/2403711.jpg,9
images/fish_and_chips/2186706.jpg,24
images/foie_gras/14344.jpg,25
images/escargots/1025950.jpg,22
images/bruschetta/2160577.jpg,5
images/cup_cakes/862854.jpg,18
images/falafel/3628551.jpg,23
images/escargots/1334294.jpg,22
images/chocolate_cake/1523068.jpg,13
images/beet_salad/2449908.jpg,3
images/beet_salad/2940332.jpg,3
images/cup_cakes/1484592.jpg,18
images/cannoli/487953.jpg,7
images/crab_cakes/1453558.jpg,16
images/chocolate_cake/641108.jpg,13
images/churros/1382503.jpg,14
images/bruschetta/2066472.jpg,5
images/cheese_plate/488896.jpg,10
images/club_sandwich/1107139.jpg,15
images/chicken_wings/3207253.jpg,12
images/apple_pie/631412.jpg,0
images/cup_cakes/2169965.jpg,18
images/cup_cakes/2900262.jpg,18
images/baklava/2073284.jpg,1
images/falafel/1879055.jpg,23
images/club_sandwich/2689819.jpg,15
images/edamame/851806.jpg,20
images/foie_gras/1470423.jpg,25
images/club_sandwich/2580156.jpg,15
images/creme_brulee/337315.jpg,17
images/cannoli/1489448.jpg,7
images/falafel/3181929.jpg,23
images/crab_cakes/1076526.jpg,16
images/cannoli/2535080.jpg,7
images/creme_brulee/370119.jpg,17
images/cup_cakes/114847.jpg,18
images/caprese_salad/1342886.jpg,8
images/cannoli/2627797.jpg,7
images/carrot_cake/1024932.jpg,9
images/cannoli/3201965.jpg,7
images/foie_gras/1576364.jpg,25
images/crab_cakes/653527.jpg,16
images/escargots/1896822.jpg,22
images/cheesecake/1835656.jpg,11
images/cheese_plate/2237422.jpg,10
images/churros/332509.jpg,14
images/falafel/245406.jpg,23
images/creme_brulee/3463944.jpg,17
images/caesar_salad/3617220.jpg,6
images/foie_gras/2641571.jpg,25
images/carrot_cake/588678.jpg,9
images/cup_cakes/2620093.jpg,18
images/chocolate_cake/2644813.jpg,13
images/bruschetta/1883051.jpg,5
images/beet_salad/2778205.jpg,3
images/fish_and_chips/806759.jpg,24
images/cheesecake/3671710.jpg,11
images/french_fries/290229.jpg,26
images/cheesecake/3510776.jpg,11
images/cheesecake/666489.jpg,11
images/beet_salad/1269165.jpg,3
images/beef_carpaccio/326667.jpg,2
images/beignets/250481.jpg,4
images/beignets/388739.jpg,4
images/bruschetta/2053216.jpg,5
images/eggs_benedict/2478996.jpg,21
images/fish_and_chips/545313.jpg,24
images/edamame/3433805.jpg,20
images/carrot_cake/695922.jpg,9
images/apple_pie/1657587.jpg,0
images/edamame/3361186.jpg,20
images/caprese_salad/413397.jpg,8
images/caprese_salad/3276271.jpg,8
images/edamame/2568515.jpg,20
images/beignets/3664819.jpg,4
images/cheesecake/1527708.jpg,11
images/cannoli/1931873.jpg,7
images/carrot_cake/1151571.jpg,9
images/fish_and_chips/1274939.jpg,24
images/edamame/439718.jpg,20
images/donuts/166210.jpg,19
images/churros/1142539.jpg,14
images/cheesecake/911283.jpg,11
images/beet_salad/1022174.jpg,3
images/caprese_salad/2443213.jpg,8
images/chicken_wings/945122.jpg,12
images/caprese_salad/2001892.jpg,8
images/fish_and_chips/177948.jpg,24
images/crab_cakes/1740151.jpg,16
images/falafel/3182458.jpg,23
images/chocolate_cake/840315.jpg,13
images/cheese_plate/2600928.jpg,10
images/caesar_salad/3035235.jpg,6
images/cheese_plate/720208.jpg,10
images/beef_carpaccio/2738534.jpg,2
images/caesar_salad/1485495.jpg,6
images/edamame/190074.jpg,20
images/carrot_cake/2319839.jpg,9
images/falafel/3544390.jpg,23
images/cannoli/2821147.jpg,7
images/creme_brulee/3333169.jpg,17
images/beignets/2602081.jpg,4
images/apple_pie/3408912.jpg,0
images/creme_brulee/2318273.jpg,17
images/foie_gras/1626640.jpg,25
images/baklava/1075871.jpg,1
images/caprese_salad/3183141.jpg,8
images/churros/1251291.jpg,14
images/crab_cakes/2469840.jpg,16
images/cheese_plate/3124756.jpg,10
images/carrot_cake/3886381.jpg,9
images/beet_salad/2671983.jpg,3
images/cannoli/277201.jpg,7
images/beet_salad/2727637.jpg,3
images/fish_and_chips/857919.jpg,24
images/foie_gras/3234786.jpg,25
images/cannoli/2705884.jpg,7
images/beignets/3879807.jpg,4
images/caprese_salad/2197925.jpg,8
images/edamame/2544908.jpg,20
images/club_sandwich/154380.jpg,15
images/fish_and_chips/2410998.jpg,24
images/falafel/1828408.jpg,23
images/french_fries/2972546.jpg,26
images/chicken_wings/856519.jpg,12
images/club_sandwich/1396725.jpg,15
images/eggs_benedict/1568452.jpg,21
images/caesar_salad/524653.jpg,6
images/beet_salad/736923.jpg,3
images/cannoli/740231.jpg,7
images/carrot_cake/2340032.jpg,9
images/club_sandwich/1713085.jpg,15
images/edamame/3194381.jpg,20
images/caesar_salad/3220094.jpg,6
images/caprese_salad/3747244.jpg,8
images/chicken_wings/507904.jpg,12
images/beet_salad/3243728.jpg,3
images/fish_and_chips/1807114.jpg,24
images/donuts/2313437.jpg,19
images/foie_gras/747205.jpg,25
images/beignets/539874.jpg,4
images/bruschetta/2738299.jpg,5
images/beef_carpaccio/3143090.jpg,2
images/club_sandwich/3783437.jpg,15
images/cheesecake/2788868.jpg,11
images/beet_salad/1324204.jpg,3
images/cup_cakes/3653035.jpg,18
images/beignets/1965060.jpg,4
images/eggs_benedict/2719946.jpg,21
images/falafel/712992.jpg,23
images/beignets/3222985.jpg,4
images/creme_brulee/834111.jpg,17
images/caesar_salad/2020524.jpg,6
images/escargots/3659913.jpg,22
images/beet_salad/3165387.jpg,3
images/foie_gras/1210133.jpg,25
images/cup_cakes/824299.jpg,18
images/edamame/1704257.jpg,20
images/creme_brulee/2112989.jpg,17
images/foie_gras/3085663.jpg,25
images/creme_brulee/398510.jpg,17
images/baklava/2695500.jpg,1
images/beet_salad/141749.jpg,3
images/baklava/2249815.jpg,1
images/edamame/3292359.jpg,20
images/fish_and_chips/2425760.jpg,24
images/edamame/587222.jpg,20
images/crab_cakes/3232345.jpg,16
images/foie_gras/1495490.jpg,25
images/donuts/1529466.jpg,19
images/foie_gras/1680834.jpg,25
images/cheese_plate/3202583.jpg,10
images/donuts/3384337.jpg,19
images/beignets/2399174.jpg,4
images/beef_carpaccio/2181432.jpg,2
images/cup_cakes/361454.jpg,18
images/bruschetta/3435835.jpg,5
images/creme_brulee/1213798.jpg,17
images/donuts/3733062.jpg,19
images/escargots/928476.jpg,22
images/cheesecake/2047998.jpg,11
images/cup_cakes/1595113.jpg,18
images/apple_pie/1764457.jpg,0
images/apple_pie/1448488.jpg,0
images/cannoli/2034686.jpg,7
images/cheese_plate/2132275.jpg,10
images/bruschetta/603022.jpg,5
images/cup_cakes/2003872.jpg,18
images/escargots/2746646.jpg,22
images/crab_cakes/1351872.jpg,16
images/cup_cakes/2093573.jpg,18
images/cheese_plate/1389479.jpg,10
images/chicken_wings/3282233.jpg,12
images/caesar_salad/661074.jpg,6
images/caesar_salad/516369.jpg,6
images/beet_salad/1384712.jpg,3
images/french_fries/1703753.jpg,26
images/falafel/17986.jpg,23
images/chicken_wings/1214920.jpg,12
images/chicken_wings/90361.jpg,12
images/cannoli/2555407.jpg,7
images/beef_carpaccio/930764.jpg,2
images/carrot_cake/1265913.jpg,9
images/crab_cakes/2050829.jpg,16
images/fish_and_chips/1521651.jpg,24
images/club_sandwich/1660178.jpg,15
images/baklava/3477977.jpg,1
images/chicken_wings/881734.jpg,12
images/donuts/1270386.jpg,19
images/chocolate_cake/2792408.jpg,13
images/creme_brulee/1827008.jpg,17
images/baklava/2957178.jpg,1
images/fish_and_chips/3347538.jpg,24
images/beignets/1676567.jpg,4
images/escargots/2218380.jpg,22
images/eggs_benedict/3482469.jpg,21
images/eggs_benedict/3134881.jpg,21
images/french_fries/153648.jpg,26
images/eggs_benedict/3585121.jpg,21
images/club_sandwich/3459127.jpg,15
images/falafel/2971903.jpg,23
images/caesar_salad/724578.jpg,6
images/caesar_salad/3173060.jpg,6
images/cup_cakes/140828.jpg,18
images/creme_brulee/1313335.jpg,17
images/caprese_salad/2919208.jpg,8
images/donuts/2298247.jpg,19
images/crab_cakes/814716.jpg,16
images/cup_cakes/1998862.jpg,18
images/crab_cakes/891893.jpg,16
images/cheesecake/3288583.jpg,11
images/crab_cakes/259649.jpg,16
images/beignets/3345232.jpg,4
images/fish_and_chips/1563192.jpg,24
images/cannoli/2750933.jpg,7
images/falafel/2370925.jpg,23
images/beignets/1063380.jpg,4
images/beef_carpaccio/1012548.jpg,2
images/cannoli/1137983.jpg,7
images/beet_salad/3873013.jpg,3
images/escargots/322782.jpg,22
images/edamame/902721.jpg,20
images/escargots/1846925.jpg,22
images/fish_and_chips/822973.jpg,24
images/cannoli/2208921.jpg,7
images/cheesecake/2346728.jpg,11
images/fish_and_chips/3729426.jpg,24
images/edamame/3179279.jpg,20
images/donuts/3846253.jpg,19
images/caprese_salad/3901537.jpg,8
images/crab_cakes/1408565.jpg,16
images/caesar_salad/504752.jpg,6
images/beet_salad/230916.jpg,3
images/fish_and_chips/796657.jpg,24
images/escargots/1897707.jpg,22
images/donuts/3132136.jpg,19
images/club_sandwich/2631395.jpg,15
images/beignets/1017820.jpg,4
images/creme_brulee/73907.jpg,17
images/club_sandwich/3866537.jpg,15
images/club_sandwich/1316459.jpg,15
images/carrot_cake/1495931.jpg,9
images/creme_brulee/2100618.jpg,17
images/churros/695872.jpg,14
images/foie_gras/3426830.jpg,25
images/creme_brulee/1036983.jpg,17
images/club_sandwich/3852558.jpg,15
images/cannoli/1087676.jpg,7
images/caesar_salad/532501.jpg,6
images/crab_cakes/2291775.jpg,16
images/foie_gras/277802.jpg,25
images/caesar_salad/3237185.jpg,6
images/eggs_benedict/1874372.jpg,21
images/cup_cakes/2975212.jpg,18
images/baklava/3892682.jpg,1
images/french_fries/1099329.jpg,26
images/falafel/1070737.jpg,23
images/beignets/2278359.jpg,4
images/french_fries/2664896.jpg,26
images/crab_cakes/2370395.jpg,16
images/french_fries/2226284.jpg,26
images/apple_pie/3330808.jpg,0
images/french_fries/1112960.jpg,26
images/escargots/272484.jpg,22
images/apple_pie/2761976.jpg,0
images/bruschetta/2288499.jpg,5
images/escargots/1328295.jpg,22
images/edamame/545055.jpg,20
images/falafel/23760.jpg,23
images/cup_cakes/209203.jpg,18
images/edamame/20934.jpg,20
images/beet_salad/1107181.jpg,3
images/french_fries/244006.jpg,26
images/chocolate_cake/1821682.jpg,13
images/beignets/1597615.jpg,4
images/beignets/521638.jpg,4
images/falafel/1870181.jpg,23
images/cup_cakes/3253529.jpg,18
images/falafel/3067972.jpg,23
images/fish_and_chips/703028.jpg,24
images/club_sandwich/2957489.jpg,15
images/churros/2603374.jpg,14
images/french_fries/3626833.jpg,26
images/apple_pie/2745186.jpg,0
images/french_fries/3795403.jpg,26
images/cheesecake/2869177.jpg,11
images/falafel/35173.jpg,23
images/beignets/1466547.jpg,4
images/apple_pie/543253.jpg,0
images/bruschetta/1034274.jpg,5
images/caesar_salad/2043859.jpg,6
images/club_sandwich/2542226.jpg,15
images/fish_and_chips/653598.jpg,24
images/fish_and_chips/2342012.jpg,24
images/cup_cakes/509112.jpg,18
images/baklava/1392219.jpg,1
images/caesar_salad/240649.jpg,6
images/cheesecake/3499229.jpg,11
images/cup_cakes/599209.jpg,18
images/fish_and_chips/507654.jpg,24
images/falafel/1270489.jpg,23
images/churros/1484519.jpg,14
images/crab_cakes/1155316.jpg,16
images/beet_salad/228551.jpg,3
images/beef_carpaccio/2554116.jpg,2
images/crab_cakes/2780626.jpg,16
images/beignets/820120.jpg,4
images/caesar_salad/1952327.jpg,6
images/caprese_salad/529752.jpg,8
images/edamame/2781711.jpg,20
images/baklava/1034361.jpg,1
images/edamame/67807.jpg,20
images/cheesecake/1902799.jpg,11
images/escargots/1522806.jpg,22
images/beignets/1518757.jpg,4
images/creme_brulee/1597669.jpg,17
images/bruschetta/635706.jpg,5
images/apple_pie/1379062.jpg,0
images/caprese_salad/2267301.jpg,8
images/caesar_salad/3755487.jpg,6
images/fish_and_chips/2525181.jpg,24
images/eggs_benedict/2660188.jpg,21
images/fish_and_chips/3856147.jpg,24
images/edamame/740043.jpg,20
images/eggs_benedict/2496776.jpg,21
images/cheese_plate/2915249.jpg,10
images/crab_cakes/3115679.jpg,16
images/falafel/978302.jpg,23
images/falafel/3572759.jpg,23
images/falafel/1443016.jpg,23
images/edamame/165035.jpg,20
images/caesar_salad/1787312.jpg,6
images/beet_salad/1855829.jpg,3
images/beignets/2192983.jpg,4
images/cheese_plate/2780107.jpg,10
images/baklava/1547455.jpg,1
images/donuts/759973.jpg,19
images/churros/306398.jpg,14
images/beignets/2273653.jpg,4
images/cannoli/2662627.jpg,7
images/churros/654124.jpg,14
images/eggs_benedict/535323.jpg,21
images/edamame/1046034.jpg,20
images/chocolate_cake/108268.jpg,13
images/cheese_plate/2629008.jpg,10
images/french_fries/1763119.jpg,26
images/edamame/118247.jpg,20
images/fish_and_chips/280366.jpg,24
images/beef_carpaccio/986367.jpg,2
images/beignets/1830896.jpg,4
images/beet_salad/3621266.jpg,3
images/beignets/1762057.jpg,4
images/cup_cakes/398027.jpg,18
images/fish_and_chips/2799763.jpg,24
images/carrot_cake/1240663.jpg,9
images/falafel/3766050.jpg,23
images/cannoli/535026.jpg,7
images/club_sandwich/883455.jpg,15
images/cannoli/35225.jpg,7
images/beef_carpaccio/2782162.jpg,2
images/churros/855389.jpg,14
images/carrot_cake/3481534.jpg,9
images/foie_gras/899974.jpg,25
images/escargots/576230.jpg,22
images/bruschetta/266291.jpg,5
images/french_fries/2521724.jpg,26
images/cup_cakes/1463304.jpg,18
images/cannoli/1473432.jpg,7
images/caprese_salad/2580023.jpg,8
images/caesar_salad/3038308.jpg,6
images/eggs_benedict/2383437.jpg,21
images/foie_gras/1150031.jpg,25
images/cup_cakes/97713.jpg,18
images/escargots/3298970.jpg,22
images/apple_pie/3833386.jpg,0
images/fish_and_chips/3862305.jpg,24
images/club_sandwich/1353804.jpg,15
images/cup_cakes/947487.jpg,18
images/cheesecake/3643783.jpg,11
images/club_sandwich/413513.jpg,15
images/apple_pie/739615.jpg,0
images/edamame/51417.jpg,20
images/carrot_cake/1313461.jpg,9
images/beef_carpaccio/1279446.jpg,2
images/cheese_plate/3714549.jpg,10
images/baklava/2751965.jpg,1
images/crab_cakes/2331825.jpg,16
images/club_sandwich/1297247.jpg,15
images/foie_gras/3730701.jpg,25
images/beef_carpaccio/2662677.jpg,2
images/eggs_benedict/1238068.jpg,21
images/club_sandwich/769843.jpg,15
images/chicken_wings/1424551.jpg,12
images/cannoli/2055861.jpg,7
images/fish_and_chips/1217131.jpg,24
images/cheesecake/192339.jpg,11
images/baklava/3693361.jpg,1
images/cup_cakes/604432.jpg,18
images/beet_salad/1720542.jpg,3
images/beef_carpaccio/3452211.jpg,2
images/cheese_plate/1684010.jpg,10
images/french_fries/491207.jpg,26
images/cannoli/2849734.jpg,7
images/churros/1502746.jpg,14
images/french_fries/2907806.jpg,26
images/cheesecake/157405.jpg,11
images/beignets/324085.jpg,4
images/beet_salad/48219.jpg,3
images/edamame/2866674.jpg,20
images/french_fries/168924.jpg,26
images/foie_gras/2080246.jpg,25
images/cup_cakes/72335.jpg,18
images/cheesecake/752480.jpg,11
images/cheese_plate/624517.jpg,10
images/french_fries/3495789.jpg,26
images/cannoli/1838566.jpg,7
images/crab_cakes/2318691.jpg,16
images/beef_carpaccio/3009105.jpg,2
images/cannoli/1735328.jpg,7
images/club_sandwich/1260101.jpg,15
images/falafel/3801792.jpg,23
images/cheesecake/2321770.jpg,11
images/bruschetta/891844.jpg,5
images/churros/3040078.jpg,14
images/cheesecake/2499894.jpg,11
images/baklava/399226.jpg,1
images/beet_salad/3310136.jpg,3
images/crab_cakes/2251813.jpg,16
images/creme_brulee/1306834.jpg,17
images/churros/592753.jpg,14
images/chicken_wings/3649648.jpg,12
images/caesar_salad/3230956.jpg,6
images/crab_cakes/2556143.jpg,16
images/cup_cakes/2162578.jpg,18
images/beet_salad/84091.jpg,3
images/caesar_salad/2886387.jpg,6
images/donuts/415941.jpg,19
images/bruschetta/2804634.jpg,5
images/donuts/2170702.jpg,19
images/falafel/3853832.jpg,23
images/chocolate_cake/472623.jpg,13
images/bruschetta/2122998.jpg,5
images/donuts/566998.jpg,19
images/churros/3622608.jpg,14
images/cannoli/436631.jpg,7
images/chocolate_cake/1327598.jpg,13
images/foie_gras/2105421.jpg,25
images/cup_cakes/122408.jpg,18
images/fish_and_chips/1257070.jpg,24
images/crab_cakes/2762552.jpg,16
images/baklava/2547813.jpg,1
images/bruschetta/1717860.jpg,5
images/chicken_wings/139822.jpg,12
images/beef_carpaccio/2221882.jpg,2
images/chicken_wings/2687060.jpg,12
images/french_fries/2838364.jpg,26
images/donuts/346428.jpg,19
images/chocolate_cake/34516.jpg,13
images/fish_and_chips/723927.jpg,24
images/beef_carpaccio/2907748.jpg,2
images/escargots/3660583.jpg,22
images/falafel/682173.jpg,23
images/caesar_salad/1101544.jpg,6
images/escargots/1122195.jpg,22
images/club_sandwich/1458672.jpg,15
images/carrot_cake/2785560.jpg,9
images/caesar_salad/1719960.jpg,6
images/club_sandwich/53961.jpg,15
images/beet_salad/799594.jpg,3
images/chicken_wings/587248.jpg,12
images/bruschetta/3896592.jpg,5
images/bruschetta/3836414.jpg,5
images/escargots/1928801.jpg,22
images/chocolate_cake/2240146.jpg,13
images/escargots/2209141.jpg,22
images/baklava/814475.jpg,1
images/edamame/1959636.jpg,20
images/caesar_salad/2620968.jpg,6
images/beet_salad/3694889.jpg,3
images/beef_carpaccio/127274.jpg,2
images/carrot_cake/613351.jpg,9
images/bruschetta/1640671.jpg,5
images/foie_gras/2176843.jpg,25
images/beignets/2349955.jpg,4
images/caprese_salad/2893232.jpg,8
images/cannoli/2826248.jpg,7
images/escargots/1581137.jpg,22
images/baklava/2635116.jpg,1
images/cannoli/1817102.jpg,7
images/cup_cakes/2027420.jpg,18
images/caprese_salad/3043904.jpg,8
images/bruschetta/328027.jpg,5
images/churros/958499.jpg,14
images/caesar_salad/2088906.jpg,6
images/cheesecake/593072.jpg,11
images/bruschetta/1571741.jpg,5
images/bruschetta/3491098.jpg,5
images/chicken_wings/1515893.jpg,12
images/chocolate_cake/3855693.jpg,13
images/fish_and_chips/705141.jpg,24
images/baklava/2198175.jpg,1
images/donuts/3365405.jpg,19
images/baklava/1778973.jpg,1
images/donuts/2912309.jpg,19
images/cup_cakes/1794466.jpg,18
images/donuts/3589422.jpg,19
images/caesar_salad/1154923.jpg,6
images/chicken_wings/1038932.jpg,12
images/apple_pie/2854105.jpg,0
images/beignets/217043.jpg,4
images/carrot_cake/1104301.jpg,9
images/chicken_wings/531663.jpg,12
images/cheese_plate/779144.jpg,10
images/churros/2949351.jpg,14
images/caesar_salad/1303023.jpg,6
images/beignets/1763869.jpg,4
images/fish_and_chips/687241.jpg,24
images/foie_gras/588808.jpg,25
images/donuts/239068.jpg,19
images/crab_cakes/3469727.jpg,16
images/carrot_cake/2527796.jpg,9
images/baklava/1606146.jpg,1
images/french_fries/2275484.jpg,26
images/cup_cakes/2102248.jpg,18
images/french_fries/2169308.jpg,26
images/cheesecake/1261049.jpg,11
images/club_sandwich/901216.jpg,15
images/crab_cakes/2348499.jpg,16
images/chocolate_cake/3403159.jpg,13
images/cheese_plate/2441789.jpg,10
images/crab_cakes/3893382.jpg,16
images/beef_carpaccio/1393529.jpg,2
images/cannoli/2531287.jpg,7
images/cup_cakes/601989.jpg,18
images/cheese_plate/3797343.jpg,10
images/apple_pie/767395.jpg,0
images/fish_and_chips/2843310.jpg,24
images/chocolate_cake/1573482.jpg,13
images/churros/2708222.jpg,14
images/cheesecake/1278827.jpg,11
images/beet_salad/1758981.jpg,3
images/creme_brulee/650519.jpg,17
images/french_fries/1033213.jpg,26
images/beet_salad/1071243.jpg,3
images/foie_gras/2913260.jpg,25
images/edamame/3023528.jpg,20
images/fish_and_chips/139974.jpg,24
images/fish_and_chips/287722.jpg,24
images/chicken_wings/3769369.jpg,12
images/caesar_salad/2229672.jpg,6
images/creme_brulee/2935716.jpg,17
images/chocolate_cake/2778263.jpg,13
images/caprese_salad/3775987.jpg,8
images/churros/781604.jpg,14
images/fish_and_chips/1505412.jpg,24
images/escargots/2354802.jpg,22
images/crab_cakes/1013559.jpg,16
images/beef_carpaccio/815483.jpg,2
images/caesar_salad/3021520.jpg,6
images/chicken_wings/2984871.jpg,12
images/edamame/1188797.jpg,20
images/caesar_salad/372569.jpg,6
images/cup_cakes/2029465.jpg,18
images/bruschetta/461152.jpg,5
images/escargots/3154176.jpg,22
images/chocolate_cake/873888.jpg,13
images/donuts/99223.jpg,19
images/escargots/2957780.jpg,22
images/creme_brulee/3504772.jpg,17
images/fish_and_chips/3476152.jpg,24
images/beet_salad/1324013.jpg,3
images/edamame/2245858.jpg,20
images/chicken_wings/3494050.jpg,12
images/crab_cakes/1974639.jpg,16
images/edamame/2534967.jpg,20
images/falafel/1986942.jpg,23
images/escargots/2720607.jpg,22
images/apple_pie/2153869.jpg,0
images/baklava/3089213.jpg,1
images/cheese_plate/467904.jpg,10
images/caesar_salad/2118208.jpg,6
images/beet_salad/2817904.jpg,3
images/beet_salad/1794578.jpg,3
images/apple_pie/858876.jpg,0
images/foie_gras/1721540.jpg,25
images/caprese_salad/915646.jpg,8
images/french_fries/2154538.jpg,26
images/foie_gras/2253854.jpg,25
images/chicken_wings/2693829.jpg,12
images/carrot_cake/3175778.jpg,9
images/churros/1230967.jpg,14
images/club_sandwich/2645959.jpg,15
images/chocolate_cake/3480274.jpg,13
images/creme_brulee/1352356.jpg,17
images/apple_pie/3349423.jpg,0
images/crab_cakes/123352.jpg,16
images/beet_salad/1700166.jpg,3
images/beet_salad/527682.jpg,3
images/falafel/3737673.jpg,23
images/beef_carpaccio/1621486.jpg,2
images/caesar_salad/3414996.jpg,6
images/crab_cakes/938063.jpg,16
images/cheese_plate/587295.jpg,10
images/foie_gras/1715213.jpg,25
images/falafel/1377192.jpg,23
images/crab_cakes/881877.jpg,16
images/cheesecake/1803975.jpg,11
images/cannoli/471785.jpg,7
images/cheesecake/109823.jpg,11
images/fish_and_chips/55493.jpg,24
images/beef_carpaccio/2155995.jpg,2
images/french_fries/697086.jpg,26
images/cheese_plate/3660496.jpg,10
images/chocolate_cake/3759839.jpg,13
images/chicken_wings/1301090.jpg,12
images/escargots/3088377.jpg,22
images/falafel/3486490.jpg,23
images/apple_pie/2086645.jpg,0
images/cannoli/2742332.jpg,7
images/eggs_benedict/817956.jpg,21
images/churros/354939.jpg,14
images/falafel/2003493.jpg,23
images/french_fries/525330.jpg,26
images/chocolate_cake/2479908.jpg,13
images/caesar_salad/1892138.jpg,6
images/caesar_salad/3277336.jpg,6
images/chocolate_cake/2642149.jpg,13
images/carrot_cake/2677175.jpg,9
images/eggs_benedict/2986646.jpg,21
images/falafel/778259.jpg,23
images/foie_gras/948279.jpg,25
images/chocolate_cake/3399644.jpg,13
images/beignets/1223650.jpg,4
images/eggs_benedict/3603645.jpg,21
images/escargots/3077047.jpg,22
images/falafel/326406.jpg,23
images/french_fries/3509699.jpg,26
images/fish_and_chips/1852276.jpg,24
images/bruschetta/3584801.jpg,5
images/cheesecake/3817343.jpg,11
images/beef_carpaccio/907504.jpg,2
images/falafel/3274647.jpg,23
images/beet_salad/596425.jpg,3
images/club_sandwich/1886101.jpg,15
images/escargots/3067805.jpg,22
images/beef_carpaccio/1461443.jpg,2
images/creme_brulee/332369.jpg,17
images/beignets/558512.jpg,4
images/foie_gras/264564.jpg,25
images/caesar_salad/246787.jpg,6
images/donuts/2473748.jpg,19
images/bruschetta/1229891.jpg,5
images/escargots/3230651.jpg,22
images/crab_cakes/942233.jpg,16
images/crab_cakes/731560.jpg,16
images/edamame/488373.jpg,20
images/carrot_cake/2025895.jpg,9
images/falafel/1381861.jpg,23
images/cup_cakes/639677.jpg,18
images/cheese_plate/3741479.jpg,10
images/chicken_wings/1471983.jpg,12
images/bruschetta/3785945.jpg,5
images/chocolate_cake/17054.jpg,13
images/churros/3417598.jpg,14
images/carrot_cake/1623924.jpg,9
images/cheese_plate/3533398.jpg,10
images/chocolate_cake/3688150.jpg,13
images/baklava/3160022.jpg,1
images/crab_cakes/2614220.jpg,16
images/french_fries/1453873.jpg,26
images/cheese_plate/878085.jpg,10
images/beignets/3014442.jpg,4
images/french_fries/3236925.jpg,26
images/caprese_salad/1147427.jpg,8
images/beef_carpaccio/3001283.jpg,2
images/baklava/3363499.jpg,1
images/eggs_benedict/1971492.jpg,21
images/club_sandwich/683950.jpg,15
images/cheese_plate/3504930.jpg,10
images/eggs_benedict/3302486.jpg,21
images/caprese_salad/1411066.jpg,8
images/cheese_plate/2270570.jpg,10
images/club_sandwich/1243806.jpg,15
images/carrot_cake/318979.jpg,9
images/donuts/2226530.jpg,19
images/creme_brulee/3171909.jpg,17
images/cannoli/1315364.jpg,7
images/eggs_benedict/794793.jpg,21
images/churros/803429.jpg,14
images/falafel/2378938.jpg,23
images/beet_salad/1858490.jpg,3
images/caprese_salad/653226.jpg,8
images/donuts/1418364.jpg,19
images/escargots/2427832.jpg,22
images/edamame/1516641.jpg,20
images/beet_salad/3595847.jpg,3
images/cannoli/2731691.jpg,7
images/caprese_salad/1311754.jpg,8
images/cup_cakes/1090430.jpg,18
images/french_fries/3567317.jpg,26
images/beef_carpaccio/1076738.jpg,2
images/chicken_wings/930755.jpg,12
images/cup_cakes/1707810.jpg,18
images/club_sandwich/1232414.jpg,15
images/escargots/3399923.jpg,22
images/creme_brulee/3155386.jpg,17
images/cup_cakes/678135.jpg,18
images/baklava/1458537.jpg,1
images/creme_brulee/3900789.jpg,17
images/churros/506009.jpg,14
images/edamame/3172458.jpg,20
images/beignets/3086925.jpg,4
images/cheese_plate/2705601.jpg,10
images/creme_brulee/2917815.jpg,17
images/donuts/3374427.jpg,19
images/escargots/1259835.jpg,22
images/caesar_salad/52881.jpg,6
images/baklava/1783883.jpg,1
images/cannoli/1656092.jpg,7
images/caesar_salad/141784.jpg,6
images/french_fries/614545.jpg,26
images/french_fries/3246331.jpg,26
images/beignets/3529111.jpg,4
images/baklava/1614515.jpg,1
images/falafel/2352108.jpg,23
images/cheese_plate/1813831.jpg,10
images/bruschetta/105847.jpg,5
images/chicken_wings/3166785.jpg,12
images/club_sandwich/360537.jpg,15
images/churros/389134.jpg,14
images/chicken_wings/391858.jpg,12
images/bruschetta/522307.jpg,5
images/baklava/2321742.jpg,1
images/french_fries/1008945.jpg,26
images/crab_cakes/3812105.jpg,16
images/cheesecake/1914330.jpg,11
images/caprese_salad/952979.jpg,8
images/cup_cakes/3869082.jpg,18
images/beet_salad/2641773.jpg,3
images/falafel/1616534.jpg,23
images/beignets/2683786.jpg,4
images/cheesecake/2527984.jpg,11
images/caesar_salad/3466736.jpg,6
images/escargots/2949695.jpg,22
images/french_fries/17394.jpg,26
images/baklava/2742348.jpg,1
images/cheese_plate/1170245.jpg,10
images/apple_pie/2737512.jpg,0
images/carrot_cake/1834546.jpg,9
images/creme_brulee/318107.jpg,17
images/beet_salad/2918056.jpg,3
images/escargots/3882921.jpg,22
images/foie_gras/1233581.jpg,25
images/chocolate_cake/2175314.jpg,13
images/carrot_cake/2063444.jpg,9
images/beet_salad/3761820.jpg,3
images/foie_gras/2375370.jpg,25
images/bruschetta/2664089.jpg,5
images/crab_cakes/3177880.jpg,16
images/french_fries/3813899.jpg,26
images/club_sandwich/3826015.jpg,15
images/bruschetta/997981.jpg,5
images/fish_and_chips/2480161.jpg,24
images/cheese_plate/33708.jpg,10
images/beignets/608261.jpg,4
images/caprese_salad/234780.jpg,8
images/crab_cakes/875485.jpg,16
images/donuts/1728148.jpg,19
images/edamame/2112180.jpg,20
images/escargots/2192149.jpg,22
images/cannoli/2516298.jpg,7
images/foie_gras/3688699.jpg,25
images/edamame/2036542.jpg,20
images/churros/3180897.jpg,14
images/beignets/1118856.jpg,4
images/french_fries/439892.jpg,26
images/bruschetta/794083.jpg,5
images/crab_cakes/1456203.jpg,16
images/churros/371224.jpg,14
images/chicken_wings/1780271.jpg,12
images/edamame/1318975.jpg,20
images/club_sandwich/882297.jpg,15
images/beef_carpaccio/1675434.jpg,2
images/bruschetta/71115.jpg,5
images/escargots/1273210.jpg,22
images/churros/1522076.jpg,14
images/beef_carpaccio/2072790.jpg,2
images/cheesecake/2500180.jpg,11
images/churros/2173060.jpg,14
images/foie_gras/2235919.jpg,25
images/bruschetta/1031947.jpg,5
images/falafel/2223426.jpg,23
images/churros/27769.jpg,14
images/caesar_salad/155315.jpg,6
images/churros/1252129.jpg,14
images/fish_and_chips/1768927.jpg,24
images/fish_and_chips/1709357.jpg,24
images/french_fries/820107.jpg,26
images/baklava/1689349.jpg,1
images/carrot_cake/664617.jpg,9
images/cheesecake/2875112.jpg,11
images/caprese_salad/2821697.jpg,8
images/beet_salad/1015901.jpg,3
images/carrot_cake/2326445.jpg,9
images/club_sandwich/859861.jpg,15
images/carrot_cake/1942306.jpg,9
images/cheesecake/2506844.jpg,11
images/carrot_cake/1511689.jpg,9
images/cup_cakes/876662.jpg,18
images/cannoli/2558877.jpg,7
images/carrot_cake/2596915.jpg,9
images/churros/456796.jpg,14
images/cup_cakes/1957073.jpg,18
images/caprese_salad/3631022.jpg,8
images/caesar_salad/3371819.jpg,6
images/bruschetta/3268307.jpg,5
images/creme_brulee/1253807.jpg,17
images/beef_carpaccio/2593812.jpg,2
images/beignets/3665583.jpg,4
images/chocolate_cake/969644.jpg,13
images/cup_cakes/282176.jpg,18
images/beet_salad/3049578.jpg,3
images/cannoli/3655716.jpg,7
images/carrot_cake/2613289.jpg,9
images/chocolate_cake/259749.jpg,13
images/cheese_plate/1397309.jpg,10
images/apple_pie/2601920.jpg,0
images/french_fries/2269039.jpg,26
images/caprese_salad/3765604.jpg,8
images/apple_pie/3318370.jpg,0
images/crab_cakes/2280130.jpg,16
images/chicken_wings/3060145.jpg,12
images/eggs_benedict/116205.jpg,21
images/beef_carpaccio/2041230.jpg,2
images/carrot_cake/2083604.jpg,9
images/donuts/42188.jpg,19
images/cheese_plate/542577.jpg,10
images/chicken_wings/189486.jpg,12
images/bruschetta/312457.jpg,5
images/edamame/3130749.jpg,20
images/cheese_plate/2126110.jpg,10
images/donuts/1743779.jpg,19
images/cannoli/3414419.jpg,7
images/cheesecake/1552807.jpg,11
images/donuts/2646885.jpg,19
images/beef_carpaccio/2590469.jpg,2
images/french_fries/1504529.jpg,26
images/falafel/1607491.jpg,23
images/creme_brulee/3817192.jpg,17
images/cannoli/2621754.jpg,7
images/beef_carpaccio/2047053.jpg,2
images/club_sandwich/1320767.jpg,15
images/cup_cakes/3888514.jpg,18
images/chocolate_cake/656366.jpg,13
images/bruschetta/1359938.jpg,5
images/edamame/147363.jpg,20
images/beignets/1158593.jpg,4
images/apple_pie/886793.jpg,0
images/apple_pie/3197173.jpg,0
images/beef_carpaccio/3289048.jpg,2
images/churros/942786.jpg,14
images/beet_salad/1606022.jpg,3
images/cheese_plate/2953971.jpg,10
images/escargots/2535633.jpg,22
images/caprese_salad/3271971.jpg,8
images/chicken_wings/3342953.jpg,12
images/crab_cakes/2398767.jpg,16
images/donuts/714862.jpg,19
images/baklava/1292647.jpg,1
images/beet_salad/1470874.jpg,3
images/cheese_plate/75104.jpg,10
images/caesar_salad/1175434.jpg,6
images/chicken_wings/2779577.jpg,12
images/cup_cakes/1185092.jpg,18
images/caprese_salad/295976.jpg,8
images/escargots/638546.jpg,22
images/cheesecake/2071784.jpg,11
images/chicken_wings/3857972.jpg,12
images/baklava/3832160.jpg,1
images/crab_cakes/342861.jpg,16
images/beignets/2591457.jpg,4
images/baklava/322368.jpg,1
images/baklava/2428471.jpg,1
images/beignets/1252785.jpg,4
images/churros/2978809.jpg,14
images/apple_pie/2602468.jpg,0
images/cheese_plate/2512103.jpg,10
images/beet_salad/3455600.jpg,3
images/carrot_cake/2703799.jpg,9
images/french_fries/3190389.jpg,26
images/crab_cakes/2446812.jpg,16
images/cup_cakes/684008.jpg,18
images/beet_salad/1366665.jpg,3
images/churros/934533.jpg,14
images/churros/909570.jpg,14
images/beef_carpaccio/3003698.jpg,2
images/baklava/466605.jpg,1
images/crab_cakes/3914322.jpg,16
images/eggs_benedict/3156745.jpg,21
images/creme_brulee/215382.jpg,17
images/cannoli/1364270.jpg,7
images/escargots/2396135.jpg,22
images/eggs_benedict/2454885.jpg,21
images/beef_carpaccio/3620741.jpg,2
images/beef_carpaccio/1218215.jpg,2
images/cheesecake/2245899.jpg,11
images/cup_cakes/171838.jpg,18
images/creme_brulee/890324.jpg,17
images/club_sandwich/16350.jpg,15
images/bruschetta/1668990.jpg,5
images/escargots/2342293.jpg,22
images/cheesecake/703316.jpg,11
images/caprese_salad/3209467.jpg,8
images/escargots/1707300.jpg,22
images/beet_salad/171188.jpg,3
images/club_sandwich/335343.jpg,15
images/cup_cakes/1780718.jpg,18
images/eggs_benedict/504235.jpg,21
images/escargots/1623414.jpg,22
images/chicken_wings/397812.jpg,12
images/foie_gras/3190692.jpg,25
images/eggs_benedict/2119694.jpg,21
images/cheesecake/3763057.jpg,11
images/chocolate_cake/288473.jpg,13
images/chocolate_cake/570632.jpg,13
images/edamame/1928004.jpg,20
images/bruschetta/3508813.jpg,5
images/crab_cakes/2238711.jpg,16
images/chocolate_cake/3703013.jpg,13
images/edamame/921165.jpg,20
images/donuts/779639.jpg,19
images/churros/3018761.jpg,14
images/beef_carpaccio/3438632.jpg,2
images/creme_brulee/541637.jpg,17
images/cheesecake/1540971.jpg,11
images/carrot_cake/3791724.jpg,9
images/apple_pie/1103795.jpg,0
images/falafel/987526.jpg,23
images/cup_cakes/1466557.jpg,18
images/escargots/1037811.jpg,22
images/caprese_salad/1054299.jpg,8
images/foie_gras/2312286.jpg,25
images/beet_salad/1819712.jpg,3
images/chocolate_cake/71490.jpg,13
images/cheese_plate/2736897.jpg,10
images/cheesecake/3716536.jpg,11
images/eggs_benedict/1591501.jpg,21
images/escargots/2123236.jpg,22
images/edamame/715312.jpg,20
images/caprese_salad/2724558.jpg,8
images/carrot_cake/2505277.jpg,9
images/chicken_wings/258661.jpg,12
images/chicken_wings/2482357.jpg,12
images/bruschetta/2957176.jpg,5
images/cannoli/3150696.jpg,7
images/caprese_salad/1592100.jpg,8
images/french_fries/2886781.jpg,26
images/falafel/2228400.jpg,23
images/crab_cakes/2154656.jpg,16
images/caesar_salad/52578.jpg,6
images/cup_cakes/2720549.jpg,18
images/foie_gras/3727717.jpg,25
images/fish_and_chips/1386743.jpg,24
images/club_sandwich/3608694.jpg,15
images/apple_pie/3269273.jpg,0
images/beignets/3258616.jpg,4
images/chicken_wings/23576.jpg,12
images/baklava/52736.jpg,1
images/creme_brulee/482191.jpg,17
images/escargots/1799246.jpg,22
images/baklava/2198092.jpg,1
images/donuts/1840238.jpg,19
images/chicken_wings/478794.jpg,12
images/edamame/237144.jpg,20
images/bruschetta/852569.jpg,5
images/chocolate_cake/1701172.jpg,13
images/beignets/1133765.jpg,4
images/falafel/2813699.jpg,23
images/chocolate_cake/2320344.jpg,13
images/churros/795678.jpg,14
images/foie_gras/39489.jpg,25
images/churros/2986091.jpg,14
images/baklava/951794.jpg,1
images/beef_carpaccio/1937269.jpg,2
images/cup_cakes/375352.jpg,18
images/chicken_wings/147449.jpg,12
images/beignets/2919138.jpg,4
images/club_sandwich/1695440.jpg,15
images/crab_cakes/3700858.jpg,16
images/cheesecake/3492626.jpg,11
images/escargots/42500.jpg,22
images/french_fries/1085071.jpg,26
images/bruschetta/1579559.jpg,5
images/donuts/1342.jpg,19
images/cheesecake/2231210.jpg,11
images/edamame/1020848.jpg,20
images/falafel/2912956.jpg,23
images/baklava/1706197.jpg,1
images/chicken_wings/2337021.jpg,12
images/churros/1885199.jpg,14
images/chocolate_cake/3205739.jpg,13
images/foie_gras/559287.jpg,25
images/beef_carpaccio/130872.jpg,2
images/baklava/3006203.jpg,1
images/edamame/2637460.jpg,20
images/cheesecake/2676176.jpg,11
images/crab_cakes/163674.jpg,16
images/chicken_wings/1618960.jpg,12
images/chocolate_cake/3347403.jpg,13
images/creme_brulee/391295.jpg,17
images/eggs_benedict/3717570.jpg,21
images/foie_gras/1999277.jpg,25
images/cup_cakes/3352382.jpg,18
images/apple_pie/1191665.jpg,0
images/bruschetta/2526429.jpg,5
images/baklava/2408803.jpg,1
images/chicken_wings/1946032.jpg,12
images/chocolate_cake/511528.jpg,13
images/beef_carpaccio/1440285.jpg,2
images/eggs_benedict/735058.jpg,21
images/caesar_salad/1701616.jpg,6
images/chicken_wings/2911920.jpg,12
images/beignets/1099692.jpg,4
images/beignets/2738284.jpg,4
images/falafel/1684053.jpg,23
images/falafel/2505714.jpg,23
images/edamame/2665825.jpg,20
images/carrot_cake/2033926.jpg,9
images/beignets/3530946.jpg,4
images/beef_carpaccio/2087899.jpg,2
images/cheese_plate/990737.jpg,10
images/cup_cakes/1452960.jpg,18
images/caprese_salad/1381434.jpg,8
images/fish_and_chips/881742.jpg,24
images/churros/2813469.jpg,14
images/beignets/2455108.jpg,4
images/caesar_salad/897294.jpg,6
images/club_sandwich/3789025.jpg,15
images/apple_pie/1357950.jpg,0
images/falafel/1309907.jpg,23
images/escargots/3748764.jpg,22
images/beignets/1410990.jpg,4
images/crab_cakes/1279433.jpg,16
images/crab_cakes/1368816.jpg,16
images/eggs_benedict/3663190.jpg,21
images/bruschetta/56135.jpg,5
images/cannoli/3169802.jpg,7
images/chocolate_cake/2267470.jpg,13
images/apple_pie/3671998.jpg,0
images/cannoli/2284934.jpg,7
images/beef_carpaccio/3868972.jpg,2
images/falafel/1913596.jpg,23
images/cannoli/1237436.jpg,7
images/carrot_cake/695414.jpg,9
images/cannoli/1628010.jpg,7
images/baklava/1062541.jpg,1
images/beignets/1026640.jpg,4
images/edamame/17928.jpg,20
images/foie_gras/3629376.jpg,25
images/carrot_cake/3519222.jpg,9
images/bruschetta/1277003.jpg,5
images/beignets/3473571.jpg,4
images/fish_and_chips/3444216.jpg,24
images/cannoli/463503.jpg,7
images/cup_cakes/3510683.jpg,18
images/escargots/585417.jpg,22
images/falafel/3268828.jpg,23
images/cannoli/2456115.jpg,7
images/edamame/3613895.jpg,20
images/caesar_salad/3748534.jpg,6
images/beet_salad/3051612.jpg,3
images/baklava/1679305.jpg,1
images/beef_carpaccio/3184691.jpg,2
images/edamame/1247907.jpg,20
images/churros/509888.jpg,14
images/carrot_cake/2241060.jpg,9
images/chocolate_cake/3714341.jpg,13
images/falafel/1801197.jpg,23
images/cheese_plate/625930.jpg,10
images/chicken_wings/160070.jpg,12
images/donuts/3559195.jpg,19
images/cheesecake/1777271.jpg,11
images/churros/2625009.jpg,14
images/fish_and_chips/3014070.jpg,24
images/escargots/354612.jpg,22
images/donuts/1391088.jpg,19
images/donuts/2901202.jpg,19
images/edamame/1489392.jpg,20
images/creme_brulee/1090525.jpg,17
images/falafel/58810.jpg,23
images/baklava/1063208.jpg,1
images/beef_carpaccio/2527791.jpg,2
images/bruschetta/958215.jpg,5
images/baklava/2420092.jpg,1
images/bruschetta/823321.jpg,5
images/beignets/938088.jpg,4
images/fish_and_chips/1859355.jpg,24
images/caprese_salad/2440660.jpg,8
images/carrot_cake/1450179.jpg,9
images/beef_carpaccio/1725022.jpg,2
images/club_sandwich/2645748.jpg,15
images/apple_pie/440497.jpg,0
images/baklava/2695657.jpg,1
images/beignets/114346.jpg,4
images/french_fries/112309.jpg,26
images/escargots/3836911.jpg,22
images/crab_cakes/1672914.jpg,16
images/beignets/2431945.jpg,4
images/churros/778923.jpg,14
images/cannoli/1127495.jpg,7
images/falafel/860316.jpg,23
images/cup_cakes/2772460.jpg,18
images/carrot_cake/1364523.jpg,9
images/apple_pie/3825794.jpg,0
images/eggs_benedict/2428441.jpg,21
images/creme_brulee/114067.jpg,17
images/churros/2601688.jpg,14
images/edamame/1809335.jpg,20
images/churros/3632961.jpg,14
images/caesar_salad/3229437.jpg,6
images/chicken_wings/2129679.jpg,12
images/caprese_salad/2373341.jpg,8
images/bruschetta/2719848.jpg,5
images/carrot_cake/2179377.jpg,9
images/baklava/1703107.jpg,1
images/foie_gras/197584.jpg,25
images/french_fries/566728.jpg,26
images/churros/833252.jpg,14
images/caesar_salad/2493871.jpg,6
images/caesar_salad/1510827.jpg,6
images/beet_salad/1787589.jpg,3
images/chocolate_cake/3021534.jpg,13
images/beef_carpaccio/2188352.jpg,2
images/foie_gras/2460045.jpg,25
images/apple_pie/1097378.jpg,0
images/edamame/1703799.jpg,20
images/chicken_wings/3299354.jpg,12
images/chicken_wings/705250.jpg,12
images/apple_pie/2663191.jpg,0
images/french_fries/720270.jpg,26
images/baklava/2133184.jpg,1
images/bruschetta/1545121.jpg,5
images/apple_pie/1984895.jpg,0
images/bruschetta/3414292.jpg,5
images/caprese_salad/1332549.jpg,8
images/caesar_salad/946165.jpg,6
images/eggs_benedict/2922671.jpg,21
images/apple_pie/3116086.jpg,0
images/creme_brulee/2584791.jpg,17
images/club_sandwich/1093580.jpg,15
images/falafel/2375267.jpg,23
images/falafel/3332006.jpg,23
images/falafel/1192794.jpg,23
images/eggs_benedict/3029441.jpg,21
images/foie_gras/196644.jpg,25
images/beef_carpaccio/1636003.jpg,2
images/chicken_wings/565518.jpg,12
images/creme_brulee/1855930.jpg,17
images/club_sandwich/2167750.jpg,15
images/falafel/1783395.jpg,23
images/cup_cakes/321305.jpg,18
images/caprese_salad/3862930.jpg,8
images/creme_brulee/342866.jpg,17
images/caprese_salad/1622039.jpg,8
images/eggs_benedict/116694.jpg,21
images/escargots/3558676.jpg,22
images/crab_cakes/706444.jpg,16
images/caesar_salad/1508241.jpg,6
images/chocolate_cake/3331639.jpg,13
images/club_sandwich/1826647.jpg,15
images/edamame/3666348.jpg,20
images/chocolate_cake/3011288.jpg,13
images/carrot_cake/3331601.jpg,9
images/chocolate_cake/619975.jpg,13
images/bruschetta/239704.jpg,5
images/donuts/1035974.jpg,19
images/donuts/748321.jpg,19
images/beef_carpaccio/796554.jpg,2
images/bruschetta/1601484.jpg,5
images/foie_gras/201812.jpg,25
images/baklava/3049815.jpg,1
images/french_fries/2169665.jpg,26
images/bruschetta/2799400.jpg,5
images/beet_salad/2012446.jpg,3
images/beef_carpaccio/687440.jpg,2
images/fish_and_chips/3637807.jpg,24
images/cheese_plate/1930018.jpg,10
images/chicken_wings/3428532.jpg,12
images/cheesecake/3920168.jpg,11
images/chicken_wings/2988008.jpg,12
images/cheese_plate/3602111.jpg,10
images/fish_and_chips/1831857.jpg,24
images/edamame/2302171.jpg,20
images/cheesecake/857432.jpg,11
images/crab_cakes/164495.jpg,16
images/bruschetta/304999.jpg,5
images/french_fries/2214535.jpg,26
images/donuts/935446.jpg,19
images/beignets/1199504.jpg,4
images/chicken_wings/2815198.jpg,12
images/donuts/2500380.jpg,19
images/beef_carpaccio/116626.jpg,2
images/edamame/1155748.jpg,20
images/churros/614370.jpg,14
images/carrot_cake/2703458.jpg,9
images/creme_brulee/814356.jpg,17
images/beet_salad/488674.jpg,3
images/escargots/2103958.jpg,22
images/escargots/96872.jpg,22
images/creme_brulee/1611286.jpg,17
images/beet_salad/1738310.jpg,3
images/beignets/548515.jpg,4
images/cannoli/3631324.jpg,7
images/falafel/1041214.jpg,23
images/club_sandwich/2466501.jpg,15
images/beignets/3071873.jpg,4
images/cheesecake/2637470.jpg,11
images/carrot_cake/1068831.jpg,9
images/caesar_salad/3560500.jpg,6
images/escargots/2499183.jpg,22
images/caesar_salad/3381505.jpg,6
images/beef_carpaccio/797039.jpg,2
images/beet_salad/3081247.jpg,3
images/beef_carpaccio/1333371.jpg,2
images/crab_cakes/2031755.jpg,16
images/caesar_salad/926038.jpg,6
images/eggs_benedict/1762069.jpg,21
images/cheesecake/568417.jpg,11
images/caprese_salad/2906560.jpg,8
images/escargots/2133980.jpg,22
images/eggs_benedict/2439232.jpg,21
images/caesar_salad/3402604.jpg,6
images/beignets/1319814.jpg,4
images/carrot_cake/3805728.jpg,9
images/french_fries/3447747.jpg,26
images/crab_cakes/1244695.jpg,16
images/caesar_salad/2269300.jpg,6
images/foie_gras/3332861.jpg,25
images/cheesecake/2748186.jpg,11
images/eggs_benedict/3443672.jpg,21
images/cannoli/3185682.jpg,7
images/caesar_salad/417005.jpg,6
images/cheesecake/3314498.jpg,11
images/beet_salad/185285.jpg,3
images/cheese_plate/3305631.jpg,10
images/caesar_salad/2180529.jpg,6
images/beet_salad/655107.jpg,3
images/cheese_plate/3450136.jpg,10
images/beet_salad/2440084.jpg,3
images/cheese_plate/867303.jpg,10
images/churros/524374.jpg,14
images/apple_pie/2245635.jpg,0
images/escargots/1851983.jpg,22
images/beef_carpaccio/3642001.jpg,2
images/churros/1075574.jpg,14
images/baklava/2437256.jpg,1
images/cheese_plate/1952160.jpg,10
images/escargots/726831.jpg,22
images/bruschetta/1933252.jpg,5
images/cup_cakes/855188.jpg,18
images/cannoli/3683166.jpg,7
images/donuts/2688265.jpg,19
images/bruschetta/1581410.jpg,5
images/churros/627077.jpg,14
images/apple_pie/2339010.jpg,0
images/escargots/2244752.jpg,22
images/edamame/3101228.jpg,20
images/club_sandwich/1329542.jpg,15
images/beef_carpaccio/3619849.jpg,2
images/club_sandwich/1336739.jpg,15
images/donuts/1390673.jpg,19
images/bruschetta/3534995.jpg,5
images/caprese_salad/2137721.jpg,8
images/cheesecake/2999765.jpg,11
images/cup_cakes/1473143.jpg,18
images/fish_and_chips/3426793.jpg,24
images/cheese_plate/464502.jpg,10
images/cheese_plate/2766056.jpg,10
images/churros/1681026.jpg,14
images/chocolate_cake/3016036.jpg,13
images/cheesecake/3032158.jpg,11
images/apple_pie/267865.jpg,0
images/escargots/724126.jpg,22
images/donuts/3184448.jpg,19
images/donuts/2991469.jpg,19
images/carrot_cake/2861865.jpg,9
images/eggs_benedict/1480357.jpg,21
images/creme_brulee/3610127.jpg,17
images/caprese_salad/1994313.jpg,8
images/carrot_cake/662940.jpg,9
images/bruschetta/1397147.jpg,5
images/cheesecake/3214388.jpg,11
images/club_sandwich/2004845.jpg,15
images/carrot_cake/2084962.jpg,9
images/donuts/3594914.jpg,19
images/beignets/116488.jpg,4
images/cup_cakes/158588.jpg,18
images/cheesecake/3210837.jpg,11
images/foie_gras/322912.jpg,25
images/caesar_salad/14019.jpg,6
images/eggs_benedict/3372553.jpg,21
images/cheese_plate/3667453.jpg,10
images/escargots/3744480.jpg,22
images/foie_gras/3719908.jpg,25
images/cheese_plate/3609053.jpg,10
images/crab_cakes/2750265.jpg,16
images/cannoli/1168154.jpg,7
images/cheese_plate/1390125.jpg,10
images/chocolate_cake/260920.jpg,13
images/cheese_plate/1412918.jpg,10
images/beet_salad/555493.jpg,3
images/caprese_salad/3510595.jpg,8
images/apple_pie/245712.jpg,0
images/bruschetta/1255490.jpg,5
images/apple_pie/603113.jpg,0
images/cheese_plate/358036.jpg,10
images/eggs_benedict/536941.jpg,21
images/chicken_wings/281497.jpg,12
images/beet_salad/1247476.jpg,3
images/creme_brulee/2925449.jpg,17
images/donuts/911477.jpg,19
images/crab_cakes/2648450.jpg,16
images/cheesecake/286699.jpg,11
images/crab_cakes/211041.jpg,16
images/caesar_salad/3261905.jpg,6
images/beef_carpaccio/1487998.jpg,2
images/beignets/1130421.jpg,4
images/eggs_benedict/208534.jpg,21
images/beef_carpaccio/27321.jpg,2
images/cannoli/2713894.jpg,7
images/cannoli/2796267.jpg,7
images/cheesecake/3738004.jpg,11
images/crab_cakes/770540.jpg,16
images/caprese_salad/2936671.jpg,8
images/crab_cakes/1944816.jpg,16
images/cheese_plate/981770.jpg,10
images/cannoli/1282755.jpg,7
images/apple_pie/3819511.jpg,0
images/crab_cakes/3839182.jpg,16
images/cheesecake/644230.jpg,11
images/donuts/308484.jpg,19
images/crab_cakes/3569266.jpg,16
images/beef_carpaccio/1744946.jpg,2
images/carrot_cake/1458532.jpg,9
images/baklava/442027.jpg,1
images/fish_and_chips/3887975.jpg,24
images/fish_and_chips/2734225.jpg,24
images/fish_and_chips/3711321.jpg,24
images/caprese_salad/1888308.jpg,8
images/cup_cakes/3061699.jpg,18
images/chocolate_cake/1594496.jpg,13
images/baklava/3810748.jpg,1
images/creme_brulee/1888025.jpg,17
images/escargots/3032821.jpg,22
images/falafel/162599.jpg,23
images/carrot_cake/3045593.jpg,9
images/cannoli/964039.jpg,7
images/baklava/2626407.jpg,1
images/chicken_wings/1703848.jpg,12
images/churros/123162.jpg,14
images/fish_and_chips/3852711.jpg,24
images/french_fries/1898017.jpg,26
images/beignets/1683790.jpg,4
images/beignets/1116735.jpg,4
images/creme_brulee/2770535.jpg,17
images/foie_gras/3699496.jpg,25
images/bruschetta/490858.jpg,5
images/edamame/2147089.jpg,20
images/chocolate_cake/1020697.jpg,13
images/beignets/3415389.jpg,4
images/crab_cakes/131617.jpg,16
images/cup_cakes/3302553.jpg,18
images/donuts/3042707.jpg,19
images/beef_carpaccio/1864287.jpg,2
images/creme_brulee/102380.jpg,17
images/eggs_benedict/2671652.jpg,21
images/cannoli/2152726.jpg,7
images/beignets/1563425.jpg,4
images/chicken_wings/2652916.jpg,12
images/club_sandwich/3310632.jpg,15
images/donuts/2600217.jpg,19
images/baklava/2065775.jpg,1
images/foie_gras/2756296.jpg,25
images/churros/709134.jpg,14
images/caesar_salad/2833620.jpg,6
images/club_sandwich/1329330.jpg,15
images/falafel/845854.jpg,23
images/cheese_plate/3522140.jpg,10
images/caprese_salad/1198486.jpg,8
images/caesar_salad/1778710.jpg,6
images/cheese_plate/2362848.jpg,10
images/beet_salad/1226461.jpg,3
images/french_fries/2788461.jpg,26
images/creme_brulee/3268420.jpg,17
images/edamame/472304.jpg,20
images/falafel/917515.jpg,23
images/cup_cakes/3444415.jpg,18
images/falafel/2370245.jpg,23
images/cannoli/3638038.jpg,7
images/beignets/1416495.jpg,4
images/creme_brulee/136999.jpg,17
images/foie_gras/1521268.jpg,25
images/eggs_benedict/396020.jpg,21
images/french_fries/2271466.jpg,26
images/apple_pie/1398774.jpg,0
images/chocolate_cake/108477.jpg,13
images/beet_salad/1832435.jpg,3
images/bruschetta/1997697.jpg,5
images/club_sandwich/2850633.jpg,15
images/carrot_cake/1065930.jpg,9
images/beef_carpaccio/3662732.jpg,2
images/club_sandwich/3396787.jpg,15
images/caprese_salad/35800.jpg,8
images/caesar_salad/2838115.jpg,6
images/cheese_plate/1023521.jpg,10
images/chicken_wings/3360774.jpg,12
images/chocolate_cake/2847822.jpg,13
images/donuts/2507909.jpg,19
images/foie_gras/189061.jpg,25
images/caesar_salad/3199863.jpg,6
images/eggs_benedict/470093.jpg,21
images/caprese_salad/2237316.jpg,8
images/beignets/1335304.jpg,4
images/creme_brulee/2132100.jpg,17
images/apple_pie/2768268.jpg,0
images/chicken_wings/2731157.jpg,12
images/bruschetta/718161.jpg,5
images/cannoli/2147509.jpg,7
images/crab_cakes/2395248.jpg,16
images/churros/2910273.jpg,14
images/club_sandwich/1388542.jpg,15
images/cheesecake/2454710.jpg,11
images/french_fries/1343675.jpg,26
images/falafel/1566340.jpg,23
images/cup_cakes/796712.jpg,18
images/escargots/3322098.jpg,22
images/beet_salad/1958336.jpg,3
images/cannoli/1383142.jpg,7
images/beignets/2322734.jpg,4
images/bruschetta/1878978.jpg,5
images/edamame/2971983.jpg,20
images/cheesecake/2559918.jpg,11
images/club_sandwich/2996299.jpg,15
images/baklava/29744.jpg,1
images/french_fries/3324580.jpg,26
images/churros/2410744.jpg,14
images/fish_and_chips/383296.jpg,24
images/caesar_salad/2873846.jpg,6
images/escargots/3001016.jpg,22
images/escargots/1623641.jpg,22
images/cheese_plate/3025926.jpg,10
images/cannoli/3899501.jpg,7
images/donuts/361877.jpg,19
images/cannoli/1745355.jpg,7
images/cup_cakes/1564654.jpg,18
images/club_sandwich/3443497.jpg,15
images/cheese_plate/1190807.jpg,10
images/bruschetta/442358.jpg,5
images/falafel/1570094.jpg,23
images/cheese_plate/1856029.jpg,10
images/fish_and_chips/2571738.jpg,24
images/escargots/628919.jpg,22
images/cup_cakes/387433.jpg,18
images/chicken_wings/287656.jpg,12
images/beet_salad/350958.jpg,3
images/cheese_plate/2496746.jpg,10
images/donuts/919938.jpg,19
images/creme_brulee/2606410.jpg,17
images/carrot_cake/1583551.jpg,9
images/crab_cakes/2517645.jpg,16
images/chicken_wings/2320446.jpg,12
images/carrot_cake/1069797.jpg,9
images/bruschetta/1741111.jpg,5
images/crab_cakes/2339239.jpg,16
images/french_fries/1926251.jpg,26
images/baklava/2442917.jpg,1
images/beignets/113375.jpg,4
images/chocolate_cake/482196.jpg,13
images/club_sandwich/662636.jpg,15
images/chocolate_cake/2175590.jpg,13
images/escargots/1748302.jpg,22
images/fish_and_chips/557843.jpg,24
images/club_sandwich/1307447.jpg,15
images/beef_carpaccio/1737830.jpg,2
images/apple_pie/2629959.jpg,0
images/club_sandwich/1182106.jpg,15
images/beef_carpaccio/925526.jpg,2
images/churros/1847355.jpg,14
images/donuts/1218134.jpg,19
images/caprese_salad/2214076.jpg,8
images/eggs_benedict/2545283.jpg,21
images/apple_pie/3440893.jpg,0
images/cup_cakes/96277.jpg,18
images/fish_and_chips/1860783.jpg,24
images/edamame/70183.jpg,20
images/caprese_salad/103452.jpg,8
images/cheese_plate/1011471.jpg,10
images/baklava/3669911.jpg,1
images/escargots/2933652.jpg,22
images/eggs_benedict/47464.jpg,21
images/escargots/3906692.jpg,22
images/caprese_salad/3780976.jpg,8
images/edamame/2707729.jpg,20
images/fish_and_chips/303643.jpg,24
images/carrot_cake/3667752.jpg,9
images/french_fries/3303248.jpg,26
images/beet_salad/498496.jpg,3
images/churros/1966226.jpg,14
images/cannoli/2399836.jpg,7
images/chicken_wings/690558.jpg,12
images/apple_pie/2704442.jpg,0
images/club_sandwich/1996259.jpg,15
images/bruschetta/3836578.jpg,5
images/creme_brulee/1554565.jpg,17
images/edamame/739071.jpg,20
images/carrot_cake/1954230.jpg,9
images/cheesecake/3097159.jpg,11
images/caesar_salad/3824310.jpg,6
images/escargots/3390260.jpg,22
images/bruschetta/2048600.jpg,5
images/cheesecake/874228.jpg,11
images/eggs_benedict/771285.jpg,21
images/caesar_salad/3897011.jpg,6
images/cheese_plate/1361779.jpg,10
images/fish_and_chips/3573017.jpg,24
images/falafel/4143.jpg,23
images/carrot_cake/945902.jpg,9
images/carrot_cake/483106.jpg,9
images/club_sandwich/1069601.jpg,15
images/bruschetta/527591.jpg,5
images/churros/3438481.jpg,14
images/donuts/2293386.jpg,19
images/carrot_cake/2516547.jpg,9
images/cheesecake/1642445.jpg,11
images/cup_cakes/3685707.jpg,18
images/falafel/1764244.jpg,23
images/caesar_salad/1331648.jpg,6
images/crab_cakes/1289270.jpg,16
images/club_sandwich/36477.jpg,15
images/chocolate_cake/3603070.jpg,13
images/cheese_plate/1207729.jpg,10
images/fish_and_chips/3780634.jpg,24
images/beignets/2457964.jpg,4
images/bruschetta/961669.jpg,5
images/french_fries/2951206.jpg,26
images/bruschetta/2048700.jpg,5
images/churros/1898290.jpg,14
images/bruschetta/2532030.jpg,5
images/club_sandwich/2337702.jpg,15
images/creme_brulee/2861118.jpg,17
images/caprese_salad/2250919.jpg,8
images/caesar_salad/2318780.jpg,6
images/chicken_wings/76700.jpg,12
images/chocolate_cake/1791222.jpg,13
images/falafel/1519806.jpg,23
images/chicken_wings/2093629.jpg,12
images/club_sandwich/3316605.jpg,15
images/cheese_plate/2905364.jpg,10
images/carrot_cake/1918712.jpg,9
images/eggs_benedict/158871.jpg,21
images/creme_brulee/116611.jpg,17
images/apple_pie/3410227.jpg,0
images/churros/2432384.jpg,14
images/edamame/3589436.jpg,20
images/edamame/601042.jpg,20
images/chicken_wings/105124.jpg,12
images/eggs_benedict/1994646.jpg,21
images/beef_carpaccio/2482473.jpg,2
images/club_sandwich/93570.jpg,15
images/creme_brulee/869474.jpg,17
images/creme_brulee/1450102.jpg,17
images/edamame/308116.jpg,20
images/apple_pie/3555118.jpg,0
images/foie_gras/1301830.jpg,25
images/french_fries/1595244.jpg,26
images/cheesecake/899194.jpg,11
images/churros/3799876.jpg,14
images/donuts/3015130.jpg,19
images/chicken_wings/2754846.jpg,12
images/chocolate_cake/652245.jpg,13
images/bruschetta/2555628.jpg,5
images/cheesecake/3040775.jpg,11
images/chocolate_cake/920764.jpg,13
images/eggs_benedict/465761.jpg,21
images/carrot_cake/862420.jpg,9
images/escargots/1550514.jpg,22
images/crab_cakes/2531196.jpg,16
images/creme_brulee/1170562.jpg,17
images/edamame/3869589.jpg,20
images/eggs_benedict/1904619.jpg,21
images/escargots/2269956.jpg,22
images/cup_cakes/74736.jpg,18
images/carrot_cake/1389512.jpg,9
images/cheese_plate/28610.jpg,10
images/baklava/177307.jpg,1
images/churros/1644687.jpg,14
images/eggs_benedict/8349.jpg,21
images/caprese_salad/1366810.jpg,8
images/crab_cakes/3371536.jpg,16
images/club_sandwich/3067365.jpg,15
images/fish_and_chips/3219720.jpg,24
images/crab_cakes/34918.jpg,16
images/cheesecake/371376.jpg,11
images/caprese_salad/2970654.jpg,8
images/carrot_cake/2586541.jpg,9
images/caesar_salad/2678223.jpg,6
images/beef_carpaccio/2712007.jpg,2
images/foie_gras/1675850.jpg,25
images/baklava/3311814.jpg,1
images/falafel/1885644.jpg,23
images/churros/3168659.jpg,14
images/caesar_salad/3482692.jpg,6
images/french_fries/3661409.jpg,26
images/fish_and_chips/2107269.jpg,24
images/eggs_benedict/2166201.jpg,21
images/cheese_plate/1930943.jpg,10
images/cheese_plate/2372302.jpg,10
images/edamame/1144040.jpg,20
images/foie_gras/191955.jpg,25
images/caesar_salad/2418102.jpg,6
images/falafel/3584567.jpg,23
images/beef_carpaccio/1202355.jpg,2
images/apple_pie/727412.jpg,0
images/falafel/2852306.jpg,23
images/cheese_plate/141016.jpg,10
images/foie_gras/2293848.jpg,25
images/foie_gras/459405.jpg,25
images/beignets/1481114.jpg,4
images/falafel/2585154.jpg,23
images/baklava/3588412.jpg,1
images/chicken_wings/2952775.jpg,12
images/edamame/1993255.jpg,20
images/churros/2108129.jpg,14
images/french_fries/1653893.jpg,26
images/beet_salad/508389.jpg,3
images/cheesecake/3296063.jpg,11
images/caprese_salad/3031139.jpg,8
images/eggs_benedict/2641836.jpg,21
images/foie_gras/1308028.jpg,25
images/beef_carpaccio/1281446.jpg,2
images/edamame/298258.jpg,20
images/escargots/3325479.jpg,22
images/fish_and_chips/2519024.jpg,24
images/carrot_cake/815326.jpg,9
images/escargots/953677.jpg,22
images/cheesecake/1752259.jpg,11
images/caesar_salad/3707137.jpg,6
images/donuts/2985033.jpg,19
images/carrot_cake/1263709.jpg,9
images/club_sandwich/1318118.jpg,15
images/cheese_plate/708522.jpg,10
images/cheese_plate/3117997.jpg,10
images/fish_and_chips/449162.jpg,24
images/chocolate_cake/963726.jpg,13
images/beef_carpaccio/3156761.jpg,2
images/chicken_wings/2614109.jpg,12
images/crab_cakes/2890332.jpg,16
images/french_fries/233172.jpg,26
images/cannoli/2245637.jpg,7
images/cheese_plate/2211851.jpg,10
images/chocolate_cake/336447.jpg,13
images/bruschetta/726565.jpg,5
images/chocolate_cake/2916891.jpg,13
images/french_fries/3345305.jpg,26
images/beet_salad/1014948.jpg,3
images/edamame/453226.jpg,20
images/caprese_salad/799725.jpg,8
images/beet_salad/817894.jpg,3
images/baklava/740986.jpg,1
images/escargots/2274918.jpg,22
images/crab_cakes/2495751.jpg,16
images/baklava/3044167.jpg,1
images/churros/1213663.jpg,14
images/carrot_cake/1421515.jpg,9
images/french_fries/2699989.jpg,26
images/cup_cakes/1910813.jpg,18
images/caesar_salad/2314223.jpg,6
images/baklava/2078719.jpg,1
images/crab_cakes/2903906.jpg,16
images/caprese_salad/332963.jpg,8
images/cheesecake/2714153.jpg,11
images/chocolate_cake/680208.jpg,13
images/cheesecake/2040540.jpg,11
images/creme_brulee/1840441.jpg,17
images/cannoli/1700139.jpg,7
images/eggs_benedict/3903784.jpg,21
images/apple_pie/2582077.jpg,0
images/churros/2316339.jpg,14
images/carrot_cake/949094.jpg,9
images/caprese_salad/3731973.jpg,8
images/fish_and_chips/3469590.jpg,24
images/falafel/3083605.jpg,23
images/eggs_benedict/2221476.jpg,21
images/baklava/3503188.jpg,1
images/cannoli/2836182.jpg,7
images/foie_gras/3733736.jpg,25
images/bruschetta/2687775.jpg,5
images/cheesecake/72190.jpg,11
images/falafel/1568938.jpg,23
images/creme_brulee/854541.jpg,17
images/french_fries/51678.jpg,26
images/apple_pie/2610524.jpg,0
images/beignets/121515.jpg,4
images/beet_salad/1133602.jpg,3
images/bruschetta/190768.jpg,5
images/apple_pie/755031.jpg,0
images/baklava/3158779.jpg,1
images/crab_cakes/793163.jpg,16
images/french_fries/1060646.jpg,26
images/creme_brulee/2786327.jpg,17
images/creme_brulee/2506003.jpg,17
images/donuts/880505.jpg,19
images/chocolate_cake/3147851.jpg,13
images/beignets/1495431.jpg,4
images/donuts/388455.jpg,19
images/cup_cakes/132594.jpg,18
images/crab_cakes/664396.jpg,16
images/chocolate_cake/3183918.jpg,13
images/churros/3126875.jpg,14
images/escargots/863900.jpg,22
images/bruschetta/3782173.jpg,5
images/churros/3905690.jpg,14
images/beet_salad/1357113.jpg,3
images/baklava/1849718.jpg,1
images/bruschetta/668600.jpg,5
images/foie_gras/251478.jpg,25
images/caprese_salad/2884221.jpg,8
images/caprese_salad/2045082.jpg,8
images/fish_and_chips/2266170.jpg,24
images/chocolate_cake/1001084.jpg,13
images/crab_cakes/1742592.jpg,16
images/escargots/2134872.jpg,22
images/donuts/2016768.jpg,19
images/fish_and_chips/3834954.jpg,24
images/beignets/1981202.jpg,4
images/edamame/3799039.jpg,20
images/cup_cakes/574347.jpg,18
images/cheesecake/3267422.jpg,11
images/beignets/717604.jpg,4
images/cannoli/2450668.jpg,7
images/chocolate_cake/445014.jpg,13
images/beignets/175603.jpg,4
images/club_sandwich/2586679.jpg,15
images/cheese_plate/1437589.jpg,10
images/cheese_plate/2742913.jpg,10
images/caesar_salad/2967012.jpg,6
images/chocolate_cake/1642022.jpg,13
images/caprese_salad/2004694.jpg,8
images/carrot_cake/3549852.jpg,9
images/cannoli/3663000.jpg,7
images/churros/3459101.jpg,14
images/falafel/2951977.jpg,23
images/cheesecake/2817286.jpg,11
images/chicken_wings/457714.jpg,12
images/cheese_plate/3391121.jpg,10
images/fish_and_chips/3473603.jpg,24
images/beef_carpaccio/1572827.jpg,2
images/falafel/3358872.jpg,23
images/beet_salad/1818901.jpg,3
images/cup_cakes/3423071.jpg,18
images/carrot_cake/612911.jpg,9
images/baklava/2925079.jpg,1
images/falafel/2587167.jpg,23
images/churros/1025494.jpg,14
images/cannoli/602910.jpg,7
images/beet_salad/77205.jpg,3
images/edamame/3582512.jpg,20
images/beet_salad/3550491.jpg,3
images/cheese_plate/1613308.jpg,10
images/donuts/2367008.jpg,19
images/french_fries/3393816.jpg,26
images/edamame/1865710.jpg,20
images/cannoli/3647605.jpg,7
images/creme_brulee/730057.jpg,17
images/fish_and_chips/1435827.jpg,24
images/beef_carpaccio/2439577.jpg,2
images/apple_pie/2202694.jpg,0
images/caprese_salad/852091.jpg,8
images/apple_pie/3211704.jpg,0
images/beef_carpaccio/3082934.jpg,2
images/beignets/2678506.jpg,4
images/chocolate_cake/105067.jpg,13
images/eggs_benedict/3684048.jpg,21
images/chicken_wings/446590.jpg,12
images/fish_and_chips/1775578.jpg,24
images/beef_carpaccio/3617835.jpg,2
images/crab_cakes/3616592.jpg,16
images/cheesecake/416008.jpg,11
images/chicken_wings/364009.jpg,12
images/caesar_salad/3659545.jpg,6
images/fish_and_chips/2562921.jpg,24
images/bruschetta/1790892.jpg,5
images/cup_cakes/2854143.jpg,18
images/caesar_salad/1651408.jpg,6
images/cup_cakes/3364357.jpg,18
images/edamame/3830802.jpg,20
images/cheesecake/1472489.jpg,11
images/fish_and_chips/2402712.jpg,24
images/edamame/2994496.jpg,20
images/churros/2088652.jpg,14
images/donuts/804492.jpg,19
images/cheese_plate/1252840.jpg,10
images/club_sandwich/816652.jpg,15
images/beignets/2018665.jpg,4
images/apple_pie/1350394.jpg,0
images/club_sandwich/520608.jpg,15
images/creme_brulee/374080.jpg,17
images/apple_pie/1899134.jpg,0
images/apple_pie/466304.jpg,0
images/cannoli/2434857.jpg,7
images/beignets/504638.jpg,4
images/cheese_plate/775665.jpg,10
images/creme_brulee/1436627.jpg,17
images/beet_salad/412713.jpg,3
images/eggs_benedict/773373.jpg,21
images/club_sandwich/3291237.jpg,15
images/beet_salad/231015.jpg,3
images/creme_brulee/472801.jpg,17
images/caesar_salad/2524196.jpg,6
images/beignets/2936669.jpg,4
images/crab_cakes/2228927.jpg,16
images/escargots/1052815.jpg,22
images/baklava/3009922.jpg,1
images/falafel/1931210.jpg,23
images/club_sandwich/3089892.jpg,15
images/escargots/3065726.jpg,22
images/falafel/2156123.jpg,23
images/caprese_salad/3243956.jpg,8
images/beef_carpaccio/2871818.jpg,2
images/escargots/680415.jpg,22
images/falafel/102549.jpg,23
images/escargots/2132184.jpg,22
images/caprese_salad/2898974.jpg,8
images/falafel/1886053.jpg,23
images/cannoli/96205.jpg,7
images/creme_brulee/2641693.jpg,17
images/eggs_benedict/148269.jpg,21
images/french_fries/1787214.jpg,26
images/edamame/1348042.jpg,20
images/cheesecake/3121053.jpg,11
images/chicken_wings/1097391.jpg,12
images/beet_salad/3367659.jpg,3
images/apple_pie/3521500.jpg,0
images/churros/2882446.jpg,14
images/churros/2562650.jpg,14
images/donuts/456541.jpg,19
images/cup_cakes/809532.jpg,18
images/carrot_cake/3590826.jpg,9
images/carrot_cake/3206125.jpg,9
images/cheese_plate/118276.jpg,10
images/edamame/3228349.jpg,20
images/fish_and_chips/1920990.jpg,24
images/edamame/3868219.jpg,20
images/carrot_cake/94517.jpg,9
images/cheesecake/1210888.jpg,11
images/cheese_plate/2419563.jpg,10
images/creme_brulee/3542855.jpg,17
images/apple_pie/960669.jpg,0
images/fish_and_chips/288992.jpg,24
images/beignets/982274.jpg,4
images/chocolate_cake/2231564.jpg,13
images/baklava/1447310.jpg,1
images/bruschetta/3686514.jpg,5
images/french_fries/1531073.jpg,26
images/caprese_salad/2849026.jpg,8
images/cannoli/1813621.jpg,7
images/eggs_benedict/3782278.jpg,21
images/eggs_benedict/2110009.jpg,21
images/donuts/2367129.jpg,19
images/escargots/349896.jpg,22
images/baklava/1606824.jpg,1
images/churros/2736060.jpg,14
images/apple_pie/1112300.jpg,0
images/fish_and_chips/1706336.jpg,24
images/escargots/1747082.jpg,22
images/club_sandwich/2491436.jpg,15
images/beet_salad/1629676.jpg,3
images/beet_salad/2632998.jpg,3
images/creme_brulee/1233261.jpg,17
images/fish_and_chips/1622116.jpg,24
images/club_sandwich/281822.jpg,15
images/chicken_wings/3292053.jpg,12
images/fish_and_chips/3364872.jpg,24
images/cheesecake/2928889.jpg,11
images/bruschetta/3840164.jpg,5
images/churros/881905.jpg,14
images/beef_carpaccio/99157.jpg,2
images/chocolate_cake/2426180.jpg,13
images/chocolate_cake/2542235.jpg,13
images/falafel/2555798.jpg,23
images/falafel/3783359.jpg,23
images/beet_salad/803804.jpg,3
images/carrot_cake/794990.jpg,9
images/crab_cakes/918052.jpg,16
images/caesar_salad/2000894.jpg,6
images/cannoli/1283897.jpg,7
images/club_sandwich/723071.jpg,15
images/cheese_plate/2796021.jpg,10
images/escargots/3620471.jpg,22
images/caesar_salad/1665706.jpg,6
images/eggs_benedict/818581.jpg,21
images/cup_cakes/828868.jpg,18
images/caesar_salad/1907330.jpg,6
images/churros/2421528.jpg,14
images/crab_cakes/203269.jpg,16
images/baklava/173868.jpg,1
images/club_sandwich/2877701.jpg,15
images/eggs_benedict/2028031.jpg,21
images/beet_salad/738033.jpg,3
images/falafel/2467198.jpg,23
images/fish_and_chips/1585351.jpg,24
images/crab_cakes/167963.jpg,16
images/carrot_cake/3588203.jpg,9
images/club_sandwich/2465517.jpg,15
images/cannoli/3913164.jpg,7
images/creme_brulee/2925051.jpg,17
images/bruschetta/3472240.jpg,5
images/bruschetta/3489931.jpg,5
images/cup_cakes/3161097.jpg,18
images/foie_gras/404359.jpg,25
images/carrot_cake/1548472.jpg,9
images/caesar_salad/199749.jpg,6
images/escargots/2451633.jpg,22
images/chocolate_cake/1749877.jpg,13
images/baklava/3457685.jpg,1
images/caesar_salad/2322354.jpg,6
images/club_sandwich/2581292.jpg,15
images/beet_salad/3296872.jpg,3
images/beet_salad/1691717.jpg,3
images/apple_pie/1878082.jpg,0
images/churros/1099137.jpg,14
images/foie_gras/3678406.jpg,25
images/foie_gras/1727779.jpg,25
images/creme_brulee/2698416.jpg,17
images/chocolate_cake/2713803.jpg,13
images/cheesecake/3464214.jpg,11
images/edamame/934964.jpg,20
images/beignets/2842183.jpg,4
images/creme_brulee/765304.jpg,17
images/chicken_wings/644125.jpg,12
images/bruschetta/734432.jpg,5
images/fish_and_chips/839870.jpg,24
images/caesar_salad/2243810.jpg,6
images/crab_cakes/2361663.jpg,16
images/eggs_benedict/175326.jpg,21
images/caesar_salad/2792161.jpg,6
images/donuts/1711195.jpg,19
images/cheesecake/2000917.jpg,11
images/beignets/3367814.jpg,4
images/chocolate_cake/979326.jpg,13
images/cup_cakes/628213.jpg,18
images/beef_carpaccio/97514.jpg,2
images/cheese_plate/1818690.jpg,10
images/carrot_cake/1057282.jpg,9
images/eggs_benedict/2811319.jpg,21
images/caprese_salad/3495414.jpg,8
images/french_fries/333385.jpg,26
images/crab_cakes/2922332.jpg,16
images/apple_pie/1596650.jpg,0
images/escargots/1902461.jpg,22
images/fish_and_chips/99034.jpg,24
images/cup_cakes/1631078.jpg,18
images/club_sandwich/3529607.jpg,15
images/caesar_salad/3703325.jpg,6
images/baklava/1472684.jpg,1
images/bruschetta/3478312.jpg,5
images/creme_brulee/2443919.jpg,17
images/beignets/3490966.jpg,4
images/caesar_salad/3163991.jpg,6
images/edamame/3419923.jpg,20
images/cheese_plate/281553.jpg,10
images/churros/3717842.jpg,14
images/crab_cakes/275548.jpg,16
images/beef_carpaccio/1672283.jpg,2
images/apple_pie/934113.jpg,0
images/chocolate_cake/2408310.jpg,13
images/caesar_salad/325459.jpg,6
images/fish_and_chips/884966.jpg,24
images/donuts/3347684.jpg,19
images/chicken_wings/726396.jpg,12
images/apple_pie/257377.jpg,0
images/eggs_benedict/9853.jpg,21
images/baklava/2426116.jpg,1
images/cup_cakes/398450.jpg,18
images/crab_cakes/758770.jpg,16
images/churros/1957429.jpg,14
images/cup_cakes/316584.jpg,18
images/chocolate_cake/3645406.jpg,13
images/edamame/1660798.jpg,20
images/carrot_cake/1643074.jpg,9
images/baklava/2444054.jpg,1
images/bruschetta/792092.jpg,5
images/cheese_plate/2814148.jpg,10
images/beef_carpaccio/1713850.jpg,2
images/crab_cakes/447878.jpg,16
images/french_fries/1923452.jpg,26
images/carrot_cake/689386.jpg,9
images/fish_and_chips/3504296.jpg,24
images/beef_carpaccio/45788.jpg,2
images/eggs_benedict/178680.jpg,21
images/fish_and_chips/3291877.jpg,24
images/club_sandwich/616013.jpg,15
images/bruschetta/2224088.jpg,5
images/cheese_plate/1263081.jpg,10
images/donuts/693218.jpg,19
images/fish_and_chips/1684392.jpg,24
images/escargots/2961294.jpg,22
images/fish_and_chips/3101964.jpg,24
images/club_sandwich/2357933.jpg,15
images/apple_pie/2940483.jpg,0
images/bruschetta/2906889.jpg,5
images/apple_pie/1265307.jpg,0
images/club_sandwich/41847.jpg,15
images/escargots/695697.jpg,22
images/crab_cakes/497412.jpg,16
images/chocolate_cake/340541.jpg,13
images/beignets/2980607.jpg,4
images/crab_cakes/118379.jpg,16
images/escargots/1070932.jpg,22
images/creme_brulee/2011619.jpg,17
images/churros/498323.jpg,14
images/escargots/593218.jpg,22
images/cheesecake/1480212.jpg,11
images/donuts/640730.jpg,19
images/creme_brulee/260861.jpg,17
images/escargots/1372890.jpg,22
images/foie_gras/1308975.jpg,25
images/cheese_plate/1661866.jpg,10
images/escargots/1155541.jpg,22
images/foie_gras/2221354.jpg,25
images/chicken_wings/2726408.jpg,12
images/beignets/492391.jpg,4
images/foie_gras/620714.jpg,25
images/club_sandwich/866644.jpg,15
images/caprese_salad/6404.jpg,8
images/beet_salad/241008.jpg,3
images/cheesecake/1767916.jpg,11
images/donuts/91590.jpg,19
images/beignets/1424753.jpg,4
images/caprese_salad/3420730.jpg,8
images/crab_cakes/2497804.jpg,16
images/cheese_plate/2768205.jpg,10
images/baklava/2229944.jpg,1
images/cannoli/3441922.jpg,7
images/chicken_wings/2595045.jpg,12
images/fish_and_chips/3521924.jpg,24
images/escargots/930278.jpg,22
images/escargots/2728907.jpg,22
images/crab_cakes/3209348.jpg,16
images/apple_pie/2722635.jpg,0
images/eggs_benedict/487185.jpg,21
images/baklava/3032961.jpg,1
images/club_sandwich/2163422.jpg,15
images/cup_cakes/2634143.jpg,18
images/foie_gras/2926723.jpg,25
images/caesar_salad/2354912.jpg,6
images/beignets/2088391.jpg,4
images/club_sandwich/588478.jpg,15
images/donuts/3097160.jpg,19
images/chocolate_cake/3816656.jpg,13
images/churros/2189937.jpg,14
images/fish_and_chips/2501164.jpg,24
images/beignets/1404056.jpg,4
images/falafel/476268.jpg,23
images/cup_cakes/284741.jpg,18
images/caprese_salad/3259864.jpg,8
images/beef_carpaccio/3047170.jpg,2
images/cheesecake/2984677.jpg,11
images/cheese_plate/64533.jpg,10
images/beet_salad/2201904.jpg,3
images/escargots/689502.jpg,22
images/carrot_cake/1470408.jpg,9
images/edamame/2902020.jpg,20
images/club_sandwich/1387281.jpg,15
images/donuts/1727922.jpg,19
images/edamame/2401311.jpg,20
images/creme_brulee/2881238.jpg,17
images/cannoli/2439722.jpg,7
images/foie_gras/1334997.jpg,25
images/carrot_cake/977706.jpg,9
images/club_sandwich/1379689.jpg,15
images/cup_cakes/372494.jpg,18
images/foie_gras/2955856.jpg,25
images/french_fries/3586758.jpg,26
images/escargots/2527455.jpg,22
images/falafel/3838907.jpg,23
images/club_sandwich/3392599.jpg,15
images/falafel/3706015.jpg,23
images/club_sandwich/1964094.jpg,15
images/beet_salad/396898.jpg,3
images/escargots/3196470.jpg,22
images/cup_cakes/681753.jpg,18
images/beignets/1997437.jpg,4
images/caprese_salad/2680862.jpg,8
images/cup_cakes/708505.jpg,18
images/beef_carpaccio/2270167.jpg,2
images/foie_gras/2733839.jpg,25
images/eggs_benedict/1517892.jpg,21
images/beef_carpaccio/3383588.jpg,2
images/beef_carpaccio/120791.jpg,2
images/chicken_wings/1036790.jpg,12
images/french_fries/2429892.jpg,26
images/cup_cakes/188202.jpg,18
images/donuts/3414101.jpg,19
images/foie_gras/1229836.jpg,25
images/cannoli/1754181.jpg,7
images/baklava/3547203.jpg,1
images/baklava/910559.jpg,1
images/french_fries/2627843.jpg,26
images/falafel/2640656.jpg,23
images/eggs_benedict/867849.jpg,21
images/donuts/204081.jpg,19
images/caprese_salad/579906.jpg,8
images/escargots/688419.jpg,22
images/churros/2943448.jpg,14
images/carrot_cake/2770211.jpg,9
images/eggs_benedict/123500.jpg,21
images/chicken_wings/1131499.jpg,12
images/chocolate_cake/1638477.jpg,13
images/donuts/134878.jpg,19
images/foie_gras/1453811.jpg,25
images/bruschetta/2245391.jpg,5
images/caesar_salad/3041196.jpg,6
images/crab_cakes/1952422.jpg,16
images/escargots/2913315.jpg,22
images/beef_carpaccio/2546469.jpg,2
images/french_fries/2213664.jpg,26
images/caesar_salad/1226429.jpg,6
images/foie_gras/672707.jpg,25
images/caesar_salad/2572207.jpg,6
images/caprese_salad/1470123.jpg,8
images/eggs_benedict/458697.jpg,21
images/baklava/1543460.jpg,1
images/fish_and_chips/981299.jpg,24
images/club_sandwich/2775843.jpg,15
images/edamame/397596.jpg,20
images/cheesecake/3409805.jpg,11
images/cheesecake/3055648.jpg,11
images/foie_gras/1526431.jpg,25
images/eggs_benedict/2400319.jpg,21
images/apple_pie/3748095.jpg,0
images/eggs_benedict/644603.jpg,21
images/bruschetta/2942349.jpg,5
images/carrot_cake/2500870.jpg,9
images/club_sandwich/2844536.jpg,15
images/baklava/1527979.jpg,1
images/crab_cakes/418204.jpg,16
images/cheese_plate/3827754.jpg,10
images/foie_gras/2106716.jpg,25
images/apple_pie/2383378.jpg,0
images/churros/3236111.jpg,14
images/caesar_salad/3709161.jpg,6
images/cheese_plate/1797009.jpg,10
images/beet_salad/3685.jpg,3
images/cheesecake/3892959.jpg,11
images/baklava/787981.jpg,1
images/cannoli/2094661.jpg,7
images/creme_brulee/65199.jpg,17
images/edamame/2998199.jpg,20
images/chocolate_cake/821815.jpg,13
images/baklava/541438.jpg,1
images/caprese_salad/1647460.jpg,8
images/beignets/3468005.jpg,4
images/edamame/416454.jpg,20
images/creme_brulee/230005.jpg,17
images/crab_cakes/2564181.jpg,16
images/caesar_salad/1280929.jpg,6
images/cup_cakes/3139815.jpg,18
images/escargots/3287642.jpg,22
images/baklava/773194.jpg,1
images/beef_carpaccio/2995005.jpg,2
images/baklava/2870190.jpg,1
images/foie_gras/196467.jpg,25
images/club_sandwich/2795861.jpg,15
images/beet_salad/273691.jpg,3
images/baklava/2306651.jpg,1
images/beet_salad/1135760.jpg,3
images/foie_gras/1402956.jpg,25
images/apple_pie/597533.jpg,0
images/beet_salad/3775489.jpg,3
images/club_sandwich/653693.jpg,15
images/french_fries/3817404.jpg,26
images/edamame/2532292.jpg,20
images/falafel/2289952.jpg,23
images/crab_cakes/1241147.jpg,16
images/cheese_plate/3632334.jpg,10
images/edamame/677508.jpg,20
images/caesar_salad/1766457.jpg,6
images/apple_pie/2111966.jpg,0
images/carrot_cake/2542535.jpg,9
images/beef_carpaccio/560933.jpg,2
images/eggs_benedict/3444902.jpg,21
images/beef_carpaccio/441128.jpg,2
images/beef_carpaccio/2053481.jpg,2
images/chicken_wings/3787157.jpg,12
images/beet_salad/626750.jpg,3
images/escargots/3146560.jpg,22
images/beignets/54571.jpg,4
images/fish_and_chips/1016232.jpg,24
images/chocolate_cake/3592680.jpg,13
images/chocolate_cake/3009919.jpg,13
images/donuts/1827641.jpg,19
images/baklava/1156519.jpg,1
images/beet_salad/1699748.jpg,3
images/beet_salad/65703.jpg,3
images/cannoli/3264382.jpg,7
images/crab_cakes/12874.jpg,16
images/bruschetta/2326963.jpg,5
images/escargots/761613.jpg,22
images/fish_and_chips/712528.jpg,24
images/eggs_benedict/40345.jpg,21
images/donuts/2603183.jpg,19
images/beet_salad/3611628.jpg,3
images/beef_carpaccio/1831113.jpg,2
images/carrot_cake/2852293.jpg,9
images/cheese_plate/2882659.jpg,10
images/apple_pie/1735072.jpg,0
images/foie_gras/674097.jpg,25
images/carrot_cake/3359372.jpg,9
images/falafel/3605901.jpg,23
images/french_fries/164288.jpg,26
images/apple_pie/2440054.jpg,0
images/chicken_wings/974200.jpg,12
images/apple_pie/2596943.jpg,0
images/foie_gras/196292.jpg,25
images/french_fries/1855221.jpg,26
images/french_fries/3724081.jpg,26
images/churros/910727.jpg,14
images/chocolate_cake/2629928.jpg,13
images/club_sandwich/454382.jpg,15
images/crab_cakes/1485925.jpg,16
images/french_fries/2849981.jpg,26
images/fish_and_chips/2255974.jpg,24
images/donuts/759475.jpg,19
images/eggs_benedict/213100.jpg,21
images/foie_gras/3625100.jpg,25
images/cheese_plate/2790589.jpg,10
images/edamame/1192071.jpg,20
images/edamame/1856263.jpg,20
images/chicken_wings/1759368.jpg,12
images/carrot_cake/938151.jpg,9
images/chicken_wings/938476.jpg,12
images/beet_salad/148028.jpg,3
images/crab_cakes/3107127.jpg,16
images/caprese_salad/2813473.jpg,8
images/escargots/1216410.jpg,22
images/caprese_salad/843012.jpg,8
images/cup_cakes/1402493.jpg,18
images/churros/1385109.jpg,14
images/beet_salad/751818.jpg,3
images/apple_pie/1346262.jpg,0
images/chicken_wings/2583751.jpg,12
images/beignets/291522.jpg,4
images/cup_cakes/772692.jpg,18
images/falafel/3438948.jpg,23
images/baklava/2722704.jpg,1
images/beef_carpaccio/3224329.jpg,2
images/club_sandwich/2856571.jpg,15
images/apple_pie/2651801.jpg,0
images/club_sandwich/2095090.jpg,15
images/cheesecake/1153138.jpg,11
images/cheese_plate/1422707.jpg,10
images/churros/2922132.jpg,14
images/bruschetta/210237.jpg,5
images/beet_salad/3488983.jpg,3
images/caprese_salad/1964049.jpg,8
images/bruschetta/213545.jpg,5
images/chicken_wings/1802288.jpg,12
images/foie_gras/3901289.jpg,25
images/club_sandwich/2254921.jpg,15
images/fish_and_chips/1782710.jpg,24
images/cheesecake/34970.jpg,11
images/eggs_benedict/2572410.jpg,21
images/donuts/998564.jpg,19
images/crab_cakes/1319949.jpg,16
images/club_sandwich/508258.jpg,15
images/cannoli/292436.jpg,7
images/beignets/2701567.jpg,4
images/creme_brulee/3547103.jpg,17
images/caesar_salad/2983379.jpg,6
images/apple_pie/3746599.jpg,0
images/churros/2200443.jpg,14
images/bruschetta/1562651.jpg,5
images/falafel/660344.jpg,23
images/beignets/2612412.jpg,4
images/beet_salad/3144379.jpg,3
images/caesar_salad/3678292.jpg,6
images/foie_gras/2580150.jpg,25
images/eggs_benedict/1326044.jpg,21
images/apple_pie/2680614.jpg,0
images/beef_carpaccio/1039955.jpg,2
images/club_sandwich/1451934.jpg,15
images/crab_cakes/1070184.jpg,16
images/caesar_salad/2799461.jpg,6
images/escargots/1708359.jpg,22
images/falafel/3374949.jpg,23
images/creme_brulee/2069295.jpg,17
images/beignets/3403775.jpg,4
images/eggs_benedict/2501606.jpg,21
images/french_fries/145012.jpg,26
images/foie_gras/1586107.jpg,25
images/falafel/3005346.jpg,23
images/creme_brulee/452383.jpg,17
images/baklava/1290275.jpg,1
images/caprese_salad/1502492.jpg,8
images/edamame/3522373.jpg,20
images/baklava/2411364.jpg,1
images/cheese_plate/128927.jpg,10
images/fish_and_chips/463198.jpg,24
images/cheesecake/3804023.jpg,11
images/caprese_salad/1413064.jpg,8
images/caesar_salad/1053979.jpg,6
images/eggs_benedict/487138.jpg,21
images/chocolate_cake/1026971.jpg,13
images/caesar_salad/1781342.jpg,6
images/cup_cakes/96964.jpg,18
images/french_fries/2856271.jpg,26
images/chicken_wings/3366275.jpg,12
images/eggs_benedict/1317574.jpg,21
images/apple_pie/2856273.jpg,0
images/cup_cakes/1134258.jpg,18
images/foie_gras/1927235.jpg,25
images/churros/548008.jpg,14
images/beet_salad/1494237.jpg,3
images/fish_and_chips/1609984.jpg,24
images/escargots/3803687.jpg,22
images/chicken_wings/1968726.jpg,12
images/falafel/3760321.jpg,23
images/cheese_plate/1287249.jpg,10
images/baklava/3910816.jpg,1
images/caesar_salad/3620853.jpg,6
images/cup_cakes/910822.jpg,18
images/cheesecake/2543320.jpg,11
images/donuts/551111.jpg,19
images/cheesecake/1401296.jpg,11
images/donuts/2801671.jpg,19
images/foie_gras/984109.jpg,25
images/club_sandwich/3255666.jpg,15
images/beet_salad/3219655.jpg,3
images/chocolate_cake/380852.jpg,13
images/escargots/2265611.jpg,22
images/creme_brulee/2537149.jpg,17
images/chocolate_cake/126779.jpg,13
images/creme_brulee/2743385.jpg,17
images/cheesecake/1757216.jpg,11
images/foie_gras/2718532.jpg,25
images/apple_pie/2977851.jpg,0
images/creme_brulee/109357.jpg,17
images/club_sandwich/2416044.jpg,15
images/apple_pie/1290425.jpg,0
images/chocolate_cake/3730259.jpg,13
images/crab_cakes/2913859.jpg,16
images/beef_carpaccio/100853.jpg,2
images/baklava/3850924.jpg,1
images/cheesecake/1247843.jpg,11
images/apple_pie/885848.jpg,0
images/bruschetta/3812218.jpg,5
images/beet_salad/1932730.jpg,3
images/fish_and_chips/1639611.jpg,24
images/beignets/867536.jpg,4
images/creme_brulee/559341.jpg,17
images/beef_carpaccio/691812.jpg,2
images/baklava/2727113.jpg,1
images/eggs_benedict/592118.jpg,21
images/crab_cakes/3353357.jpg,16
images/crab_cakes/1543361.jpg,16
images/foie_gras/950701.jpg,25
images/baklava/2487865.jpg,1
images/fish_and_chips/3091415.jpg,24
images/club_sandwich/3273633.jpg,15
images/club_sandwich/465055.jpg,15
images/cannoli/3599814.jpg,7
images/bruschetta/1344078.jpg,5
images/beef_carpaccio/1097159.jpg,2
images/carrot_cake/1779377.jpg,9
images/beet_salad/3846309.jpg,3
images/bruschetta/82635.jpg,5
images/caprese_salad/3694103.jpg,8
images/cheese_plate/1972173.jpg,10
images/cheesecake/1471018.jpg,11
images/edamame/2470623.jpg,20
images/carrot_cake/1234940.jpg,9
images/beet_salad/214152.jpg,3
images/chocolate_cake/3063900.jpg,13
images/beef_carpaccio/493436.jpg,2
images/fish_and_chips/3466493.jpg,24
images/eggs_benedict/2655841.jpg,21
images/fish_and_chips/2619595.jpg,24
images/crab_cakes/508884.jpg,16
images/cheesecake/3699772.jpg,11
images/bruschetta/3448989.jpg,5
images/baklava/1846365.jpg,1
images/cup_cakes/1228741.jpg,18
images/beef_carpaccio/2457197.jpg,2
images/edamame/471335.jpg,20
images/creme_brulee/105087.jpg,17
images/caprese_salad/611454.jpg,8
images/eggs_benedict/2902370.jpg,21
images/donuts/1360554.jpg,19
images/cup_cakes/1197229.jpg,18
images/caprese_salad/2191642.jpg,8
images/chocolate_cake/216144.jpg,13
images/beef_carpaccio/122833.jpg,2
images/eggs_benedict/2142852.jpg,21
images/foie_gras/1962210.jpg,25
images/beef_carpaccio/3234905.jpg,2
images/donuts/2653753.jpg,19
images/apple_pie/78081.jpg,0
images/french_fries/48052.jpg,26
images/fish_and_chips/848302.jpg,24
images/french_fries/3806837.jpg,26
images/french_fries/3647571.jpg,26
images/chicken_wings/2651737.jpg,12
images/eggs_benedict/42189.jpg,21
images/carrot_cake/2106706.jpg,9
images/french_fries/1523716.jpg,26
images/french_fries/256347.jpg,26
images/cannoli/992769.jpg,7
images/edamame/2064556.jpg,20
images/apple_pie/1789100.jpg,0
images/caesar_salad/1638624.jpg,6
images/edamame/1275299.jpg,20
images/beef_carpaccio/206130.jpg,2
images/cheese_plate/2672957.jpg,10
images/french_fries/1987093.jpg,26
images/bruschetta/643181.jpg,5
images/carrot_cake/3272953.jpg,9
images/creme_brulee/2403921.jpg,17
images/eggs_benedict/1427580.jpg,21
images/caesar_salad/804387.jpg,6
images/crab_cakes/3517161.jpg,16
images/eggs_benedict/572331.jpg,21
images/cheesecake/1540965.jpg,11
images/creme_brulee/1794151.jpg,17
images/chicken_wings/1021138.jpg,12
images/caprese_salad/1030327.jpg,8
images/crab_cakes/1846416.jpg,16
images/fish_and_chips/3589353.jpg,24
images/creme_brulee/1128600.jpg,17
images/cheese_plate/42903.jpg,10
images/creme_brulee/77818.jpg,17
images/beet_salad/1452710.jpg,3
images/beignets/1286851.jpg,4
images/club_sandwich/1482886.jpg,15
images/donuts/3316195.jpg,19
images/foie_gras/735414.jpg,25
images/chicken_wings/744776.jpg,12
images/beignets/1614970.jpg,4
images/beet_salad/2036121.jpg,3
images/carrot_cake/453850.jpg,9
images/cheesecake/846388.jpg,11
images/beignets/384871.jpg,4
images/carrot_cake/857137.jpg,9
images/falafel/3406897.jpg,23
images/carrot_cake/740853.jpg,9
images/club_sandwich/1051856.jpg,15
images/foie_gras/583383.jpg,25
images/french_fries/3262272.jpg,26
images/chicken_wings/937010.jpg,12
images/eggs_benedict/1084395.jpg,21
images/carrot_cake/2465307.jpg,9
images/club_sandwich/601618.jpg,15
images/bruschetta/3673985.jpg,5
images/french_fries/3677959.jpg,26
images/bruschetta/832561.jpg,5
images/churros/2086962.jpg,14
images/eggs_benedict/2605435.jpg,21
images/cannoli/2597194.jpg,7
images/cup_cakes/3338879.jpg,18
images/beef_carpaccio/2893086.jpg,2
images/cannoli/1653477.jpg,7
images/donuts/3008531.jpg,19
images/cheese_plate/1099770.jpg,10
images/beignets/92981.jpg,4
images/edamame/247852.jpg,20
images/donuts/168471.jpg,19
images/escargots/3821272.jpg,22
images/french_fries/2476066.jpg,26
images/apple_pie/2334907.jpg,0
images/cup_cakes/2148929.jpg,18
images/creme_brulee/2685430.jpg,17
images/escargots/2899725.jpg,22
images/bruschetta/3302850.jpg,5
images/cup_cakes/551522.jpg,18
images/eggs_benedict/475223.jpg,21
images/escargots/108548.jpg,22
images/falafel/654741.jpg,23
images/baklava/1389963.jpg,1
images/beignets/178659.jpg,4
images/beignets/738058.jpg,4
images/creme_brulee/1154947.jpg,17
images/crab_cakes/684336.jpg,16
images/donuts/598288.jpg,19
images/cheese_plate/2260290.jpg,10
images/escargots/488759.jpg,22
images/falafel/833608.jpg,23
images/foie_gras/1678398.jpg,25
images/cheesecake/3888273.jpg,11
images/creme_brulee/495019.jpg,17
images/escargots/581336.jpg,22
images/cheese_plate/1848213.jpg,10
images/beef_carpaccio/3567014.jpg,2
images/churros/1482464.jpg,14
images/caesar_salad/2738482.jpg,6
images/donuts/1225365.jpg,19
images/caprese_salad/3288824.jpg,8
images/beet_salad/1105727.jpg,3
images/bruschetta/3032758.jpg,5
images/falafel/427451.jpg,23
images/crab_cakes/535934.jpg,16
images/foie_gras/1865408.jpg,25
images/chicken_wings/1732498.jpg,12
images/foie_gras/196343.jpg,25
images/cannoli/3065517.jpg,7
images/bruschetta/2179573.jpg,5
images/cup_cakes/2218468.jpg,18
images/beef_carpaccio/3057236.jpg,2
images/eggs_benedict/652720.jpg,21
images/cheesecake/2828771.jpg,11
images/churros/1973187.jpg,14
images/cheese_plate/499124.jpg,10
images/eggs_benedict/1158326.jpg,21
images/beignets/3138144.jpg,4
images/eggs_benedict/2214406.jpg,21
images/club_sandwich/727643.jpg,15
images/cheesecake/3094146.jpg,11
images/crab_cakes/2506578.jpg,16
images/crab_cakes/3172124.jpg,16
images/creme_brulee/1743312.jpg,17
images/escargots/3776757.jpg,22
images/eggs_benedict/2746870.jpg,21
images/apple_pie/2928660.jpg,0
images/cheesecake/3222555.jpg,11
images/club_sandwich/836223.jpg,15
images/crab_cakes/1015887.jpg,16
images/cheese_plate/2358466.jpg,10
images/beef_carpaccio/1931541.jpg,2
images/apple_pie/3307686.jpg,0
images/baklava/3646999.jpg,1
images/eggs_benedict/822576.jpg,21
images/chocolate_cake/1506524.jpg,13
images/crab_cakes/3655481.jpg,16
images/falafel/211747.jpg,23
images/churros/3308027.jpg,14
images/fish_and_chips/3795446.jpg,24
images/bruschetta/2490871.jpg,5
images/churros/644700.jpg,14
images/escargots/3046532.jpg,22
images/caprese_salad/836980.jpg,8
images/caesar_salad/667541.jpg,6
images/cheese_plate/178905.jpg,10
images/falafel/2065021.jpg,23
images/edamame/579608.jpg,20
images/carrot_cake/991832.jpg,9
images/fish_and_chips/2726225.jpg,24
images/cheesecake/2361866.jpg,11
images/churros/3103265.jpg,14
images/bruschetta/2996874.jpg,5
images/club_sandwich/307152.jpg,15
images/cannoli/664784.jpg,7
images/eggs_benedict/3513327.jpg,21
images/apple_pie/2856319.jpg,0
images/churros/1698478.jpg,14
images/chocolate_cake/713656.jpg,13
images/escargots/2424625.jpg,22
images/beef_carpaccio/2602688.jpg,2
images/carrot_cake/2452939.jpg,9
images/foie_gras/1364995.jpg,25
images/beet_salad/3430085.jpg,3
images/churros/2424202.jpg,14
images/carrot_cake/926356.jpg,9
images/eggs_benedict/3690050.jpg,21
images/chocolate_cake/2398993.jpg,13
images/eggs_benedict/1501268.jpg,21
images/cannoli/3288027.jpg,7
images/baklava/3367765.jpg,1
images/french_fries/1778153.jpg,26
images/carrot_cake/647536.jpg,9
images/carrot_cake/758991.jpg,9
images/fish_and_chips/683555.jpg,24
images/churros/709515.jpg,14
images/carrot_cake/688065.jpg,9
images/cannoli/329333.jpg,7
images/caesar_salad/3368125.jpg,6
images/beef_carpaccio/1744366.jpg,2
images/bruschetta/2563751.jpg,5
images/crab_cakes/592888.jpg,16
images/apple_pie/2769307.jpg,0
images/escargots/800402.jpg,22
images/beef_carpaccio/2294985.jpg,2
images/cannoli/1786043.jpg,7
images/churros/509736.jpg,14
images/chicken_wings/2209531.jpg,12
images/eggs_benedict/414461.jpg,21
images/chicken_wings/1561812.jpg,12
images/baklava/2541140.jpg,1
images/baklava/1165057.jpg,1
images/carrot_cake/3191737.jpg,9
images/caprese_salad/27802.jpg,8
images/chicken_wings/729153.jpg,12
images/cup_cakes/845669.jpg,18
images/beet_salad/3574829.jpg,3
images/cheesecake/2262620.jpg,11
images/caesar_salad/3489299.jpg,6
images/chocolate_cake/3597758.jpg,13
images/beef_carpaccio/1193737.jpg,2
images/crab_cakes/611544.jpg,16
images/foie_gras/2255097.jpg,25
images/edamame/3291409.jpg,20
images/beet_salad/1299977.jpg,3
images/french_fries/1580419.jpg,26
images/carrot_cake/158787.jpg,9
images/eggs_benedict/3115601.jpg,21
images/club_sandwich/314570.jpg,15
images/eggs_benedict/485347.jpg,21
images/caprese_salad/55369.jpg,8
images/beef_carpaccio/181070.jpg,2
images/creme_brulee/339264.jpg,17
images/caesar_salad/1750307.jpg,6
images/bruschetta/3277490.jpg,5
images/eggs_benedict/3414983.jpg,21
images/crab_cakes/2510884.jpg,16
images/beet_salad/3735684.jpg,3
images/beet_salad/2886611.jpg,3
images/edamame/1619396.jpg,20
images/cannoli/3633925.jpg,7
images/falafel/3886791.jpg,23
images/donuts/132845.jpg,19
images/eggs_benedict/27567.jpg,21
images/caprese_salad/2550595.jpg,8
images/eggs_benedict/2067467.jpg,21
images/caesar_salad/3673948.jpg,6
images/fish_and_chips/1706840.jpg,24
images/caprese_salad/3023575.jpg,8
images/beignets/635865.jpg,4
images/carrot_cake/949547.jpg,9
images/bruschetta/1720347.jpg,5
images/french_fries/3639861.jpg,26
images/beignets/230205.jpg,4
images/baklava/2112799.jpg,1
images/beef_carpaccio/2885421.jpg,2
images/creme_brulee/3338456.jpg,17
images/chicken_wings/2997531.jpg,12
images/chicken_wings/3906320.jpg,12
images/caesar_salad/3407355.jpg,6
images/edamame/2488052.jpg,20
images/cup_cakes/3476266.jpg,18
images/club_sandwich/576250.jpg,15
images/french_fries/465519.jpg,26
images/cup_cakes/275780.jpg,18
images/french_fries/2189231.jpg,26
images/club_sandwich/95569.jpg,15
images/carrot_cake/1609136.jpg,9
images/caprese_salad/897141.jpg,8
images/club_sandwich/3001585.jpg,15
images/caesar_salad/350471.jpg,6
images/foie_gras/1713450.jpg,25
images/beignets/72450.jpg,4
images/creme_brulee/786921.jpg,17
images/churros/439764.jpg,14
images/beignets/1553896.jpg,4
images/chocolate_cake/3499550.jpg,13
images/falafel/1344296.jpg,23
images/bruschetta/3220175.jpg,5
images/donuts/177254.jpg,19
images/cheesecake/2567145.jpg,11
images/beignets/1200123.jpg,4
images/baklava/3297561.jpg,1
images/carrot_cake/1193322.jpg,9
images/carrot_cake/3710390.jpg,9
images/foie_gras/842314.jpg,25
images/club_sandwich/1947385.jpg,15
images/carrot_cake/1575450.jpg,9
images/chicken_wings/297786.jpg,12
images/cheese_plate/1680481.jpg,10
images/cheesecake/3344906.jpg,11
images/caesar_salad/3607351.jpg,6
images/chicken_wings/2837381.jpg,12
images/baklava/858338.jpg,1
images/chicken_wings/3020415.jpg,12
images/crab_cakes/3618162.jpg,16
images/churros/3903389.jpg,14
images/carrot_cake/3133448.jpg,9
images/bruschetta/3672537.jpg,5
images/fish_and_chips/808936.jpg,24
images/creme_brulee/248645.jpg,17
images/carrot_cake/20839.jpg,9
images/falafel/3034365.jpg,23
images/eggs_benedict/2569502.jpg,21
images/caprese_salad/658272.jpg,8
images/cup_cakes/620627.jpg,18
images/beignets/3227002.jpg,4
images/carrot_cake/3341984.jpg,9
images/club_sandwich/2778816.jpg,15
images/caesar_salad/1960668.jpg,6
images/chicken_wings/3265953.jpg,12
images/beignets/44829.jpg,4
images/churros/1387719.jpg,14
images/cannoli/1076805.jpg,7
images/carrot_cake/188437.jpg,9
images/cannoli/1699562.jpg,7
images/falafel/1206726.jpg,23
images/caprese_salad/1059730.jpg,8
images/beet_salad/3378227.jpg,3
images/churros/2819066.jpg,14
images/club_sandwich/2789741.jpg,15
images/cup_cakes/3307884.jpg,18
images/cannoli/2331404.jpg,7
images/fish_and_chips/3087259.jpg,24
images/french_fries/1937830.jpg,26
images/creme_brulee/1843267.jpg,17
images/chocolate_cake/675128.jpg,13
images/chocolate_cake/2054690.jpg,13
images/beet_salad/12969.jpg,3
images/cannoli/1132912.jpg,7
images/eggs_benedict/1546303.jpg,21
images/baklava/3354428.jpg,1
images/beignets/72507.jpg,4
images/crab_cakes/990868.jpg,16
images/eggs_benedict/2957536.jpg,21
images/apple_pie/532972.jpg,0
images/beet_salad/760718.jpg,3
images/carrot_cake/846205.jpg,9
images/foie_gras/2822572.jpg,25
images/chicken_wings/96742.jpg,12
images/apple_pie/2722097.jpg,0
images/beef_carpaccio/1056550.jpg,2
images/caprese_salad/2991359.jpg,8
images/baklava/3578527.jpg,1
images/chocolate_cake/1343392.jpg,13
images/cannoli/1551354.jpg,7
images/cup_cakes/1469483.jpg,18
images/eggs_benedict/2447616.jpg,21
images/churros/3250058.jpg,14
images/beignets/3487223.jpg,4
images/club_sandwich/2402089.jpg,15
images/caprese_salad/2344464.jpg,8
images/apple_pie/1284682.jpg,0
images/foie_gras/580792.jpg,25
images/beignets/3019468.jpg,4
images/beet_salad/1296407.jpg,3
images/cup_cakes/2920467.jpg,18
images/eggs_benedict/3291302.jpg,21
images/foie_gras/3459906.jpg,25
images/beet_salad/326878.jpg,3
images/carrot_cake/603696.jpg,9
images/cheese_plate/1881676.jpg,10
images/foie_gras/3760661.jpg,25
images/creme_brulee/2207118.jpg,17
images/bruschetta/3655373.jpg,5
images/chocolate_cake/1112547.jpg,13
images/edamame/1963767.jpg,20
images/beignets/3127696.jpg,4
images/club_sandwich/3396914.jpg,15
images/club_sandwich/3446969.jpg,15
images/chocolate_cake/3600589.jpg,13
images/bruschetta/3880992.jpg,5
images/cheese_plate/2206573.jpg,10
images/beef_carpaccio/146130.jpg,2
images/eggs_benedict/1875943.jpg,21
images/baklava/928828.jpg,1
images/apple_pie/2559009.jpg,0
images/caesar_salad/3787704.jpg,6
images/cup_cakes/354316.jpg,18
images/fish_and_chips/689347.jpg,24
images/donuts/158634.jpg,19
images/caesar_salad/2561985.jpg,6
images/foie_gras/1728882.jpg,25
images/apple_pie/1174330.jpg,0
images/escargots/742056.jpg,22
images/foie_gras/2204763.jpg,25
images/beef_carpaccio/1258504.jpg,2
images/cannoli/2586.jpg,7
images/baklava/905754.jpg,1
images/beet_salad/3331610.jpg,3
images/cheese_plate/3520678.jpg,10
images/fish_and_chips/2178261.jpg,24
images/apple_pie/1753164.jpg,0
images/cannoli/3249169.jpg,7
images/beignets/3429196.jpg,4
images/cheesecake/3545325.jpg,11
images/beef_carpaccio/2874813.jpg,2
images/cheese_plate/3420375.jpg,10
images/chicken_wings/2778702.jpg,12
images/baklava/3797413.jpg,1
images/donuts/543451.jpg,19
images/fish_and_chips/439423.jpg,24
images/eggs_benedict/1471870.jpg,21
images/cheesecake/3819353.jpg,11
images/cannoli/895411.jpg,7
images/chicken_wings/381461.jpg,12
images/cheesecake/2575898.jpg,11
images/cheese_plate/3063890.jpg,10
images/chocolate_cake/2331356.jpg,13
images/bruschetta/1572090.jpg,5
images/club_sandwich/1753140.jpg,15
images/donuts/1090548.jpg,19
images/falafel/1189019.jpg,23
images/foie_gras/2023208.jpg,25
images/falafel/569374.jpg,23
images/foie_gras/182356.jpg,25
images/apple_pie/1550786.jpg,0
images/escargots/2619627.jpg,22
images/beignets/1648484.jpg,4
images/foie_gras/3392453.jpg,25
images/beef_carpaccio/1769984.jpg,2
images/caesar_salad/2593985.jpg,6
images/falafel/771122.jpg,23
images/donuts/1571687.jpg,19
images/churros/2089400.jpg,14
images/falafel/3553946.jpg,23
images/club_sandwich/2195521.jpg,15
images/cheese_plate/841319.jpg,10
images/beet_salad/925960.jpg,3
images/carrot_cake/1838251.jpg,9
images/chicken_wings/1699225.jpg,12
images/caprese_salad/3753434.jpg,8
images/apple_pie/3140647.jpg,0
images/churros/2244814.jpg,14
images/baklava/2230641.jpg,1
images/chicken_wings/85905.jpg,12
images/donuts/2180277.jpg,19
images/foie_gras/3912307.jpg,25
images/creme_brulee/929189.jpg,17
images/fish_and_chips/3849709.jpg,24
images/escargots/1373900.jpg,22
images/beef_carpaccio/2364725.jpg,2
images/cheese_plate/3696045.jpg,10
images/club_sandwich/217683.jpg,15
images/beef_carpaccio/2942181.jpg,2
images/falafel/1336800.jpg,23
images/falafel/185513.jpg,23
images/edamame/977940.jpg,20
images/edamame/759609.jpg,20
images/cheesecake/2780839.jpg,11
images/chicken_wings/1775853.jpg,12
images/baklava/1349408.jpg,1
images/cheesecake/3175098.jpg,11
images/beef_carpaccio/2704813.jpg,2
images/caprese_salad/2544831.jpg,8
images/cheesecake/2026630.jpg,11
images/foie_gras/267148.jpg,25
images/beignets/3520070.jpg,4
images/club_sandwich/1949834.jpg,15
images/cannoli/3291723.jpg,7
images/carrot_cake/653778.jpg,9
images/bruschetta/1018048.jpg,5
images/falafel/1407770.jpg,23
images/carrot_cake/2804300.jpg,9
images/beef_carpaccio/1118849.jpg,2
images/beef_carpaccio/872076.jpg,2
images/cannoli/331337.jpg,7
images/foie_gras/1645282.jpg,25
images/chocolate_cake/2584547.jpg,13
images/chocolate_cake/1314985.jpg,13
images/cheesecake/2851722.jpg,11
images/crab_cakes/64297.jpg,16
images/donuts/3280241.jpg,19
images/chocolate_cake/2513607.jpg,13
images/creme_brulee/2003614.jpg,17
images/escargots/1513376.jpg,22
images/caprese_salad/468064.jpg,8
images/carrot_cake/2557466.jpg,9
images/escargots/532577.jpg,22
images/foie_gras/1254946.jpg,25
images/beet_salad/1291432.jpg,3
images/escargots/3318105.jpg,22
images/cheese_plate/2247837.jpg,10
images/cannoli/3293693.jpg,7
images/escargots/1379239.jpg,22
images/cannoli/3793905.jpg,7
images/foie_gras/2643335.jpg,25
images/beignets/3495879.jpg,4
images/club_sandwich/2944672.jpg,15
images/cannoli/973072.jpg,7
images/beignets/1517289.jpg,4
images/french_fries/2846809.jpg,26
images/caprese_salad/3186599.jpg,8
images/chocolate_cake/3233716.jpg,13
images/foie_gras/1087684.jpg,25
images/caesar_salad/1657139.jpg,6
images/creme_brulee/2554176.jpg,17
images/creme_brulee/287343.jpg,17
images/caprese_salad/1724776.jpg,8
images/carrot_cake/570512.jpg,9
images/edamame/2402676.jpg,20
images/beef_carpaccio/3252686.jpg,2
images/creme_brulee/779678.jpg,17
images/beignets/3722914.jpg,4
images/donuts/1873010.jpg,19
images/escargots/1971163.jpg,22
images/cheesecake/250756.jpg,11
images/churros/3593258.jpg,14
images/donuts/2538603.jpg,19
images/escargots/1801562.jpg,22
images/french_fries/3053028.jpg,26
images/carrot_cake/600777.jpg,9
images/caprese_salad/2401164.jpg,8
images/cannoli/1417238.jpg,7
images/foie_gras/2914369.jpg,25
images/creme_brulee/3487185.jpg,17
images/donuts/2493186.jpg,19
images/french_fries/3303188.jpg,26
images/chicken_wings/2138147.jpg,12
images/baklava/2350281.jpg,1
images/caprese_salad/2422490.jpg,8
images/french_fries/3221561.jpg,26
images/eggs_benedict/2608673.jpg,21
images/cup_cakes/3161410.jpg,18
images/escargots/74996.jpg,22
images/fish_and_chips/1110475.jpg,24
images/bruschetta/770896.jpg,5
images/crab_cakes/3219536.jpg,16
images/chicken_wings/3824328.jpg,12
images/escargots/3811583.jpg,22
images/cheesecake/2785771.jpg,11
images/beignets/2221824.jpg,4
images/chocolate_cake/3353398.jpg,13
images/cannoli/3770117.jpg,7
images/beet_salad/1897210.jpg,3
images/caprese_salad/1200056.jpg,8
images/beef_carpaccio/810778.jpg,2
images/apple_pie/80735.jpg,0
images/chocolate_cake/2331005.jpg,13
images/churros/3334959.jpg,14
images/cannoli/2546917.jpg,7
images/falafel/2068282.jpg,23
images/club_sandwich/3889426.jpg,15
images/club_sandwich/1758721.jpg,15
images/caprese_salad/252360.jpg,8
images/cup_cakes/2869112.jpg,18
images/churros/1803698.jpg,14
images/fish_and_chips/3666139.jpg,24
images/chicken_wings/1088517.jpg,12
images/falafel/104775.jpg,23
images/churros/2061303.jpg,14
images/crab_cakes/2378769.jpg,16
images/club_sandwich/512163.jpg,15
images/club_sandwich/3794315.jpg,15
images/escargots/418850.jpg,22
images/chicken_wings/591372.jpg,12
images/caprese_salad/2280687.jpg,8
images/beet_salad/1197513.jpg,3
images/beef_carpaccio/314258.jpg,2
images/cheesecake/3115914.jpg,11
images/chocolate_cake/35037.jpg,13
images/club_sandwich/1198707.jpg,15
images/cheese_plate/732907.jpg,10
images/bruschetta/1958449.jpg,5
images/cheesecake/784709.jpg,11
images/bruschetta/3741002.jpg,5
images/caprese_salad/3579455.jpg,8
images/cup_cakes/2059381.jpg,18
images/chicken_wings/732600.jpg,12
images/beet_salad/3429865.jpg,3
images/beignets/3879788.jpg,4
images/edamame/666368.jpg,20
images/club_sandwich/1557812.jpg,15
images/churros/2646278.jpg,14
images/beignets/53276.jpg,4
images/apple_pie/296614.jpg,0
images/baklava/1986808.jpg,1
images/apple_pie/2368252.jpg,0
images/french_fries/1439792.jpg,26
images/caesar_salad/1858738.jpg,6
images/beef_carpaccio/2400446.jpg,2
images/donuts/1900399.jpg,19
images/cheese_plate/1806187.jpg,10
images/foie_gras/2478426.jpg,25
images/creme_brulee/738026.jpg,17
images/falafel/2510553.jpg,23
images/carrot_cake/653114.jpg,9
images/falafel/1190137.jpg,23
images/carrot_cake/3734719.jpg,9
images/bruschetta/1389350.jpg,5
images/french_fries/2398418.jpg,26
images/donuts/232274.jpg,19
images/escargots/240339.jpg,22
images/apple_pie/807000.jpg,0
images/falafel/506858.jpg,23
images/beet_salad/1145502.jpg,3
images/french_fries/2941321.jpg,26
images/churros/3323014.jpg,14
images/chicken_wings/966200.jpg,12
images/caprese_salad/3574761.jpg,8
images/cheese_plate/1787791.jpg,10
images/caesar_salad/2229474.jpg,6
images/caesar_salad/2153578.jpg,6
images/cannoli/630128.jpg,7
images/chicken_wings/1518315.jpg,12
images/edamame/1634146.jpg,20
images/crab_cakes/2861493.jpg,16
images/foie_gras/2024406.jpg,25
images/falafel/2997409.jpg,23
images/apple_pie/2517059.jpg,0
images/apple_pie/495046.jpg,0
images/cup_cakes/1987714.jpg,18
images/cup_cakes/344924.jpg,18
images/churros/1768107.jpg,14
images/apple_pie/984571.jpg,0
images/cannoli/2227718.jpg,7
images/french_fries/467491.jpg,26
images/beignets/3088161.jpg,4
images/churros/3574837.jpg,14
images/escargots/3837068.jpg,22
images/cannoli/159606.jpg,7
images/caprese_salad/2939968.jpg,8
images/falafel/3041968.jpg,23
images/beef_carpaccio/3400.jpg,2
images/apple_pie/842012.jpg,0
images/fish_and_chips/1490827.jpg,24
images/falafel/1580778.jpg,23
images/edamame/1128579.jpg,20
images/fish_and_chips/2607940.jpg,24
images/cannoli/2205355.jpg,7
images/chicken_wings/1196226.jpg,12
images/french_fries/622646.jpg,26
images/crab_cakes/1337793.jpg,16
images/creme_brulee/682989.jpg,17
images/caesar_salad/2688231.jpg,6
images/crab_cakes/2386436.jpg,16
images/falafel/1865894.jpg,23
images/beet_salad/3849048.jpg,3
images/escargots/2431512.jpg,22
images/cannoli/3784315.jpg,7
images/fish_and_chips/2347295.jpg,24
images/chocolate_cake/1441718.jpg,13
images/beet_salad/131435.jpg,3
images/beef_carpaccio/921303.jpg,2
images/beignets/3055486.jpg,4
images/beef_carpaccio/1413739.jpg,2
images/cannoli/314862.jpg,7
images/donuts/205353.jpg,19
images/club_sandwich/2709703.jpg,15
images/cheesecake/305926.jpg,11
images/apple_pie/594677.jpg,0
images/cheesecake/1992434.jpg,11
images/escargots/2642131.jpg,22
images/carrot_cake/1327481.jpg,9
images/cheese_plate/2223725.jpg,10
images/bruschetta/1782105.jpg,5
images/french_fries/1081387.jpg,26
images/creme_brulee/751229.jpg,17
images/crab_cakes/1676184.jpg,16
images/caprese_salad/84827.jpg,8
images/eggs_benedict/1984419.jpg,21
images/crab_cakes/2483868.jpg,16
images/french_fries/2029107.jpg,26
images/donuts/2290677.jpg,19
images/falafel/1921428.jpg,23
images/club_sandwich/3193548.jpg,15
images/cheesecake/2103069.jpg,11
images/cup_cakes/2428122.jpg,18
images/beef_carpaccio/2152088.jpg,2
images/bruschetta/541720.jpg,5
images/cheese_plate/3399512.jpg,10
images/club_sandwich/2025004.jpg,15
images/bruschetta/3567017.jpg,5
images/apple_pie/2955004.jpg,0
images/cup_cakes/268243.jpg,18
images/falafel/3370784.jpg,23
images/cheese_plate/2269840.jpg,10
images/donuts/169390.jpg,19
images/cup_cakes/2387290.jpg,18
images/cheese_plate/714073.jpg,10
images/chicken_wings/438471.jpg,12
images/french_fries/549936.jpg,26
images/cannoli/2197897.jpg,7
images/churros/1105308.jpg,14
images/french_fries/845350.jpg,26
images/donuts/194319.jpg,19
images/crab_cakes/2204996.jpg,16
images/cheese_plate/2823595.jpg,10
images/foie_gras/2981164.jpg,25
images/club_sandwich/2540680.jpg,15
images/caesar_salad/1033867.jpg,6
images/cannoli/795413.jpg,7
images/foie_gras/634993.jpg,25
images/cheesecake/511136.jpg,11
images/chocolate_cake/2537325.jpg,13
images/cheese_plate/577991.jpg,10
images/donuts/1102701.jpg,19
images/churros/230131.jpg,14
images/falafel/2723877.jpg,23
images/carrot_cake/3020759.jpg,9
images/caesar_salad/3067092.jpg,6
images/cup_cakes/1681450.jpg,18
images/apple_pie/1977565.jpg,0
images/caprese_salad/2385018.jpg,8
images/fish_and_chips/622886.jpg,24
images/foie_gras/3094560.jpg,25
images/donuts/97163.jpg,19
images/edamame/2069471.jpg,20
images/cup_cakes/424384.jpg,18
images/edamame/3243136.jpg,20
images/caesar_salad/2832930.jpg,6
images/french_fries/2781602.jpg,26
images/apple_pie/134.jpg,0
images/cannoli/3487659.jpg,7
images/cheese_plate/953349.jpg,10
images/beet_salad/1021845.jpg,3
images/escargots/2395942.jpg,22
images/chocolate_cake/2870509.jpg,13
images/beet_salad/3178099.jpg,3
images/caesar_salad/1919297.jpg,6
images/donuts/990357.jpg,19
images/caesar_salad/1793799.jpg,6
images/beet_salad/3299979.jpg,3
images/cheese_plate/2817300.jpg,10
images/bruschetta/1742603.jpg,5
images/creme_brulee/3331178.jpg,17
images/caesar_salad/1050382.jpg,6
images/apple_pie/966595.jpg,0
images/french_fries/3730920.jpg,26
images/donuts/2975090.jpg,19
images/caesar_salad/1694973.jpg,6
images/club_sandwich/2759580.jpg,15
images/beef_carpaccio/285387.jpg,2
images/chicken_wings/1750750.jpg,12
images/beef_carpaccio/2011605.jpg,2
images/escargots/659653.jpg,22
images/falafel/3599034.jpg,23
images/donuts/521700.jpg,19
images/bruschetta/1531059.jpg,5
images/beef_carpaccio/1162327.jpg,2
images/cheese_plate/2303612.jpg,10
images/caesar_salad/1671162.jpg,6
images/chicken_wings/501776.jpg,12
images/edamame/1598161.jpg,20
images/carrot_cake/3749913.jpg,9
images/cup_cakes/172900.jpg,18
images/eggs_benedict/1598691.jpg,21
images/beet_salad/158515.jpg,3
images/cheesecake/708439.jpg,11
images/chocolate_cake/2935085.jpg,13
images/escargots/1444464.jpg,22
images/edamame/3152795.jpg,20
images/caesar_salad/242466.jpg,6
images/chicken_wings/1631196.jpg,12
images/edamame/1093568.jpg,20
images/carrot_cake/2176249.jpg,9
images/chicken_wings/3401362.jpg,12
images/donuts/1820233.jpg,19
images/crab_cakes/1866080.jpg,16
images/donuts/1519561.jpg,19
images/escargots/944673.jpg,22
images/carrot_cake/3701597.jpg,9
images/eggs_benedict/1175534.jpg,21
images/chocolate_cake/2617358.jpg,13
images/eggs_benedict/2915051.jpg,21
images/eggs_benedict/2030881.jpg,21
images/caesar_salad/2240630.jpg,6
images/crab_cakes/2931280.jpg,16
images/edamame/765568.jpg,20
images/apple_pie/1165004.jpg,0
images/caprese_salad/2134451.jpg,8
images/churros/2113245.jpg,14
images/cheesecake/1293877.jpg,11
images/beignets/2527706.jpg,4
images/carrot_cake/1914754.jpg,9
images/chicken_wings/1135413.jpg,12
images/cup_cakes/2293574.jpg,18
images/french_fries/2249607.jpg,26
images/escargots/2090597.jpg,22
images/falafel/1178354.jpg,23
images/cannoli/1175991.jpg,7
images/escargots/2892913.jpg,22
images/cannoli/3661579.jpg,7
images/escargots/1480904.jpg,22
images/chocolate_cake/2217936.jpg,13
images/cheesecake/1346462.jpg,11
images/cup_cakes/306434.jpg,18
images/apple_pie/483621.jpg,0
images/carrot_cake/2651488.jpg,9
images/fish_and_chips/3241574.jpg,24
images/beignets/922243.jpg,4
images/eggs_benedict/2940094.jpg,21
images/cheesecake/2438875.jpg,11
images/crab_cakes/1493413.jpg,16
images/apple_pie/3829790.jpg,0
images/donuts/3849898.jpg,19
images/bruschetta/3631846.jpg,5
images/fish_and_chips/970134.jpg,24
images/creme_brulee/869101.jpg,17
images/falafel/2219422.jpg,23
images/french_fries/3384067.jpg,26
images/beef_carpaccio/826914.jpg,2
images/cheesecake/2593548.jpg,11
images/cheese_plate/133377.jpg,10
images/foie_gras/2886538.jpg,25
images/foie_gras/2202231.jpg,25
images/foie_gras/3550575.jpg,25
images/baklava/3125249.jpg,1
images/cheese_plate/344313.jpg,10
images/cheesecake/2144621.jpg,11
images/cup_cakes/2970983.jpg,18
images/creme_brulee/2085820.jpg,17
images/eggs_benedict/395784.jpg,21
images/fish_and_chips/2463894.jpg,24
images/cannoli/1088944.jpg,7
images/donuts/2065905.jpg,19
images/caesar_salad/2850485.jpg,6
images/beignets/518797.jpg,4
images/cannoli/1078873.jpg,7
images/creme_brulee/1021071.jpg,17
images/escargots/3067736.jpg,22
images/apple_pie/3471337.jpg,0
images/carrot_cake/470617.jpg,9
images/apple_pie/532191.jpg,0
images/eggs_benedict/2216982.jpg,21
images/beef_carpaccio/3531182.jpg,2
images/cannoli/368395.jpg,7
images/cup_cakes/805684.jpg,18
images/caesar_salad/483942.jpg,6
images/bruschetta/3196161.jpg,5
images/cheese_plate/43009.jpg,10
images/donuts/3051684.jpg,19
images/edamame/499783.jpg,20
images/caesar_salad/820057.jpg,6
images/beignets/371921.jpg,4
images/foie_gras/191553.jpg,25
images/eggs_benedict/992871.jpg,21
images/chicken_wings/2377089.jpg,12
images/apple_pie/2214366.jpg,0
images/eggs_benedict/2617930.jpg,21
images/creme_brulee/3625368.jpg,17
images/cheese_plate/1374935.jpg,10
images/cup_cakes/327760.jpg,18
images/chocolate_cake/60466.jpg,13
images/carrot_cake/3705295.jpg,9
images/fish_and_chips/2154983.jpg,24
images/edamame/2223036.jpg,20
images/caprese_salad/3488008.jpg,8
images/french_fries/1347228.jpg,26
images/edamame/2069147.jpg,20
images/eggs_benedict/346296.jpg,21
images/carrot_cake/947043.jpg,9
images/cheesecake/405679.jpg,11
images/caprese_salad/3190444.jpg,8
images/beet_salad/3014318.jpg,3
images/cannoli/709866.jpg,7
images/churros/2096314.jpg,14
images/cheese_plate/3544634.jpg,10
images/beignets/3171616.jpg,4
images/apple_pie/1994318.jpg,0
images/donuts/2732010.jpg,19
images/beef_carpaccio/344157.jpg,2
images/crab_cakes/190568.jpg,16
images/crab_cakes/224793.jpg,16
images/chicken_wings/1928866.jpg,12
images/crab_cakes/1881215.jpg,16
images/beet_salad/3429839.jpg,3
images/cannoli/1489240.jpg,7
images/cheesecake/3358318.jpg,11
images/carrot_cake/1354040.jpg,9
images/creme_brulee/1705311.jpg,17
images/foie_gras/1926444.jpg,25
images/baklava/987735.jpg,1
images/baklava/3047346.jpg,1
images/beef_carpaccio/1832620.jpg,2
images/cheesecake/3461232.jpg,11
images/beet_salad/2975894.jpg,3
images/apple_pie/2051864.jpg,0
images/chicken_wings/1989857.jpg,12
images/foie_gras/416231.jpg,25
images/cannoli/1199971.jpg,7
images/cannoli/2428432.jpg,7
images/caesar_salad/3005210.jpg,6
images/beef_carpaccio/790049.jpg,2
images/chocolate_cake/2357108.jpg,13
images/chocolate_cake/3219057.jpg,13
images/crab_cakes/2082777.jpg,16
images/caesar_salad/1429025.jpg,6
images/falafel/2765967.jpg,23
images/caprese_salad/87213.jpg,8
images/churros/1736083.jpg,14
images/apple_pie/2945592.jpg,0
images/fish_and_chips/217594.jpg,24
images/eggs_benedict/1355032.jpg,21
images/beef_carpaccio/1900922.jpg,2
images/edamame/3181559.jpg,20
images/french_fries/201362.jpg,26
images/crab_cakes/2725133.jpg,16
images/beignets/2841206.jpg,4
images/beignets/3056169.jpg,4
images/edamame/611684.jpg,20
images/caprese_salad/3622789.jpg,8
images/beef_carpaccio/1030544.jpg,2
images/cheese_plate/978934.jpg,10
images/caprese_salad/1613471.jpg,8
images/baklava/3382814.jpg,1
images/eggs_benedict/1554256.jpg,21
images/eggs_benedict/563649.jpg,21
images/bruschetta/194223.jpg,5
images/donuts/3702217.jpg,19
images/beet_salad/584137.jpg,3
images/club_sandwich/3329011.jpg,15
images/beet_salad/1063865.jpg,3
images/beef_carpaccio/1168251.jpg,2
images/baklava/1582896.jpg,1
images/cannoli/2057635.jpg,7
images/baklava/3376249.jpg,1
images/fish_and_chips/3766876.jpg,24
images/edamame/2087720.jpg,20
images/beef_carpaccio/919508.jpg,2
images/french_fries/3919930.jpg,26
images/club_sandwich/2627281.jpg,15
images/beet_salad/2592698.jpg,3
images/donuts/3598581.jpg,19
images/apple_pie/715180.jpg,0
images/eggs_benedict/51429.jpg,21
images/french_fries/3131190.jpg,26
images/crab_cakes/723183.jpg,16
images/chocolate_cake/236534.jpg,13
images/beet_salad/583360.jpg,3
images/edamame/282222.jpg,20
images/apple_pie/913161.jpg,0
images/bruschetta/2463994.jpg,5
images/french_fries/2991808.jpg,26
images/french_fries/3269823.jpg,26
images/beef_carpaccio/404323.jpg,2
images/bruschetta/134026.jpg,5
images/edamame/3536952.jpg,20
images/baklava/3042345.jpg,1
images/foie_gras/69329.jpg,25
images/french_fries/2414771.jpg,26
images/fish_and_chips/3226554.jpg,24
images/cheesecake/581896.jpg,11
images/apple_pie/668694.jpg,0
images/cheesecake/1096029.jpg,11
images/baklava/2209022.jpg,1
images/crab_cakes/330289.jpg,16
images/beignets/1384334.jpg,4
images/foie_gras/2985546.jpg,25
images/edamame/3415860.jpg,20
images/cannoli/1154845.jpg,7
images/eggs_benedict/1415636.jpg,21
images/beet_salad/1069907.jpg,3
images/beignets/978771.jpg,4
images/chicken_wings/1615060.jpg,12
images/bruschetta/2266272.jpg,5
images/eggs_benedict/7177.jpg,21
images/cannoli/359092.jpg,7
images/beef_carpaccio/2914338.jpg,2
images/cannoli/1880080.jpg,7
images/creme_brulee/3258288.jpg,17
images/escargots/2831284.jpg,22
images/crab_cakes/1946626.jpg,16
images/cheesecake/3476504.jpg,11
images/beef_carpaccio/3473722.jpg,2
images/caprese_salad/2400419.jpg,8
images/churros/705120.jpg,14
images/caesar_salad/2854828.jpg,6
images/beet_salad/2737527.jpg,3
images/beet_salad/2303691.jpg,3
images/club_sandwich/3152663.jpg,15
images/caesar_salad/352883.jpg,6
images/baklava/2840498.jpg,1
images/french_fries/1934980.jpg,26
images/club_sandwich/1777485.jpg,15
images/cheesecake/1306238.jpg,11
images/cheese_plate/1857768.jpg,10
images/beignets/2700021.jpg,4
images/crab_cakes/2064600.jpg,16
images/foie_gras/1424416.jpg,25
images/falafel/1090806.jpg,23
images/crab_cakes/919643.jpg,16
images/apple_pie/3160240.jpg,0
images/cannoli/2513496.jpg,7
images/eggs_benedict/3088927.jpg,21
images/bruschetta/2411864.jpg,5
images/fish_and_chips/1134522.jpg,24
images/eggs_benedict/3659293.jpg,21
images/churros/2264940.jpg,14
images/carrot_cake/395210.jpg,9
images/fish_and_chips/283700.jpg,24
images/caesar_salad/1615714.jpg,6
images/churros/1616270.jpg,14
images/eggs_benedict/1775008.jpg,21
images/cannoli/2446751.jpg,7
images/club_sandwich/3332913.jpg,15
images/club_sandwich/193264.jpg,15
images/escargots/3457628.jpg,22
images/donuts/2262914.jpg,19
images/churros/2613362.jpg,14
images/donuts/265589.jpg,19
images/crab_cakes/3520.jpg,16
images/fish_and_chips/3750241.jpg,24
images/cheese_plate/1873685.jpg,10
images/chocolate_cake/1651632.jpg,13
images/cannoli/3569221.jpg,7
images/creme_brulee/2800545.jpg,17
images/fish_and_chips/1686385.jpg,24
images/escargots/584311.jpg,22
images/caprese_salad/1598724.jpg,8
images/foie_gras/3223147.jpg,25
images/baklava/3576882.jpg,1
images/donuts/390198.jpg,19
images/apple_pie/1442421.jpg,0
images/crab_cakes/3406911.jpg,16
images/french_fries/1647142.jpg,26
images/caesar_salad/1692961.jpg,6
images/crab_cakes/3145448.jpg,16
images/crab_cakes/580528.jpg,16
images/beignets/2741104.jpg,4
images/edamame/1600704.jpg,20
images/churros/3719836.jpg,14
images/french_fries/3103431.jpg,26
images/chicken_wings/3811853.jpg,12
images/bruschetta/335086.jpg,5
images/caesar_salad/2907385.jpg,6
images/foie_gras/2312378.jpg,25
images/crab_cakes/3124257.jpg,16
images/beet_salad/1296464.jpg,3
images/cannoli/3318095.jpg,7
images/churros/1253379.jpg,14
images/eggs_benedict/1772071.jpg,21
images/beef_carpaccio/1608189.jpg,2
images/donuts/289791.jpg,19
images/club_sandwich/29758.jpg,15
images/cup_cakes/1288664.jpg,18
images/french_fries/320734.jpg,26
images/baklava/1391795.jpg,1
images/french_fries/1528250.jpg,26
images/edamame/305220.jpg,20
images/eggs_benedict/1938471.jpg,21
images/escargots/371929.jpg,22
images/escargots/2095168.jpg,22
images/cup_cakes/2435638.jpg,18
images/donuts/763266.jpg,19
images/caesar_salad/3576259.jpg,6
images/cheesecake/879840.jpg,11
images/caprese_salad/2681688.jpg,8
images/donuts/1960596.jpg,19
images/bruschetta/1655773.jpg,5
images/eggs_benedict/1288053.jpg,21
images/caesar_salad/1568335.jpg,6
images/beignets/26379.jpg,4
images/cheesecake/3234179.jpg,11
images/chocolate_cake/2013506.jpg,13
images/beignets/1205509.jpg,4
images/creme_brulee/2979592.jpg,17
images/bruschetta/746674.jpg,5
images/churros/270881.jpg,14
images/beet_salad/1456898.jpg,3
images/falafel/2882921.jpg,23
images/chocolate_cake/2300015.jpg,13
images/cup_cakes/3312150.jpg,18
images/beignets/2894065.jpg,4
images/carrot_cake/3680535.jpg,9
images/foie_gras/3085342.jpg,25
images/falafel/243177.jpg,23
images/crab_cakes/1422177.jpg,16
images/french_fries/653305.jpg,26
images/beet_salad/2993129.jpg,3
images/foie_gras/1203021.jpg,25
images/bruschetta/889257.jpg,5
images/club_sandwich/1494298.jpg,15
images/donuts/3885534.jpg,19
images/crab_cakes/1460400.jpg,16
images/eggs_benedict/351071.jpg,21
images/caprese_salad/1966910.jpg,8
images/eggs_benedict/3344068.jpg,21
images/caesar_salad/1539556.jpg,6
images/carrot_cake/3283315.jpg,9
images/edamame/1719918.jpg,20
images/french_fries/455862.jpg,26
images/cup_cakes/2203197.jpg,18
images/cup_cakes/345010.jpg,18
images/eggs_benedict/3259967.jpg,21
images/creme_brulee/3843982.jpg,17
images/escargots/2209058.jpg,22
images/cheesecake/2080519.jpg,11
images/caprese_salad/3117513.jpg,8
images/donuts/1553769.jpg,19
images/edamame/3580503.jpg,20
images/cup_cakes/1583626.jpg,18
images/donuts/856065.jpg,19
images/donuts/656679.jpg,19
images/donuts/1912405.jpg,19
images/creme_brulee/2159631.jpg,17
images/club_sandwich/3183674.jpg,15
images/foie_gras/2934228.jpg,25
images/cup_cakes/3717316.jpg,18
images/apple_pie/3023096.jpg,0
images/falafel/2875865.jpg,23
images/eggs_benedict/1412040.jpg,21
images/cheese_plate/193964.jpg,10
images/escargots/2491502.jpg,22
images/edamame/280078.jpg,20
images/creme_brulee/2853514.jpg,17
images/cheesecake/176394.jpg,11
images/falafel/92213.jpg,23
images/cheese_plate/3597984.jpg,10
images/beignets/198713.jpg,4
images/baklava/2630130.jpg,1
images/french_fries/3626463.jpg,26
images/foie_gras/3062174.jpg,25
images/club_sandwich/164912.jpg,15
images/chocolate_cake/69540.jpg,13
images/churros/256560.jpg,14
images/falafel/590800.jpg,23
images/falafel/3501631.jpg,23
images/beet_salad/658768.jpg,3
images/escargots/1647983.jpg,22
images/beignets/2004832.jpg,4
images/apple_pie/1919827.jpg,0
images/beef_carpaccio/1828859.jpg,2
images/cheese_plate/4656.jpg,10
images/eggs_benedict/1178557.jpg,21
images/escargots/3467730.jpg,22
images/club_sandwich/824988.jpg,15
images/eggs_benedict/3318344.jpg,21
images/donuts/279703.jpg,19
images/bruschetta/2273852.jpg,5
images/chicken_wings/139943.jpg,12
images/carrot_cake/126726.jpg,9
images/cheese_plate/2938798.jpg,10
images/cheesecake/778915.jpg,11
images/french_fries/2971456.jpg,26
images/eggs_benedict/2458781.jpg,21
images/cheesecake/2617496.jpg,11
images/beet_salad/2800635.jpg,3
images/cannoli/467349.jpg,7
images/creme_brulee/3114148.jpg,17
images/apple_pie/2548878.jpg,0
images/cup_cakes/3685871.jpg,18
images/foie_gras/3628913.jpg,25
images/caprese_salad/2255867.jpg,8
images/beef_carpaccio/1774750.jpg,2
images/chocolate_cake/2372754.jpg,13
images/fish_and_chips/3783246.jpg,24
images/club_sandwich/416698.jpg,15
images/bruschetta/1090772.jpg,5
images/edamame/124755.jpg,20
images/club_sandwich/546775.jpg,15
images/cheesecake/1221551.jpg,11
images/beet_salad/1030522.jpg,3
images/beef_carpaccio/2968166.jpg,2
images/caesar_salad/3191114.jpg,6
images/cup_cakes/2235007.jpg,18
images/club_sandwich/1186280.jpg,15
images/beef_carpaccio/1910759.jpg,2
images/french_fries/3405511.jpg,26
images/fish_and_chips/385693.jpg,24
images/caesar_salad/2506752.jpg,6
images/cheese_plate/388572.jpg,10
images/caprese_salad/384208.jpg,8
images/creme_brulee/820180.jpg,17
images/cannoli/1066531.jpg,7
images/beet_salad/44885.jpg,3
images/foie_gras/1723955.jpg,25
images/cheesecake/2805331.jpg,11
images/escargots/213546.jpg,22
images/falafel/2883329.jpg,23
images/chocolate_cake/1057503.jpg,13
images/beef_carpaccio/3187459.jpg,2
images/caprese_salad/2240711.jpg,8
images/creme_brulee/2574544.jpg,17
images/churros/972562.jpg,14
images/french_fries/2331134.jpg,26
images/apple_pie/2566460.jpg,0
images/chocolate_cake/571853.jpg,13
images/apple_pie/3910026.jpg,0
images/cannoli/663320.jpg,7
images/falafel/1164956.jpg,23
images/baklava/3219761.jpg,1
images/club_sandwich/1277961.jpg,15
images/donuts/606246.jpg,19
images/caesar_salad/617103.jpg,6
images/creme_brulee/2937942.jpg,17
images/cup_cakes/66445.jpg,18
images/fish_and_chips/2666926.jpg,24
images/cheese_plate/1849606.jpg,10
images/escargots/527098.jpg,22
images/chocolate_cake/3339044.jpg,13
images/caprese_salad/1584910.jpg,8
images/cheese_plate/3496020.jpg,10
images/creme_brulee/1084743.jpg,17
images/crab_cakes/1321184.jpg,16
images/cheese_plate/1646801.jpg,10
images/baklava/2163946.jpg,1
images/caesar_salad/789194.jpg,6
images/edamame/1892167.jpg,20
images/crab_cakes/934015.jpg,16
images/caprese_salad/494792.jpg,8
images/creme_brulee/3881692.jpg,17
images/churros/3492216.jpg,14
images/caesar_salad/3879199.jpg,6
images/chicken_wings/2565794.jpg,12
images/bruschetta/2738558.jpg,5
images/beignets/56897.jpg,4
images/edamame/2150109.jpg,20
images/cup_cakes/1528582.jpg,18
images/caesar_salad/3740780.jpg,6
images/cup_cakes/1597159.jpg,18
images/apple_pie/1406371.jpg,0
images/carrot_cake/2183129.jpg,9
images/cannoli/2361640.jpg,7
images/cup_cakes/1337553.jpg,18
images/fish_and_chips/2813636.jpg,24
images/foie_gras/1125178.jpg,25
images/falafel/3786422.jpg,23
images/cannoli/3843114.jpg,7
images/fish_and_chips/794255.jpg,24
images/churros/264657.jpg,14
images/fish_and_chips/1468016.jpg,24
images/donuts/2856724.jpg,19
images/beet_salad/3206106.jpg,3
images/carrot_cake/815736.jpg,9
images/bruschetta/3711344.jpg,5
images/bruschetta/260472.jpg,5
images/chocolate_cake/3158727.jpg,13
images/fish_and_chips/626746.jpg,24
images/fish_and_chips/515860.jpg,24
images/foie_gras/1156871.jpg,25
images/bruschetta/1033851.jpg,5
images/caesar_salad/147653.jpg,6
images/eggs_benedict/2139468.jpg,21
images/apple_pie/2576737.jpg,0
images/creme_brulee/956554.jpg,17
images/creme_brulee/31264.jpg,17
images/cheesecake/1988927.jpg,11
images/cup_cakes/2685919.jpg,18
images/escargots/725543.jpg,22
images/edamame/2534488.jpg,20
images/crab_cakes/3618166.jpg,16
images/chicken_wings/2490132.jpg,12
images/fish_and_chips/363693.jpg,24
images/beignets/1639285.jpg,4
images/bruschetta/1171187.jpg,5
images/escargots/3588398.jpg,22
images/churros/1728501.jpg,14
images/eggs_benedict/1442470.jpg,21
images/baklava/473422.jpg,1
images/edamame/468126.jpg,20
images/carrot_cake/3391496.jpg,9
images/chicken_wings/1452670.jpg,12
images/cup_cakes/480608.jpg,18
images/apple_pie/1354215.jpg,0
images/foie_gras/2642415.jpg,25
images/cannoli/2443822.jpg,7
images/falafel/3901012.jpg,23
images/club_sandwich/2856558.jpg,15
images/chocolate_cake/1199732.jpg,13
images/beet_salad/1247648.jpg,3
images/french_fries/153823.jpg,26
images/french_fries/2309622.jpg,26
images/falafel/1412347.jpg,23
images/cannoli/1975469.jpg,7
images/caesar_salad/1658037.jpg,6
images/caesar_salad/543547.jpg,6
images/cheesecake/3904984.jpg,11
images/cannoli/656286.jpg,7
images/baklava/3555079.jpg,1
images/eggs_benedict/465496.jpg,21
images/cannoli/1589372.jpg,7
images/falafel/478888.jpg,23
images/fish_and_chips/2919201.jpg,24
images/baklava/2966630.jpg,1
images/cheese_plate/3452703.jpg,10
images/beet_salad/2323681.jpg,3
images/foie_gras/3399153.jpg,25
images/chocolate_cake/3221327.jpg,13
images/cannoli/1883286.jpg,7
images/escargots/1799317.jpg,22
images/crab_cakes/984366.jpg,16
images/foie_gras/1469983.jpg,25
images/escargots/1420208.jpg,22
images/cheesecake/2059712.jpg,11
images/escargots/141556.jpg,22
images/bruschetta/1449601.jpg,5
images/club_sandwich/837798.jpg,15
images/chocolate_cake/454331.jpg,13
images/escargots/3704841.jpg,22
images/foie_gras/743030.jpg,25
images/cup_cakes/2180649.jpg,18
images/churros/1741652.jpg,14
images/crab_cakes/974146.jpg,16
images/chicken_wings/828660.jpg,12
images/baklava/3709137.jpg,1
images/bruschetta/1743257.jpg,5
images/crab_cakes/3421642.jpg,16
images/foie_gras/562249.jpg,25
images/caprese_salad/1890757.jpg,8
images/chicken_wings/1696551.jpg,12
images/churros/122633.jpg,14
images/crab_cakes/799795.jpg,16
images/escargots/1797064.jpg,22
images/eggs_benedict/3289253.jpg,21
images/caesar_salad/3003064.jpg,6
images/apple_pie/604375.jpg,0
images/creme_brulee/254028.jpg,17
images/escargots/81395.jpg,22
images/cannoli/951127.jpg,7
images/club_sandwich/165857.jpg,15
images/chicken_wings/1283290.jpg,12
images/bruschetta/896618.jpg,5
images/beignets/1041281.jpg,4
images/beef_carpaccio/354818.jpg,2
images/caprese_salad/1993571.jpg,8
images/eggs_benedict/729698.jpg,21
images/baklava/2685803.jpg,1
images/eggs_benedict/300868.jpg,21
images/caprese_salad/887090.jpg,8
images/bruschetta/464463.jpg,5
images/cheesecake/253112.jpg,11
images/creme_brulee/2110427.jpg,17
images/caesar_salad/2079096.jpg,6
images/eggs_benedict/2260828.jpg,21
images/chicken_wings/2695471.jpg,12
images/carrot_cake/1083864.jpg,9
images/cheese_plate/3745692.jpg,10
images/chocolate_cake/2964054.jpg,13
images/falafel/1190281.jpg,23
images/crab_cakes/1598339.jpg,16
images/churros/2234797.jpg,14
images/fish_and_chips/1249038.jpg,24
images/apple_pie/2421227.jpg,0
images/beet_salad/3674935.jpg,3
images/caesar_salad/3857920.jpg,6
images/apple_pie/2708417.jpg,0
images/club_sandwich/3454113.jpg,15
images/caprese_salad/3706098.jpg,8
images/cheesecake/3476761.jpg,11
images/foie_gras/3845243.jpg,25
images/falafel/3118153.jpg,23
images/creme_brulee/1981729.jpg,17
images/french_fries/1370900.jpg,26
images/caesar_salad/3101048.jpg,6
images/chicken_wings/3157585.jpg,12
images/escargots/1502934.jpg,22
images/edamame/2386786.jpg,20
images/edamame/2613978.jpg,20
images/baklava/143372.jpg,1
images/churros/1162376.jpg,14
images/french_fries/2846402.jpg,26
images/chicken_wings/915010.jpg,12
images/beef_carpaccio/1039294.jpg,2
images/baklava/763258.jpg,1
images/club_sandwich/281867.jpg,15
images/cup_cakes/274974.jpg,18
images/french_fries/966854.jpg,26
images/falafel/326746.jpg,23
images/baklava/3119097.jpg,1
images/cheese_plate/1923409.jpg,10
images/beignets/3260404.jpg,4
images/cup_cakes/1217538.jpg,18
images/carrot_cake/3512754.jpg,9
images/escargots/1064391.jpg,22
images/chicken_wings/2584034.jpg,12
images/caesar_salad/1700074.jpg,6
images/escargots/2817029.jpg,22
images/beet_salad/3662099.jpg,3
images/cheesecake/2167083.jpg,11
images/cup_cakes/2990563.jpg,18
images/creme_brulee/2134196.jpg,17
images/fish_and_chips/2614606.jpg,24
images/caesar_salad/1302199.jpg,6
images/crab_cakes/3212392.jpg,16
images/chicken_wings/972335.jpg,12
images/eggs_benedict/645077.jpg,21
images/crab_cakes/53906.jpg,16
images/beignets/3905771.jpg,4
images/falafel/985813.jpg,23
images/beignets/1057410.jpg,4
images/edamame/3275759.jpg,20
images/french_fries/2984923.jpg,26
images/french_fries/2989888.jpg,26
images/creme_brulee/1283678.jpg,17
images/escargots/521425.jpg,22
images/beet_salad/472110.jpg,3
images/beef_carpaccio/3169022.jpg,2
images/fish_and_chips/705488.jpg,24
images/falafel/1670.jpg,23
images/cheese_plate/990743.jpg,10
images/bruschetta/3909318.jpg,5
images/cheese_plate/15716.jpg,10
images/caprese_salad/2408422.jpg,8
images/caesar_salad/3029541.jpg,6
images/edamame/174752.jpg,20
images/donuts/2682162.jpg,19
images/churros/2247388.jpg,14
images/apple_pie/2601847.jpg,0
images/bruschetta/1030241.jpg,5
images/bruschetta/527422.jpg,5
images/caesar_salad/1427802.jpg,6
images/chicken_wings/2813450.jpg,12
images/carrot_cake/1693588.jpg,9
images/beef_carpaccio/2551445.jpg,2
images/apple_pie/3464305.jpg,0
images/escargots/2733196.jpg,22
images/beet_salad/3826395.jpg,3
images/apple_pie/3421349.jpg,0
images/eggs_benedict/1020567.jpg,21
images/french_fries/172042.jpg,26
images/caprese_salad/1656127.jpg,8
images/churros/1170523.jpg,14
images/caesar_salad/1611458.jpg,6
images/apple_pie/3699587.jpg,0
images/donuts/1409437.jpg,19
images/beef_carpaccio/1210266.jpg,2
images/chicken_wings/846921.jpg,12
images/churros/2866907.jpg,14
images/apple_pie/185537.jpg,0
images/churros/1130092.jpg,14
images/creme_brulee/2905927.jpg,17
images/fish_and_chips/1334740.jpg,24
images/donuts/1167275.jpg,19
images/eggs_benedict/3514630.jpg,21
images/escargots/3413660.jpg,22
images/crab_cakes/1800722.jpg,16
images/cheese_plate/2062275.jpg,10
images/beet_salad/1404312.jpg,3
images/chocolate_cake/2065399.jpg,13
images/foie_gras/3489470.jpg,25
images/carrot_cake/3696743.jpg,9
images/churros/1613279.jpg,14
images/caprese_salad/676804.jpg,8
images/bruschetta/3346192.jpg,5
images/club_sandwich/464299.jpg,15
images/eggs_benedict/1955207.jpg,21
images/edamame/2756620.jpg,20
images/cannoli/1669457.jpg,7
images/creme_brulee/1387930.jpg,17
images/churros/3527029.jpg,14
images/chicken_wings/356193.jpg,12
images/bruschetta/961841.jpg,5
images/chocolate_cake/3515160.jpg,13
images/french_fries/80887.jpg,26
images/cheesecake/1518931.jpg,11
images/donuts/201175.jpg,19
images/chicken_wings/396830.jpg,12
images/french_fries/2040049.jpg,26
images/caesar_salad/1480826.jpg,6
images/baklava/3184288.jpg,1
images/beet_salad/1222335.jpg,3
images/apple_pie/2338398.jpg,0
images/cup_cakes/56108.jpg,18
images/edamame/1065813.jpg,20
images/beignets/3096917.jpg,4
images/cheesecake/832742.jpg,11
images/apple_pie/2235547.jpg,0
images/carrot_cake/3192173.jpg,9
images/falafel/122098.jpg,23
images/baklava/1451812.jpg,1
images/baklava/427350.jpg,1
images/falafel/2330674.jpg,23
images/beignets/811015.jpg,4
images/edamame/915572.jpg,20
images/caesar_salad/3304233.jpg,6
images/caesar_salad/680811.jpg,6
images/chicken_wings/2804699.jpg,12
images/baklava/543957.jpg,1
images/eggs_benedict/1201832.jpg,21
images/caprese_salad/635898.jpg,8
images/apple_pie/2799681.jpg,0
images/bruschetta/1314203.jpg,5
images/cannoli/1594501.jpg,7
images/apple_pie/2994917.jpg,0
images/caprese_salad/3659960.jpg,8
images/club_sandwich/907809.jpg,15
images/cup_cakes/84496.jpg,18
images/cup_cakes/1009501.jpg,18
images/bruschetta/3888564.jpg,5
images/beignets/3131772.jpg,4
images/caprese_salad/553762.jpg,8
images/beet_salad/1134880.jpg,3
images/eggs_benedict/3187555.jpg,21
images/crab_cakes/1850900.jpg,16
images/club_sandwich/1042093.jpg,15
images/fish_and_chips/2571982.jpg,24
images/beignets/706878.jpg,4
images/bruschetta/3536472.jpg,5
images/club_sandwich/3302724.jpg,15
images/bruschetta/3696624.jpg,5
images/fish_and_chips/2349576.jpg,24
images/cannoli/654440.jpg,7
images/carrot_cake/596251.jpg,9
images/cheesecake/2829747.jpg,11
images/baklava/2071298.jpg,1
images/creme_brulee/946619.jpg,17
images/chicken_wings/208795.jpg,12
images/fish_and_chips/2802331.jpg,24
images/foie_gras/557895.jpg,25
images/chocolate_cake/2613929.jpg,13
images/chocolate_cake/1244445.jpg,13
images/baklava/1520346.jpg,1
images/caprese_salad/2073105.jpg,8
images/beignets/2850720.jpg,4
images/french_fries/2737860.jpg,26
images/creme_brulee/621039.jpg,17
images/escargots/2817164.jpg,22
images/donuts/1008454.jpg,19
images/beignets/3221807.jpg,4
images/baklava/2034034.jpg,1
images/club_sandwich/2423885.jpg,15
images/donuts/917443.jpg,19
images/baklava/3311476.jpg,1
images/chicken_wings/3052498.jpg,12
images/cheesecake/3845030.jpg,11
images/apple_pie/2126901.jpg,0
images/carrot_cake/3197919.jpg,9
images/fish_and_chips/3912077.jpg,24
images/french_fries/3870897.jpg,26
images/creme_brulee/722718.jpg,17
images/beef_carpaccio/569619.jpg,2
images/chocolate_cake/3164325.jpg,13
images/beet_salad/3794168.jpg,3
images/churros/3340514.jpg,14
images/baklava/2674113.jpg,1
images/beef_carpaccio/1953212.jpg,2
images/beignets/328662.jpg,4
images/caesar_salad/3492581.jpg,6
images/fish_and_chips/2533644.jpg,24
images/chicken_wings/1582030.jpg,12
images/chicken_wings/355129.jpg,12
images/chicken_wings/552164.jpg,12
images/fish_and_chips/3831484.jpg,24
images/escargots/541787.jpg,22
images/cheesecake/3865312.jpg,11
images/escargots/1910463.jpg,22
images/cannoli/3221115.jpg,7
images/carrot_cake/1475581.jpg,9
images/caesar_salad/2013546.jpg,6
images/cup_cakes/352656.jpg,18
images/cheese_plate/2775911.jpg,10
images/edamame/2574083.jpg,20
images/creme_brulee/381583.jpg,17
images/caesar_salad/3806363.jpg,6
images/club_sandwich/1145598.jpg,15
images/beet_salad/1080241.jpg,3
images/edamame/674502.jpg,20
images/baklava/1951482.jpg,1
images/cannoli/318393.jpg,7
images/cheesecake/2585042.jpg,11
images/club_sandwich/646969.jpg,15
images/falafel/1266963.jpg,23
images/escargots/3067788.jpg,22
images/eggs_benedict/2336851.jpg,21
images/fish_and_chips/963161.jpg,24
images/donuts/2249919.jpg,19
images/falafel/3554995.jpg,23
images/falafel/2585073.jpg,23
images/donuts/1108418.jpg,19
images/cannoli/247291.jpg,7
images/donuts/1796637.jpg,19
images/beignets/5159.jpg,4
images/cheese_plate/688847.jpg,10
images/falafel/3691871.jpg,23
images/beet_salad/1818702.jpg,3
images/beignets/2139804.jpg,4
images/crab_cakes/2662735.jpg,16
images/fish_and_chips/3806847.jpg,24
images/churros/1683080.jpg,14
images/beignets/3157161.jpg,4
images/chocolate_cake/1669389.jpg,13
images/eggs_benedict/3510664.jpg,21
images/churros/3904042.jpg,14
images/foie_gras/1877542.jpg,25
images/cheese_plate/652759.jpg,10
images/fish_and_chips/2557047.jpg,24
images/foie_gras/2387670.jpg,25
images/fish_and_chips/654716.jpg,24
images/french_fries/2700217.jpg,26
images/baklava/1417138.jpg,1
images/bruschetta/799347.jpg,5
images/churros/1420399.jpg,14
images/eggs_benedict/3321024.jpg,21
images/beet_salad/2568396.jpg,3
images/bruschetta/1773427.jpg,5
images/donuts/2417229.jpg,19
images/chicken_wings/178183.jpg,12
images/crab_cakes/326981.jpg,16
images/cheesecake/1037609.jpg,11
images/edamame/695686.jpg,20
images/carrot_cake/263995.jpg,9
images/creme_brulee/2187813.jpg,17
images/chicken_wings/3112407.jpg,12
images/beet_salad/732082.jpg,3
images/beignets/83365.jpg,4
images/bruschetta/1099746.jpg,5
images/apple_pie/3214268.jpg,0
images/beignets/983687.jpg,4
images/cannoli/2880435.jpg,7
images/cup_cakes/1822922.jpg,18
images/cannoli/3163855.jpg,7
images/club_sandwich/284784.jpg,15
images/donuts/2740296.jpg,19
images/foie_gras/3760696.jpg,25
images/cheesecake/3644734.jpg,11
images/beef_carpaccio/2579926.jpg,2
images/beef_carpaccio/482763.jpg,2
images/eggs_benedict/3062265.jpg,21
images/creme_brulee/919410.jpg,17
images/club_sandwich/323074.jpg,15
images/baklava/445054.jpg,1
images/baklava/2588419.jpg,1
images/chocolate_cake/2501576.jpg,13
images/baklava/3659458.jpg,1
images/fish_and_chips/1687939.jpg,24
images/club_sandwich/2724384.jpg,15
images/beignets/446187.jpg,4
images/chicken_wings/3398807.jpg,12
images/beet_salad/3013547.jpg,3
images/churros/2372422.jpg,14
images/cup_cakes/380355.jpg,18
images/cannoli/1456962.jpg,7
images/edamame/157894.jpg,20
images/eggs_benedict/2461862.jpg,21
images/foie_gras/880535.jpg,25
images/baklava/201831.jpg,1
images/carrot_cake/1788801.jpg,9
images/carrot_cake/1332454.jpg,9
images/edamame/1524914.jpg,20
images/foie_gras/3273157.jpg,25
images/crab_cakes/2178650.jpg,16
images/escargots/1803363.jpg,22
images/eggs_benedict/3446897.jpg,21
images/beet_salad/2124398.jpg,3
images/caprese_salad/3196323.jpg,8
images/falafel/830879.jpg,23
images/beef_carpaccio/1682706.jpg,2
images/chicken_wings/316019.jpg,12
images/baklava/189311.jpg,1
images/fish_and_chips/1865339.jpg,24
images/cheesecake/181617.jpg,11
images/beet_salad/3287877.jpg,3
images/fish_and_chips/1286350.jpg,24
images/falafel/3226908.jpg,23
images/beef_carpaccio/2692539.jpg,2
images/eggs_benedict/2015295.jpg,21
images/cannoli/2698239.jpg,7
images/chicken_wings/3159659.jpg,12
images/churros/191094.jpg,14
images/beef_carpaccio/484148.jpg,2
images/beef_carpaccio/3554546.jpg,2
images/cannoli/2268308.jpg,7
images/edamame/979556.jpg,20
images/apple_pie/2754101.jpg,0
images/falafel/2269670.jpg,23
images/escargots/1181532.jpg,22
images/falafel/20116.jpg,23
images/chocolate_cake/2481867.jpg,13
images/falafel/792003.jpg,23
images/carrot_cake/670927.jpg,9
images/caesar_salad/269055.jpg,6
images/escargots/2437323.jpg,22
images/french_fries/2528368.jpg,26
images/cheesecake/3345639.jpg,11
images/foie_gras/1071696.jpg,25
images/caprese_salad/2856175.jpg,8
images/apple_pie/854595.jpg,0
images/caprese_salad/1029917.jpg,8
images/beignets/3405244.jpg,4
images/falafel/3585212.jpg,23
images/foie_gras/3368758.jpg,25
images/churros/274692.jpg,14
images/donuts/1702242.jpg,19
images/donuts/217403.jpg,19
images/foie_gras/602227.jpg,25
images/club_sandwich/677502.jpg,15
images/cup_cakes/282791.jpg,18
images/eggs_benedict/2607711.jpg,21
images/french_fries/1505018.jpg,26
images/cup_cakes/2167604.jpg,18
images/cannoli/1248285.jpg,7
images/chocolate_cake/472264.jpg,13
images/french_fries/1078563.jpg,26
images/caprese_salad/2298463.jpg,8
images/chicken_wings/60121.jpg,12
images/caprese_salad/3117244.jpg,8
images/beignets/2540045.jpg,4
images/baklava/2492935.jpg,1
images/churros/1644259.jpg,14
images/beignets/2657898.jpg,4
images/french_fries/872441.jpg,26
images/creme_brulee/88644.jpg,17
images/chocolate_cake/113740.jpg,13
images/baklava/854891.jpg,1
images/beef_carpaccio/257386.jpg,2
images/caesar_salad/1576644.jpg,6
images/crab_cakes/3633001.jpg,16
images/edamame/1403958.jpg,20
images/churros/1202914.jpg,14
images/fish_and_chips/164390.jpg,24
images/foie_gras/2189842.jpg,25
images/chocolate_cake/578660.jpg,13
images/escargots/637187.jpg,22
images/foie_gras/181021.jpg,25
images/club_sandwich/3845195.jpg,15
images/creme_brulee/1560140.jpg,17
images/beef_carpaccio/3233471.jpg,2
images/escargots/3863926.jpg,22
images/cheese_plate/3065818.jpg,10
images/foie_gras/197407.jpg,25
images/cannoli/3346660.jpg,7
images/donuts/2179784.jpg,19
images/caesar_salad/2077011.jpg,6
images/edamame/1476152.jpg,20
images/fish_and_chips/251026.jpg,24
images/cheesecake/1073148.jpg,11
images/falafel/950261.jpg,23
images/beef_carpaccio/2117436.jpg,2
images/crab_cakes/254970.jpg,16
images/beignets/1117472.jpg,4
images/baklava/295863.jpg,1
images/crab_cakes/3615010.jpg,16
images/cheesecake/1925975.jpg,11
images/crab_cakes/55478.jpg,16
images/chicken_wings/2578483.jpg,12
images/donuts/2378694.jpg,19
images/donuts/2861050.jpg,19
images/baklava/3824943.jpg,1
images/beignets/2233222.jpg,4
images/bruschetta/1924585.jpg,5
images/french_fries/467106.jpg,26
images/eggs_benedict/340852.jpg,21
images/cheesecake/1900269.jpg,11
images/french_fries/2452990.jpg,26
images/club_sandwich/3184714.jpg,15
images/cheese_plate/3076882.jpg,10
images/eggs_benedict/3912341.jpg,21
images/apple_pie/2097980.jpg,0
images/eggs_benedict/3664562.jpg,21
images/donuts/2397717.jpg,19
images/edamame/2109435.jpg,20
images/cheese_plate/133611.jpg,10
images/club_sandwich/1231186.jpg,15
images/apple_pie/2518174.jpg,0
images/churros/863367.jpg,14
images/fish_and_chips/3863090.jpg,24
images/caesar_salad/2302637.jpg,6
images/cannoli/3402950.jpg,7
images/beet_salad/3016390.jpg,3
images/churros/3058558.jpg,14
images/apple_pie/375297.jpg,0
images/foie_gras/2228915.jpg,25
images/cannoli/1048851.jpg,7
images/fish_and_chips/1030796.jpg,24
images/chocolate_cake/3302144.jpg,13
images/cheesecake/1448697.jpg,11
images/club_sandwich/1313234.jpg,15
images/crab_cakes/685156.jpg,16
images/french_fries/3293202.jpg,26
images/creme_brulee/868866.jpg,17
images/donuts/588026.jpg,19
images/caesar_salad/1565576.jpg,6
images/crab_cakes/2928983.jpg,16
images/escargots/2429063.jpg,22
images/churros/1939616.jpg,14
images/escargots/946985.jpg,22
images/chicken_wings/266691.jpg,12
images/escargots/983819.jpg,22
images/apple_pie/3718506.jpg,0
images/cup_cakes/720386.jpg,18
images/crab_cakes/724514.jpg,16
images/beignets/2664483.jpg,4
images/cheese_plate/3043248.jpg,10
images/chocolate_cake/1798406.jpg,13
images/french_fries/2596038.jpg,26
images/falafel/814308.jpg,23
images/cheese_plate/999818.jpg,10
images/cup_cakes/556378.jpg,18
images/cheese_plate/42901.jpg,10
images/baklava/3247289.jpg,1
images/churros/2307498.jpg,14
images/crab_cakes/77548.jpg,16
images/eggs_benedict/1566755.jpg,21
images/cheese_plate/102849.jpg,10
images/club_sandwich/335185.jpg,15
images/eggs_benedict/1820721.jpg,21
images/eggs_benedict/1595846.jpg,21
images/churros/516764.jpg,14
images/cannoli/2942828.jpg,7
images/french_fries/3071320.jpg,26
images/churros/1967592.jpg,14
images/apple_pie/3242509.jpg,0
images/bruschetta/3204926.jpg,5
images/club_sandwich/571177.jpg,15
images/creme_brulee/2257713.jpg,17
images/caesar_salad/2875241.jpg,6
images/club_sandwich/1776087.jpg,15
images/beignets/1036242.jpg,4
images/foie_gras/1730173.jpg,25
images/cheesecake/3270288.jpg,11
images/chicken_wings/1995488.jpg,12
images/cannoli/663332.jpg,7
images/cannoli/2737837.jpg,7
images/falafel/366728.jpg,23
images/creme_brulee/2000973.jpg,17
images/fish_and_chips/1614554.jpg,24
images/escargots/2992850.jpg,22
images/fish_and_chips/781670.jpg,24
images/donuts/223532.jpg,19
images/fish_and_chips/996512.jpg,24
images/cannoli/1248152.jpg,7
images/edamame/2915287.jpg,20
images/fish_and_chips/770751.jpg,24
images/bruschetta/2161394.jpg,5
images/edamame/2503139.jpg,20
images/donuts/987585.jpg,19
images/beet_salad/3601719.jpg,3
images/cheese_plate/319712.jpg,10
images/escargots/2830584.jpg,22
images/caesar_salad/2669636.jpg,6
images/fish_and_chips/422241.jpg,24
images/cannoli/1406840.jpg,7
images/beignets/3413862.jpg,4
images/baklava/176061.jpg,1
images/foie_gras/1161068.jpg,25
images/chocolate_cake/3152730.jpg,13
images/donuts/1381911.jpg,19
images/cheesecake/2334103.jpg,11
images/beef_carpaccio/1217966.jpg,2
images/eggs_benedict/3485018.jpg,21
images/baklava/2346434.jpg,1
images/caprese_salad/595704.jpg,8
images/fish_and_chips/599483.jpg,24
images/baklava/506922.jpg,1
images/beef_carpaccio/1521655.jpg,2
images/chicken_wings/306324.jpg,12
images/escargots/3417382.jpg,22
images/chicken_wings/2178965.jpg,12
images/caprese_salad/1825109.jpg,8
images/beignets/3652804.jpg,4
images/beignets/264847.jpg,4
images/club_sandwich/1342346.jpg,15
images/apple_pie/1689411.jpg,0
images/caprese_salad/1914318.jpg,8
images/bruschetta/349807.jpg,5
images/carrot_cake/3186448.jpg,9
images/foie_gras/33489.jpg,25
images/cheese_plate/3145550.jpg,10
images/fish_and_chips/1502560.jpg,24
images/edamame/503407.jpg,20
images/crab_cakes/1634708.jpg,16
images/churros/1537956.jpg,14
images/carrot_cake/1381243.jpg,9
images/fish_and_chips/3792391.jpg,24
images/escargots/118515.jpg,22
images/creme_brulee/2700642.jpg,17
images/apple_pie/2929330.jpg,0
images/caprese_salad/2150395.jpg,8
images/eggs_benedict/2446043.jpg,21
images/baklava/3373814.jpg,1
images/donuts/2166123.jpg,19
images/churros/77767.jpg,14
images/creme_brulee/312639.jpg,17
images/beef_carpaccio/3472039.jpg,2
images/cup_cakes/2726562.jpg,18
images/carrot_cake/31331.jpg,9
images/chocolate_cake/261466.jpg,13
images/beet_salad/3485612.jpg,3
images/creme_brulee/27773.jpg,17
images/fish_and_chips/3259415.jpg,24
images/creme_brulee/2320402.jpg,17
images/carrot_cake/212139.jpg,9
images/falafel/1493398.jpg,23
images/beet_salad/726355.jpg,3
images/cup_cakes/595906.jpg,18
images/carrot_cake/2954201.jpg,9
images/beignets/108745.jpg,4
images/carrot_cake/218491.jpg,9
images/creme_brulee/1600745.jpg,17
images/beet_salad/1083652.jpg,3
images/escargots/1058293.jpg,22
images/caprese_salad/2584016.jpg,8
images/bruschetta/3698659.jpg,5
images/club_sandwich/1202244.jpg,15
images/cannoli/2813583.jpg,7
images/falafel/1806243.jpg,23
images/carrot_cake/2462844.jpg,9
images/escargots/1891670.jpg,22
images/donuts/2324265.jpg,19
images/bruschetta/233420.jpg,5
images/cannoli/2756131.jpg,7
images/foie_gras/1267946.jpg,25
images/donuts/794594.jpg,19
images/caprese_salad/1900867.jpg,8
images/cheese_plate/1842697.jpg,10
images/club_sandwich/1098005.jpg,15
images/creme_brulee/2724859.jpg,17
images/donuts/148384.jpg,19
images/club_sandwich/2174279.jpg,15
images/bruschetta/2397755.jpg,5
images/churros/1173613.jpg,14
images/fish_and_chips/487787.jpg,24
images/bruschetta/705125.jpg,5
images/beef_carpaccio/132214.jpg,2
images/cup_cakes/2331910.jpg,18
images/chicken_wings/644288.jpg,12
images/churros/3593479.jpg,14
images/fish_and_chips/3756863.jpg,24
images/apple_pie/1629072.jpg,0
images/carrot_cake/1294358.jpg,9
images/fish_and_chips/813266.jpg,24
images/beef_carpaccio/2998751.jpg,2
images/cup_cakes/1188736.jpg,18
images/cannoli/2604730.jpg,7
images/escargots/2728033.jpg,22
images/beef_carpaccio/1147514.jpg,2
images/club_sandwich/1836828.jpg,15
images/foie_gras/1412670.jpg,25
images/cheesecake/2023629.jpg,11
images/french_fries/3528931.jpg,26
images/bruschetta/3696447.jpg,5
images/chicken_wings/3028420.jpg,12
images/bruschetta/827942.jpg,5
images/cheesecake/2192651.jpg,11
images/beef_carpaccio/1235350.jpg,2
images/apple_pie/2586142.jpg,0
images/french_fries/2830352.jpg,26
images/crab_cakes/1996689.jpg,16
images/beef_carpaccio/540587.jpg,2
images/chicken_wings/1700256.jpg,12
images/club_sandwich/737189.jpg,15
images/eggs_benedict/149562.jpg,21
images/churros/151946.jpg,14
images/french_fries/705893.jpg,26
images/french_fries/64960.jpg,26
images/fish_and_chips/3167151.jpg,24
images/beet_salad/1855818.jpg,3
images/fish_and_chips/710495.jpg,24
images/cup_cakes/1631268.jpg,18
images/falafel/150112.jpg,23
images/cheesecake/2103793.jpg,11
images/beignets/1832643.jpg,4
images/falafel/3298476.jpg,23
images/chocolate_cake/710738.jpg,13
images/foie_gras/1272544.jpg,25
images/beef_carpaccio/3274204.jpg,2
images/caesar_salad/1348525.jpg,6
images/chocolate_cake/1109875.jpg,13
images/baklava/213761.jpg,1
images/chocolate_cake/3370863.jpg,13
images/baklava/1502186.jpg,1
images/foie_gras/3110005.jpg,25
images/carrot_cake/1840888.jpg,9
images/cheese_plate/442888.jpg,10
images/creme_brulee/3175467.jpg,17
images/apple_pie/769522.jpg,0
images/chocolate_cake/2698816.jpg,13
images/chicken_wings/931955.jpg,12
images/caesar_salad/1935220.jpg,6
images/cannoli/1597973.jpg,7
images/crab_cakes/1760244.jpg,16
images/cheese_plate/582909.jpg,10
images/escargots/942183.jpg,22
images/creme_brulee/757030.jpg,17
images/french_fries/2224231.jpg,26
images/cup_cakes/2340606.jpg,18
images/baklava/3674079.jpg,1
images/beignets/696222.jpg,4
images/chocolate_cake/2597918.jpg,13
images/caesar_salad/2122717.jpg,6
images/caesar_salad/2597412.jpg,6
images/caesar_salad/2982405.jpg,6
images/caesar_salad/290311.jpg,6
images/caprese_salad/1770744.jpg,8
images/crab_cakes/118168.jpg,16
images/beef_carpaccio/1283655.jpg,2
images/eggs_benedict/3570362.jpg,21
images/cannoli/2825251.jpg,7
images/chicken_wings/2619493.jpg,12
images/baklava/3093742.jpg,1
images/cheesecake/3818163.jpg,11
images/cheese_plate/1949061.jpg,10
images/beignets/2110994.jpg,4
images/cheese_plate/940247.jpg,10
images/escargots/1438304.jpg,22
images/falafel/466987.jpg,23
images/beef_carpaccio/2486840.jpg,2
images/creme_brulee/3042052.jpg,17
images/caesar_salad/3655302.jpg,6
images/carrot_cake/3006554.jpg,9
images/beignets/2869806.jpg,4
images/eggs_benedict/1210873.jpg,21
images/cannoli/3564123.jpg,7
images/edamame/3803786.jpg,20
images/caprese_salad/403362.jpg,8
images/edamame/760003.jpg,20
images/club_sandwich/1314087.jpg,15
images/caprese_salad/1880573.jpg,8
images/baklava/2694514.jpg,1
images/club_sandwich/3000207.jpg,15
images/beet_salad/1291153.jpg,3
images/falafel/1645883.jpg,23
images/caesar_salad/1023839.jpg,6
images/caprese_salad/3712852.jpg,8
images/carrot_cake/3270456.jpg,9
images/cheese_plate/2362845.jpg,10
images/caprese_salad/633890.jpg,8
images/chocolate_cake/2286392.jpg,13
images/crab_cakes/2687500.jpg,16
images/escargots/3552222.jpg,22
images/churros/1797116.jpg,14
images/falafel/3339236.jpg,23
images/foie_gras/1490873.jpg,25
images/beignets/2244774.jpg,4
images/caesar_salad/2412264.jpg,6
images/chicken_wings/2157246.jpg,12
images/eggs_benedict/2927639.jpg,21
images/carrot_cake/2894362.jpg,9
images/creme_brulee/1008540.jpg,17
images/crab_cakes/1143248.jpg,16
images/edamame/2571204.jpg,20
images/beet_salad/194063.jpg,3
images/cup_cakes/588751.jpg,18
images/cheesecake/3096572.jpg,11
images/beef_carpaccio/3296135.jpg,2
images/falafel/799422.jpg,23
images/beignets/3880271.jpg,4
images/fish_and_chips/1100043.jpg,24
images/bruschetta/447701.jpg,5
images/french_fries/353170.jpg,26
images/bruschetta/440548.jpg,5
images/apple_pie/1923768.jpg,0
images/creme_brulee/2718930.jpg,17
images/cannoli/2869264.jpg,7
images/beet_salad/1073502.jpg,3
images/crab_cakes/694178.jpg,16
images/donuts/141712.jpg,19
images/cannoli/99029.jpg,7
images/eggs_benedict/3552907.jpg,21
images/chicken_wings/2621837.jpg,12
images/carrot_cake/2974893.jpg,9
images/caesar_salad/3716003.jpg,6
images/cannoli/762816.jpg,7
images/creme_brulee/970948.jpg,17
images/donuts/1376080.jpg,19
images/carrot_cake/1377324.jpg,9
images/chicken_wings/2509984.jpg,12
images/foie_gras/2439075.jpg,25
images/beet_salad/1656098.jpg,3
images/apple_pie/2195793.jpg,0
images/chicken_wings/2456474.jpg,12
images/beet_salad/3559511.jpg,3
images/caesar_salad/2401101.jpg,6
images/fish_and_chips/1148095.jpg,24
images/caprese_salad/2268565.jpg,8
images/chicken_wings/916356.jpg,12
images/bruschetta/2591921.jpg,5
images/beet_salad/3241064.jpg,3
images/carrot_cake/1615470.jpg,9
images/club_sandwich/2349676.jpg,15
images/foie_gras/1195151.jpg,25
images/beignets/1109051.jpg,4
images/baklava/3396500.jpg,1
images/chocolate_cake/2339620.jpg,13
images/eggs_benedict/2129301.jpg,21
images/escargots/2646994.jpg,22
images/beef_carpaccio/865887.jpg,2
images/falafel/1443498.jpg,23
images/creme_brulee/1138393.jpg,17
images/beignets/2398550.jpg,4
images/caprese_salad/1762564.jpg,8
images/beef_carpaccio/1608390.jpg,2
images/fish_and_chips/1503402.jpg,24
images/chocolate_cake/3157567.jpg,13
images/cup_cakes/451071.jpg,18
images/baklava/1264263.jpg,1
images/apple_pie/647043.jpg,0
images/baklava/1122284.jpg,1
images/churros/455213.jpg,14
images/fish_and_chips/3635042.jpg,24
images/bruschetta/1813000.jpg,5
images/beef_carpaccio/3170308.jpg,2
images/french_fries/1062594.jpg,26
images/edamame/2651535.jpg,20
images/eggs_benedict/3755853.jpg,21
images/chocolate_cake/3684018.jpg,13
images/carrot_cake/3322547.jpg,9
images/beet_salad/3138089.jpg,3
images/chicken_wings/1505881.jpg,12
images/foie_gras/477561.jpg,25
images/beignets/577345.jpg,4
images/eggs_benedict/3768018.jpg,21
images/club_sandwich/220535.jpg,15
images/foie_gras/532735.jpg,25
images/donuts/2688697.jpg,19
images/bruschetta/1908995.jpg,5
images/beignets/1408844.jpg,4
images/carrot_cake/64929.jpg,9
images/carrot_cake/2398995.jpg,9
images/chicken_wings/2757350.jpg,12
images/carrot_cake/3754402.jpg,9
images/escargots/1841437.jpg,22
images/cheese_plate/1924343.jpg,10
images/baklava/2536605.jpg,1
images/baklava/2954550.jpg,1
images/bruschetta/2663471.jpg,5
images/cup_cakes/554761.jpg,18
images/falafel/1142219.jpg,23
images/fish_and_chips/3550088.jpg,24
images/cheese_plate/3605163.jpg,10
images/cannoli/1337561.jpg,7
images/bruschetta/2646663.jpg,5
images/club_sandwich/3289127.jpg,15
images/churros/1342645.jpg,14
images/apple_pie/1252879.jpg,0
images/donuts/1509832.jpg,19
images/eggs_benedict/1072180.jpg,21
images/caprese_salad/1132373.jpg,8
images/apple_pie/505249.jpg,0
images/baklava/606609.jpg,1
images/fish_and_chips/3119446.jpg,24
images/beet_salad/3215422.jpg,3
images/french_fries/575211.jpg,26
images/chocolate_cake/2729917.jpg,13
images/carrot_cake/2871419.jpg,9
images/cheesecake/362045.jpg,11
images/caprese_salad/1445637.jpg,8
images/churros/3247092.jpg,14
images/chicken_wings/2442565.jpg,12
images/donuts/952086.jpg,19
images/bruschetta/356900.jpg,5
images/cheese_plate/771384.jpg,10
images/crab_cakes/1973993.jpg,16
images/chicken_wings/1792049.jpg,12
images/edamame/3632196.jpg,20
images/chocolate_cake/2444289.jpg,13
images/fish_and_chips/2673675.jpg,24
images/caprese_salad/840906.jpg,8
images/french_fries/1667108.jpg,26
images/baklava/852081.jpg,1
images/french_fries/1596441.jpg,26
images/fish_and_chips/183608.jpg,24
images/french_fries/3291587.jpg,26
images/bruschetta/1883187.jpg,5
images/foie_gras/1044237.jpg,25
images/cheesecake/2730999.jpg,11
images/baklava/1838688.jpg,1
images/carrot_cake/1735277.jpg,9
images/beignets/717342.jpg,4
images/club_sandwich/1593106.jpg,15
images/club_sandwich/3442924.jpg,15
images/beet_salad/2447628.jpg,3
images/cup_cakes/258492.jpg,18
images/crab_cakes/1734558.jpg,16
images/chicken_wings/3734616.jpg,12
images/caesar_salad/3520407.jpg,6
images/foie_gras/80086.jpg,25
images/creme_brulee/2570203.jpg,17
images/beef_carpaccio/1672341.jpg,2
images/french_fries/194973.jpg,26
images/caprese_salad/1100531.jpg,8
images/creme_brulee/3762126.jpg,17
images/french_fries/3894916.jpg,26
images/cannoli/1873527.jpg,7
images/apple_pie/874809.jpg,0
images/cheesecake/1464549.jpg,11
images/club_sandwich/3630649.jpg,15
images/creme_brulee/1373667.jpg,17
images/eggs_benedict/1758606.jpg,21
images/chicken_wings/3074266.jpg,12
images/cup_cakes/3124178.jpg,18
images/cheese_plate/3791076.jpg,10
images/escargots/3434320.jpg,22
images/beef_carpaccio/3185250.jpg,2
images/eggs_benedict/1226684.jpg,21
images/beignets/2659314.jpg,4
images/eggs_benedict/2972592.jpg,21
images/creme_brulee/2271190.jpg,17
images/beef_carpaccio/3106606.jpg,2
images/carrot_cake/2667855.jpg,9
images/apple_pie/2218771.jpg,0
images/cheese_plate/1808741.jpg,10
images/bruschetta/2547123.jpg,5
images/cannoli/2203432.jpg,7
images/carrot_cake/2218343.jpg,9
images/cheese_plate/3678228.jpg,10
images/donuts/3879821.jpg,19
images/carrot_cake/2071895.jpg,9
images/foie_gras/3026767.jpg,25
images/fish_and_chips/3094697.jpg,24
images/cup_cakes/840413.jpg,18
images/beignets/2735628.jpg,4
images/apple_pie/405315.jpg,0
images/bruschetta/80102.jpg,5
images/bruschetta/3335983.jpg,5
images/bruschetta/2407663.jpg,5
images/french_fries/3081685.jpg,26
images/crab_cakes/3304768.jpg,16
images/cup_cakes/1290350.jpg,18
images/french_fries/3600843.jpg,26
images/cannoli/2127470.jpg,7
images/escargots/3520012.jpg,22
images/chicken_wings/144445.jpg,12
images/club_sandwich/514277.jpg,15
images/apple_pie/502016.jpg,0
images/crab_cakes/1831869.jpg,16
images/beef_carpaccio/2570670.jpg,2
images/foie_gras/1288736.jpg,25
images/carrot_cake/3776362.jpg,9
images/apple_pie/1005649.jpg,0
images/eggs_benedict/1117687.jpg,21
images/apple_pie/1893663.jpg,0
images/edamame/3624765.jpg,20
images/cannoli/1385122.jpg,7
images/baklava/2236588.jpg,1
images/club_sandwich/1379357.jpg,15
images/cup_cakes/3128329.jpg,18
images/falafel/543142.jpg,23
images/chocolate_cake/2390235.jpg,13
images/baklava/1880196.jpg,1
images/beignets/1389587.jpg,4
images/beef_carpaccio/972397.jpg,2
images/cheesecake/3435169.jpg,11
images/chicken_wings/1432425.jpg,12
images/apple_pie/3110084.jpg,0
images/eggs_benedict/2066348.jpg,21
images/club_sandwich/2418018.jpg,15
images/foie_gras/1829314.jpg,25
images/beef_carpaccio/2036572.jpg,2
images/chocolate_cake/700468.jpg,13
images/eggs_benedict/3238266.jpg,21
images/eggs_benedict/7718.jpg,21
images/beignets/1021134.jpg,4
images/beet_salad/3072514.jpg,3
images/baklava/2582738.jpg,1
images/donuts/2594319.jpg,19
images/cup_cakes/1030035.jpg,18
images/apple_pie/1335563.jpg,0
images/cannoli/1357678.jpg,7
images/baklava/1367374.jpg,1
images/bruschetta/10976.jpg,5
images/falafel/2744661.jpg,23
images/foie_gras/760720.jpg,25
images/beef_carpaccio/679379.jpg,2
images/cup_cakes/2825364.jpg,18
images/caprese_salad/3845186.jpg,8
images/beef_carpaccio/616383.jpg,2
images/donuts/328708.jpg,19
images/cheesecake/1656986.jpg,11
images/bruschetta/2708535.jpg,5
images/donuts/1649297.jpg,19
images/baklava/3368791.jpg,1
images/churros/102100.jpg,14
images/edamame/99647.jpg,20
images/carrot_cake/3365774.jpg,9
images/beef_carpaccio/1289463.jpg,2
images/eggs_benedict/3574234.jpg,21
images/falafel/3769497.jpg,23
images/churros/1339502.jpg,14
images/eggs_benedict/2229399.jpg,21
images/cannoli/1275813.jpg,7
images/baklava/840044.jpg,1
images/cheesecake/3431093.jpg,11
images/foie_gras/2411232.jpg,25
images/donuts/3605668.jpg,19
images/cheesecake/6219.jpg,11
images/crab_cakes/1947232.jpg,16
images/club_sandwich/1367538.jpg,15
images/beef_carpaccio/1682054.jpg,2
images/bruschetta/868834.jpg,5
images/club_sandwich/2055500.jpg,15
images/falafel/452268.jpg,23
images/chocolate_cake/1864648.jpg,13
images/beignets/52308.jpg,4
images/fish_and_chips/3211680.jpg,24
images/donuts/1290278.jpg,19
images/carrot_cake/2021442.jpg,9
images/baklava/158510.jpg,1
images/donuts/1035519.jpg,19
images/foie_gras/2186201.jpg,25
images/club_sandwich/1483123.jpg,15
images/cheesecake/1424299.jpg,11
images/chicken_wings/2145945.jpg,12
images/fish_and_chips/753322.jpg,24
images/eggs_benedict/387412.jpg,21
images/beef_carpaccio/2034762.jpg,2
images/eggs_benedict/61439.jpg,21
images/escargots/1897650.jpg,22
images/caprese_salad/2068747.jpg,8
images/creme_brulee/2102311.jpg,17
images/beignets/3693114.jpg,4
images/falafel/3825730.jpg,23
images/cannoli/2617297.jpg,7
images/french_fries/1708934.jpg,26
images/cup_cakes/2435194.jpg,18
images/cup_cakes/829809.jpg,18
images/carrot_cake/2294116.jpg,9
images/beignets/1595405.jpg,4
images/chocolate_cake/1525901.jpg,13
images/caprese_salad/1609333.jpg,8
images/escargots/3567306.jpg,22
images/eggs_benedict/2458593.jpg,21
images/cannoli/2715549.jpg,7
images/caprese_salad/1524921.jpg,8
images/club_sandwich/2266796.jpg,15
images/carrot_cake/455973.jpg,9
images/donuts/392944.jpg,19
images/edamame/569734.jpg,20
images/carrot_cake/3711931.jpg,9
images/foie_gras/1978234.jpg,25
images/chicken_wings/2083902.jpg,12
images/caprese_salad/2590087.jpg,8
images/cup_cakes/583672.jpg,18
images/eggs_benedict/2538127.jpg,21
images/french_fries/3784230.jpg,26
images/caprese_salad/3288128.jpg,8
images/beef_carpaccio/420004.jpg,2
images/beignets/229721.jpg,4
images/escargots/1835918.jpg,22
images/cup_cakes/298664.jpg,18
images/cannoli/770203.jpg,7
images/carrot_cake/2951472.jpg,9
images/foie_gras/2141687.jpg,25
images/falafel/97482.jpg,23
images/eggs_benedict/1698102.jpg,21
images/foie_gras/454066.jpg,25
images/crab_cakes/2701713.jpg,16
images/apple_pie/3004621.jpg,0
images/chicken_wings/3370747.jpg,12
images/beef_carpaccio/3351953.jpg,2
images/carrot_cake/1165085.jpg,9
images/cannoli/1196002.jpg,7
images/chocolate_cake/1177028.jpg,13
images/edamame/3537998.jpg,20
images/club_sandwich/2852142.jpg,15
images/french_fries/2490548.jpg,26
images/french_fries/3484006.jpg,26
images/caprese_salad/3672242.jpg,8
images/apple_pie/2323355.jpg,0
images/cheese_plate/2241504.jpg,10
images/falafel/289656.jpg,23
images/foie_gras/3206643.jpg,25
images/fish_and_chips/1407271.jpg,24
images/apple_pie/1575505.jpg,0
images/cheesecake/1359343.jpg,11
images/eggs_benedict/1852335.jpg,21
images/beignets/124761.jpg,4
images/apple_pie/3299260.jpg,0
images/cup_cakes/413501.jpg,18
images/fish_and_chips/464433.jpg,24
images/edamame/747067.jpg,20
images/bruschetta/153898.jpg,5
images/beignets/1654958.jpg,4
images/churros/3592222.jpg,14
images/cannoli/3778102.jpg,7
images/falafel/156683.jpg,23
images/french_fries/387064.jpg,26
images/cheesecake/3388138.jpg,11
images/apple_pie/1874318.jpg,0
images/escargots/360659.jpg,22
images/cannoli/3357985.jpg,7
images/chocolate_cake/1982669.jpg,13
images/crab_cakes/758244.jpg,16
images/fish_and_chips/1730402.jpg,24
images/cheesecake/3692460.jpg,11
images/donuts/203890.jpg,19
images/edamame/2400378.jpg,20
images/edamame/3164203.jpg,20
images/baklava/3314939.jpg,1
images/foie_gras/3027615.jpg,25
images/churros/479453.jpg,14
images/beef_carpaccio/3394024.jpg,2
images/churros/735384.jpg,14
images/creme_brulee/645974.jpg,17
images/creme_brulee/596164.jpg,17
images/club_sandwich/2075979.jpg,15
images/fish_and_chips/1916348.jpg,24
images/chocolate_cake/2933701.jpg,13
images/caesar_salad/3574281.jpg,6
images/club_sandwich/1044134.jpg,15
images/carrot_cake/2170057.jpg,9
images/crab_cakes/3474025.jpg,16
images/cannoli/3719459.jpg,7
images/beignets/1477348.jpg,4
images/cannoli/1422219.jpg,7
images/fish_and_chips/2816095.jpg,24
images/chocolate_cake/3108370.jpg,13
images/creme_brulee/2593526.jpg,17
images/falafel/2393585.jpg,23
images/creme_brulee/2532567.jpg,17
images/chocolate_cake/1305628.jpg,13
images/chicken_wings/3291540.jpg,12
images/cheese_plate/3647748.jpg,10
images/beet_salad/1901538.jpg,3
images/caprese_salad/1383210.jpg,8
images/falafel/3288734.jpg,23
images/beef_carpaccio/3179844.jpg,2
images/apple_pie/3217969.jpg,0
images/falafel/193307.jpg,23
images/cannoli/1319296.jpg,7
images/apple_pie/3635782.jpg,0
images/caprese_salad/2127410.jpg,8
images/chicken_wings/2437425.jpg,12
images/churros/3097216.jpg,14
images/apple_pie/2968495.jpg,0
images/caesar_salad/1977261.jpg,6
images/cannoli/2396658.jpg,7
images/cannoli/2856350.jpg,7
images/falafel/2573122.jpg,23
images/escargots/1375681.jpg,22
images/donuts/667345.jpg,19
images/caesar_salad/1878800.jpg,6
images/cheese_plate/543593.jpg,10
images/crab_cakes/1571871.jpg,16
images/edamame/2304384.jpg,20
images/donuts/837724.jpg,19
images/edamame/1264036.jpg,20
images/beignets/1584005.jpg,4
images/churros/1214657.jpg,14
images/caprese_salad/622794.jpg,8
images/eggs_benedict/1361071.jpg,21
images/caesar_salad/3842789.jpg,6
images/cup_cakes/3015956.jpg,18
images/creme_brulee/2040621.jpg,17
images/apple_pie/3670966.jpg,0
images/fish_and_chips/1347751.jpg,24
images/bruschetta/2178144.jpg,5
images/beef_carpaccio/356619.jpg,2
images/cheese_plate/1712418.jpg,10
images/falafel/3680795.jpg,23
images/churros/2612251.jpg,14
images/eggs_benedict/694114.jpg,21
images/apple_pie/997124.jpg,0
images/chocolate_cake/3452626.jpg,13
images/french_fries/3711767.jpg,26
images/club_sandwich/84309.jpg,15
images/cheesecake/193920.jpg,11
images/creme_brulee/3316109.jpg,17
images/french_fries/3049746.jpg,26
images/apple_pie/1106961.jpg,0
images/cup_cakes/2976787.jpg,18
images/escargots/3866631.jpg,22
images/chicken_wings/557828.jpg,12
images/caprese_salad/2036303.jpg,8
images/french_fries/459162.jpg,26
images/bruschetta/1482438.jpg,5
images/caesar_salad/284135.jpg,6
images/creme_brulee/2443749.jpg,17
images/falafel/2976971.jpg,23
images/beef_carpaccio/3534354.jpg,2
images/chocolate_cake/3064293.jpg,13
images/escargots/2361337.jpg,22
images/beignets/205641.jpg,4
images/churros/3150964.jpg,14
images/french_fries/847042.jpg,26
images/bruschetta/1104680.jpg,5
images/chocolate_cake/17530.jpg,13
images/carrot_cake/3354399.jpg,9
images/carrot_cake/3078089.jpg,9
images/chicken_wings/3788311.jpg,12
images/apple_pie/1886600.jpg,0
images/carrot_cake/2866508.jpg,9
images/churros/2241421.jpg,14
images/churros/3022145.jpg,14
images/club_sandwich/2397631.jpg,15
images/foie_gras/1144759.jpg,25
images/baklava/1791105.jpg,1
images/apple_pie/886518.jpg,0
images/cheesecake/2557893.jpg,11
images/fish_and_chips/2417745.jpg,24
images/falafel/640701.jpg,23
images/cheesecake/2092470.jpg,11
images/edamame/2516167.jpg,20
images/cup_cakes/15425.jpg,18
images/chicken_wings/2418718.jpg,12
images/cheese_plate/3248017.jpg,10
images/beef_carpaccio/1155462.jpg,2
images/french_fries/2497428.jpg,26
images/escargots/2447678.jpg,22
images/churros/1306883.jpg,14
images/caprese_salad/1994012.jpg,8
images/caprese_salad/2893373.jpg,8
images/cheesecake/526834.jpg,11
images/beef_carpaccio/858551.jpg,2
images/club_sandwich/1687002.jpg,15
images/caesar_salad/615544.jpg,6
images/eggs_benedict/1653071.jpg,21
images/caesar_salad/1705655.jpg,6
images/falafel/279158.jpg,23
images/creme_brulee/763092.jpg,17
images/cheesecake/3561547.jpg,11
images/baklava/1006121.jpg,1
images/cup_cakes/307461.jpg,18
images/churros/16769.jpg,14
images/caprese_salad/831189.jpg,8
images/churros/1751004.jpg,14
images/edamame/2004711.jpg,20
images/falafel/3360849.jpg,23
images/beef_carpaccio/3022415.jpg,2
images/chicken_wings/225318.jpg,12
images/fish_and_chips/2439668.jpg,24
images/club_sandwich/3367911.jpg,15
images/beef_carpaccio/711618.jpg,2
images/creme_brulee/1507675.jpg,17
images/cannoli/3125321.jpg,7
images/apple_pie/3636185.jpg,0
images/beignets/1634499.jpg,4
images/cannoli/2708616.jpg,7
images/foie_gras/497355.jpg,25
images/crab_cakes/889544.jpg,16
images/cheese_plate/1508372.jpg,10
images/cheesecake/935701.jpg,11
images/beef_carpaccio/3796696.jpg,2
images/french_fries/3037407.jpg,26
images/caesar_salad/3327341.jpg,6
images/club_sandwich/1274126.jpg,15
images/eggs_benedict/64083.jpg,21
images/bruschetta/1960433.jpg,5
images/beignets/3568316.jpg,4
images/beet_salad/1229650.jpg,3
images/apple_pie/698341.jpg,0
images/bruschetta/1047840.jpg,5
images/edamame/404616.jpg,20
images/creme_brulee/1396782.jpg,17
images/french_fries/361733.jpg,26
images/bruschetta/835102.jpg,5
images/foie_gras/70665.jpg,25
images/creme_brulee/1681983.jpg,17
images/apple_pie/2205061.jpg,0
images/foie_gras/2446418.jpg,25
images/donuts/362780.jpg,19
images/chocolate_cake/2248735.jpg,13
images/edamame/3683000.jpg,20
images/carrot_cake/841530.jpg,9
images/caesar_salad/3090097.jpg,6
images/beef_carpaccio/2408549.jpg,2
images/chocolate_cake/420700.jpg,13
images/creme_brulee/1263498.jpg,17
images/cup_cakes/1596176.jpg,18
images/foie_gras/1735379.jpg,25
images/fish_and_chips/493150.jpg,24
images/beet_salad/3913457.jpg,3
images/churros/3227551.jpg,14
images/cup_cakes/1003128.jpg,18
images/caesar_salad/2379798.jpg,6
images/crab_cakes/2409525.jpg,16
images/foie_gras/2883477.jpg,25
images/donuts/1829382.jpg,19
images/chocolate_cake/2828617.jpg,13
images/foie_gras/1896875.jpg,25
images/falafel/1097447.jpg,23
images/chocolate_cake/3269911.jpg,13
images/chicken_wings/165127.jpg,12
images/fish_and_chips/2616536.jpg,24
images/cannoli/2240111.jpg,7
images/eggs_benedict/1612072.jpg,21
images/creme_brulee/1704129.jpg,17
images/carrot_cake/2301273.jpg,9
images/foie_gras/703118.jpg,25
images/cheesecake/1035453.jpg,11
images/caesar_salad/130246.jpg,6
images/apple_pie/1717754.jpg,0
images/french_fries/2632761.jpg,26
images/carrot_cake/3059282.jpg,9
images/apple_pie/293530.jpg,0
images/churros/3855783.jpg,14
images/foie_gras/2276913.jpg,25
images/caprese_salad/3151085.jpg,8
images/chicken_wings/1933773.jpg,12
images/eggs_benedict/3022368.jpg,21
images/churros/3168675.jpg,14
images/carrot_cake/2715271.jpg,9
images/caesar_salad/2911058.jpg,6
images/caprese_salad/1129581.jpg,8
images/caprese_salad/2985608.jpg,8
images/foie_gras/562850.jpg,25
images/escargots/1182577.jpg,22
images/foie_gras/3658568.jpg,25
images/cup_cakes/3783393.jpg,18
images/crab_cakes/2627706.jpg,16
images/cheese_plate/2023183.jpg,10
images/cannoli/3588315.jpg,7
images/cheesecake/3042719.jpg,11
images/escargots/590148.jpg,22
images/cannoli/1187751.jpg,7
images/carrot_cake/2492547.jpg,9
images/french_fries/2752863.jpg,26
images/beet_salad/2915561.jpg,3
images/falafel/9787.jpg,23
images/beef_carpaccio/1011469.jpg,2
images/caprese_salad/3683012.jpg,8
images/escargots/13162.jpg,22
images/caesar_salad/1013504.jpg,6
images/chocolate_cake/1975819.jpg,13
images/foie_gras/1126514.jpg,25
images/club_sandwich/693741.jpg,15
images/french_fries/1810007.jpg,26
images/donuts/2446638.jpg,19
images/fish_and_chips/1159183.jpg,24
images/beet_salad/651251.jpg,3
images/french_fries/2956615.jpg,26
images/fish_and_chips/2400641.jpg,24
images/french_fries/2916251.jpg,26
images/baklava/505119.jpg,1
images/cup_cakes/1658694.jpg,18
images/apple_pie/2989031.jpg,0
images/club_sandwich/1722404.jpg,15
images/edamame/2210559.jpg,20
images/beef_carpaccio/3130800.jpg,2
images/cup_cakes/1232197.jpg,18
images/beef_carpaccio/1099932.jpg,2
images/fish_and_chips/3852307.jpg,24
images/cannoli/3757990.jpg,7
images/baklava/3411769.jpg,1
images/beef_carpaccio/2855684.jpg,2
images/baklava/2662845.jpg,1
images/cheese_plate/134444.jpg,10
images/apple_pie/1272778.jpg,0
images/falafel/2777619.jpg,23
images/cheese_plate/3112650.jpg,10
images/caesar_salad/2824786.jpg,6
images/baklava/998280.jpg,1
images/crab_cakes/1680892.jpg,16
images/caprese_salad/1411082.jpg,8
images/creme_brulee/1493823.jpg,17
images/caprese_salad/814818.jpg,8
images/chocolate_cake/2684293.jpg,13
images/cannoli/1548541.jpg,7
images/cup_cakes/390491.jpg,18
images/beef_carpaccio/6765.jpg,2
images/edamame/1642991.jpg,20
images/cup_cakes/3603597.jpg,18
images/french_fries/3500811.jpg,26
images/edamame/3813610.jpg,20
images/beef_carpaccio/1335117.jpg,2
images/crab_cakes/3068626.jpg,16
images/beet_salad/406497.jpg,3
images/beignets/1000911.jpg,4
images/caesar_salad/2150887.jpg,6
images/caesar_salad/3191181.jpg,6
images/club_sandwich/603034.jpg,15
images/cannoli/1530220.jpg,7
images/crab_cakes/849432.jpg,16
images/foie_gras/323788.jpg,25
images/beignets/595743.jpg,4
images/creme_brulee/769924.jpg,17
images/cheesecake/3885479.jpg,11
images/churros/2738984.jpg,14
images/caesar_salad/2442562.jpg,6
images/cheesecake/2559262.jpg,11
images/caesar_salad/3824196.jpg,6
images/apple_pie/2915359.jpg,0
images/edamame/2160017.jpg,20
images/crab_cakes/1368943.jpg,16
images/caesar_salad/1817377.jpg,6
images/cup_cakes/1419902.jpg,18
images/cup_cakes/2941141.jpg,18
images/donuts/54904.jpg,19
images/beignets/3777176.jpg,4
images/chicken_wings/1725079.jpg,12
images/edamame/2198173.jpg,20
images/churros/1684984.jpg,14
images/baklava/1165038.jpg,1
images/fish_and_chips/459683.jpg,24
images/fish_and_chips/1886492.jpg,24
images/club_sandwich/1719689.jpg,15
images/escargots/3804868.jpg,22
images/baklava/1482317.jpg,1
images/eggs_benedict/32093.jpg,21
images/cup_cakes/347521.jpg,18
images/apple_pie/1941412.jpg,0
images/escargots/3432393.jpg,22
images/chocolate_cake/3380282.jpg,13
images/chocolate_cake/2356961.jpg,13
images/eggs_benedict/3220461.jpg,21
images/chocolate_cake/2321952.jpg,13
images/chicken_wings/792641.jpg,12
images/cheesecake/1656988.jpg,11
images/club_sandwich/2255748.jpg,15
images/carrot_cake/639580.jpg,9
images/cannoli/1800632.jpg,7
images/crab_cakes/275163.jpg,16
images/donuts/2574267.jpg,19
images/cannoli/335467.jpg,7
images/cheese_plate/101176.jpg,10
images/bruschetta/2731952.jpg,5
images/bruschetta/1820653.jpg,5
images/caesar_salad/3005935.jpg,6
images/cup_cakes/2240918.jpg,18
images/edamame/3463688.jpg,20
images/bruschetta/2824092.jpg,5
images/carrot_cake/309342.jpg,9
images/beef_carpaccio/1715232.jpg,2
images/cannoli/2267271.jpg,7
images/apple_pie/3831869.jpg,0
images/creme_brulee/1030275.jpg,17
images/foie_gras/2509624.jpg,25
images/churros/1766438.jpg,14
images/chocolate_cake/367914.jpg,13
images/bruschetta/1306128.jpg,5
images/beet_salad/1279760.jpg,3
images/escargots/2909601.jpg,22
images/creme_brulee/1976258.jpg,17
images/falafel/1238488.jpg,23
images/falafel/828596.jpg,23
images/club_sandwich/3602664.jpg,15
images/bruschetta/2530947.jpg,5
images/cannoli/109727.jpg,7
images/french_fries/2885926.jpg,26
images/falafel/1798137.jpg,23
images/edamame/3323065.jpg,20
images/beef_carpaccio/2605475.jpg,2
images/bruschetta/1924292.jpg,5
images/cheesecake/1523865.jpg,11
images/creme_brulee/442492.jpg,17
images/apple_pie/3760032.jpg,0
images/creme_brulee/1246981.jpg,17
images/creme_brulee/105597.jpg,17
images/club_sandwich/3550782.jpg,15
images/escargots/2890100.jpg,22
images/beef_carpaccio/3110371.jpg,2
images/escargots/2078544.jpg,22
images/apple_pie/2337652.jpg,0
images/beet_salad/940712.jpg,3
images/beignets/3019700.jpg,4
images/chocolate_cake/3435906.jpg,13
images/cheesecake/3266787.jpg,11
images/cannoli/2294363.jpg,7
images/apple_pie/222074.jpg,0
images/cheese_plate/2908751.jpg,10
images/cannoli/942107.jpg,7
images/apple_pie/2570111.jpg,0
images/cannoli/577457.jpg,7
images/crab_cakes/3456828.jpg,16
images/fish_and_chips/1255503.jpg,24
images/fish_and_chips/2974135.jpg,24
images/club_sandwich/3417924.jpg,15
images/falafel/2936627.jpg,23
images/cannoli/1198259.jpg,7
images/caprese_salad/2699270.jpg,8
images/escargots/1639466.jpg,22
images/edamame/1844685.jpg,20
images/escargots/171170.jpg,22
images/carrot_cake/1600868.jpg,9
images/creme_brulee/1007951.jpg,17
images/churros/307984.jpg,14
images/churros/1993511.jpg,14
images/cheese_plate/624316.jpg,10
images/crab_cakes/1745647.jpg,16
images/churros/1840475.jpg,14
images/crab_cakes/2495737.jpg,16
images/french_fries/1936184.jpg,26
images/cheesecake/3259857.jpg,11
images/chicken_wings/1079083.jpg,12
images/french_fries/1346017.jpg,26
images/falafel/2111938.jpg,23
images/fish_and_chips/1758420.jpg,24
images/beignets/1502614.jpg,4
images/cheese_plate/1249635.jpg,10
images/foie_gras/587780.jpg,25
images/cheese_plate/895772.jpg,10
images/creme_brulee/1365780.jpg,17
images/creme_brulee/2178815.jpg,17
images/fish_and_chips/2177542.jpg,24
images/falafel/3575058.jpg,23
images/creme_brulee/730512.jpg,17
images/bruschetta/2371080.jpg,5
images/escargots/1115788.jpg,22
images/baklava/1103986.jpg,1
images/foie_gras/1345264.jpg,25
images/cheese_plate/2407674.jpg,10
images/apple_pie/1174241.jpg,0
images/foie_gras/2693615.jpg,25
images/foie_gras/2588478.jpg,25
images/baklava/984961.jpg,1
images/carrot_cake/1741404.jpg,9
images/cheesecake/724035.jpg,11
images/caprese_salad/2483505.jpg,8
images/cup_cakes/2595256.jpg,18
images/carrot_cake/1551914.jpg,9
images/eggs_benedict/2896248.jpg,21
images/chicken_wings/1537413.jpg,12
images/crab_cakes/520331.jpg,16
images/beet_salad/3125655.jpg,3
images/baklava/950270.jpg,1
images/edamame/160227.jpg,20
images/caesar_salad/2565000.jpg,6
images/edamame/67005.jpg,20
images/churros/3580679.jpg,14
images/cup_cakes/3147268.jpg,18
images/eggs_benedict/1242161.jpg,21
images/foie_gras/454701.jpg,25
images/baklava/1817007.jpg,1
images/beignets/3053969.jpg,4
images/caesar_salad/355980.jpg,6
images/carrot_cake/141978.jpg,9
images/cheese_plate/634135.jpg,10
images/beignets/3223335.jpg,4
images/chocolate_cake/1357816.jpg,13
images/donuts/337060.jpg,19
images/fish_and_chips/1351973.jpg,24
images/caesar_salad/3434122.jpg,6
images/club_sandwich/3899387.jpg,15
images/churros/1474701.jpg,14
images/escargots/2915508.jpg,22
images/escargots/3110086.jpg,22
images/fish_and_chips/939741.jpg,24
images/crab_cakes/2893743.jpg,16
images/fish_and_chips/762453.jpg,24
images/beef_carpaccio/359996.jpg,2
images/chocolate_cake/2525289.jpg,13
images/donuts/1035608.jpg,19
images/cheesecake/970606.jpg,11
images/chicken_wings/3024676.jpg,12
images/caprese_salad/1445730.jpg,8
images/french_fries/3393664.jpg,26
images/edamame/3910835.jpg,20
images/eggs_benedict/1309806.jpg,21
images/caesar_salad/1058139.jpg,6
images/bruschetta/2749579.jpg,5
images/cup_cakes/1134014.jpg,18
images/chocolate_cake/2774050.jpg,13
images/eggs_benedict/831726.jpg,21
images/edamame/2060139.jpg,20
images/club_sandwich/3122360.jpg,15
images/beet_salad/1618090.jpg,3
images/creme_brulee/1138671.jpg,17
images/cannoli/3701203.jpg,7
images/club_sandwich/2618054.jpg,15
images/baklava/404889.jpg,1
images/cannoli/1124105.jpg,7
images/apple_pie/1421796.jpg,0
images/creme_brulee/1890596.jpg,17
images/crab_cakes/3856810.jpg,16
images/beignets/3579709.jpg,4
images/donuts/1731281.jpg,19
images/caprese_salad/597550.jpg,8
images/cheese_plate/1852685.jpg,10
images/beignets/3171403.jpg,4
images/foie_gras/1706176.jpg,25
images/creme_brulee/1172205.jpg,17
images/chocolate_cake/1157425.jpg,13
images/caesar_salad/1253839.jpg,6
images/donuts/2393756.jpg,19
images/carrot_cake/2894834.jpg,9
images/carrot_cake/2277561.jpg,9
images/falafel/928015.jpg,23
images/beet_salad/1384585.jpg,3
images/cannoli/2907041.jpg,7
images/beef_carpaccio/3326472.jpg,2
images/chicken_wings/964065.jpg,12
images/french_fries/2335210.jpg,26
images/french_fries/1622796.jpg,26
images/beet_salad/3799625.jpg,3
images/falafel/2430378.jpg,23
images/donuts/449743.jpg,19
images/caprese_salad/2173569.jpg,8
images/beet_salad/2718383.jpg,3
images/crab_cakes/532550.jpg,16
images/churros/3047939.jpg,14
images/chicken_wings/942013.jpg,12
images/edamame/2992212.jpg,20
images/crab_cakes/1709886.jpg,16
images/club_sandwich/3489716.jpg,15
images/donuts/1044089.jpg,19
images/caesar_salad/3743543.jpg,6
images/creme_brulee/2921169.jpg,17
images/caesar_salad/2942731.jpg,6
images/cheesecake/1404832.jpg,11
images/club_sandwich/1211276.jpg,15
images/escargots/451050.jpg,22
images/cup_cakes/3456491.jpg,18
images/cheese_plate/3157439.jpg,10
images/escargots/1877184.jpg,22
images/crab_cakes/693899.jpg,16
images/chicken_wings/558211.jpg,12
images/chicken_wings/3770426.jpg,12
images/churros/2475070.jpg,14
images/churros/2344187.jpg,14
images/chicken_wings/1411969.jpg,12
images/carrot_cake/2627111.jpg,9
images/creme_brulee/1058934.jpg,17
images/falafel/2930114.jpg,23
images/edamame/189064.jpg,20
images/beef_carpaccio/721638.jpg,2
images/baklava/3542852.jpg,1
images/eggs_benedict/1291978.jpg,21
images/donuts/2564295.jpg,19
images/cheesecake/1513140.jpg,11
images/bruschetta/2375063.jpg,5
images/cheese_plate/2004180.jpg,10
images/chicken_wings/3531905.jpg,12
images/donuts/3828533.jpg,19
images/creme_brulee/2803791.jpg,17
images/cannoli/3187813.jpg,7
images/cheese_plate/164051.jpg,10
images/carrot_cake/3325179.jpg,9
images/foie_gras/1227465.jpg,25
images/fish_and_chips/2294935.jpg,24
images/fish_and_chips/184654.jpg,24
images/beignets/1294037.jpg,4
images/beef_carpaccio/285451.jpg,2
images/churros/625607.jpg,14
images/fish_and_chips/2223062.jpg,24
images/falafel/3294826.jpg,23
images/apple_pie/767102.jpg,0
images/caesar_salad/80211.jpg,6
images/french_fries/3416327.jpg,26
images/churros/2970599.jpg,14
images/creme_brulee/3238378.jpg,17
images/chocolate_cake/917320.jpg,13
images/cannoli/3538923.jpg,7
images/caesar_salad/3485044.jpg,6
images/escargots/2403708.jpg,22
images/donuts/660082.jpg,19
images/caesar_salad/3654732.jpg,6
images/beet_salad/526729.jpg,3
images/club_sandwich/1329701.jpg,15
images/baklava/473405.jpg,1
images/falafel/895450.jpg,23
images/fish_and_chips/572114.jpg,24
images/foie_gras/1758808.jpg,25
images/foie_gras/459507.jpg,25
images/chocolate_cake/1091072.jpg,13
images/creme_brulee/43028.jpg,17
images/cheesecake/1410063.jpg,11
images/french_fries/2895439.jpg,26
images/cannoli/2035709.jpg,7
images/fish_and_chips/2221051.jpg,24
images/club_sandwich/2810631.jpg,15
images/french_fries/2569827.jpg,26
images/creme_brulee/2777695.jpg,17
images/apple_pie/89035.jpg,0
images/cannoli/1151563.jpg,7
images/falafel/2914519.jpg,23
images/creme_brulee/1538672.jpg,17
images/apple_pie/274516.jpg,0
images/cup_cakes/2357056.jpg,18
images/fish_and_chips/238801.jpg,24
images/eggs_benedict/1490692.jpg,21
images/cup_cakes/843395.jpg,18
images/beignets/3489306.jpg,4
images/churros/1642518.jpg,14
images/apple_pie/2523745.jpg,0
images/baklava/214584.jpg,1
images/cannoli/3676695.jpg,7
images/chicken_wings/2254042.jpg,12
images/escargots/2459406.jpg,22
images/cup_cakes/1795901.jpg,18
images/edamame/3466826.jpg,20
images/chocolate_cake/3421101.jpg,13
images/caesar_salad/2425381.jpg,6
images/cheesecake/1918958.jpg,11
images/chocolate_cake/2868636.jpg,13
images/eggs_benedict/1525563.jpg,21
images/beet_salad/3805698.jpg,3
images/bruschetta/2772698.jpg,5
images/churros/2544801.jpg,14
images/fish_and_chips/2595440.jpg,24
images/baklava/968365.jpg,1
images/cheese_plate/3172077.jpg,10
images/creme_brulee/1949466.jpg,17
images/cheese_plate/1575714.jpg,10
images/caesar_salad/2579080.jpg,6
images/bruschetta/3889150.jpg,5
images/foie_gras/21278.jpg,25
images/cheese_plate/1419204.jpg,10
images/caesar_salad/313053.jpg,6
images/caprese_salad/781477.jpg,8
images/cheesecake/248448.jpg,11
images/beignets/642027.jpg,4
images/cannoli/1871156.jpg,7
images/escargots/2646326.jpg,22
images/donuts/424031.jpg,19
images/club_sandwich/3136499.jpg,15
images/beignets/3900337.jpg,4
images/beet_salad/2685661.jpg,3
images/donuts/3420049.jpg,19
images/chicken_wings/61620.jpg,12
images/donuts/2219487.jpg,19
images/edamame/3490212.jpg,20
images/cheesecake/1838964.jpg,11
images/escargots/112783.jpg,22
images/escargots/27948.jpg,22
images/apple_pie/1416578.jpg,0
images/carrot_cake/887830.jpg,9
images/cannoli/2859528.jpg,7
images/chicken_wings/2517790.jpg,12
images/edamame/1346279.jpg,20
images/crab_cakes/506018.jpg,16
images/escargots/1606303.jpg,22
images/bruschetta/2176230.jpg,5
images/cheese_plate/453073.jpg,10
images/creme_brulee/596459.jpg,17
images/foie_gras/3782109.jpg,25
images/cup_cakes/3485996.jpg,18
images/baklava/3311502.jpg,1
images/beef_carpaccio/2488900.jpg,2
images/falafel/3410183.jpg,23
images/edamame/1787155.jpg,20
images/creme_brulee/1356829.jpg,17
images/fish_and_chips/724722.jpg,24
images/creme_brulee/2479357.jpg,17
images/beef_carpaccio/1933367.jpg,2
images/beef_carpaccio/3440204.jpg,2
images/beet_salad/423297.jpg,3
images/baklava/2909420.jpg,1
images/creme_brulee/2451409.jpg,17
images/bruschetta/370034.jpg,5
images/crab_cakes/2931992.jpg,16
images/carrot_cake/3013050.jpg,9
images/caesar_salad/3318737.jpg,6
images/creme_brulee/390426.jpg,17
images/chocolate_cake/2276154.jpg,13
images/fish_and_chips/1265980.jpg,24
images/cheesecake/2227205.jpg,11
images/creme_brulee/77069.jpg,17
images/eggs_benedict/362334.jpg,21
images/beef_carpaccio/1314036.jpg,2
images/falafel/1886374.jpg,23
images/fish_and_chips/3541353.jpg,24
images/bruschetta/642089.jpg,5
images/churros/789892.jpg,14
images/crab_cakes/957543.jpg,16
images/chicken_wings/3514511.jpg,12
images/cheesecake/1319639.jpg,11
images/carrot_cake/903658.jpg,9
images/baklava/449369.jpg,1
images/creme_brulee/2141036.jpg,17
images/chicken_wings/55050.jpg,12
images/bruschetta/796112.jpg,5
images/beignets/1699850.jpg,4
images/cannoli/2928278.jpg,7
images/edamame/2388853.jpg,20
images/beignets/3838173.jpg,4
images/eggs_benedict/1465893.jpg,21
images/fish_and_chips/3262032.jpg,24
images/caesar_salad/550632.jpg,6
images/beef_carpaccio/3335158.jpg,2
images/foie_gras/3715162.jpg,25
images/cup_cakes/1851117.jpg,18
images/falafel/2437229.jpg,23
images/apple_pie/2157956.jpg,0
images/creme_brulee/1383098.jpg,17
images/caprese_salad/940901.jpg,8
images/french_fries/3684873.jpg,26
images/cup_cakes/1566398.jpg,18
images/cannoli/2567257.jpg,7
images/falafel/3351635.jpg,23
images/cheesecake/2454449.jpg,11
images/beet_salad/2726586.jpg,3
images/beef_carpaccio/1981656.jpg,2
images/beef_carpaccio/469347.jpg,2
images/cannoli/3475301.jpg,7
images/french_fries/510464.jpg,26
images/donuts/1085096.jpg,19
images/donuts/2993931.jpg,19
images/apple_pie/343461.jpg,0
images/donuts/484233.jpg,19
images/churros/2336177.jpg,14
images/french_fries/1243254.jpg,26
images/caesar_salad/123934.jpg,6
images/donuts/1307690.jpg,19
images/apple_pie/3127422.jpg,0
images/french_fries/3560911.jpg,26
images/donuts/2048548.jpg,19
images/foie_gras/2055055.jpg,25
images/crab_cakes/1447846.jpg,16
images/caesar_salad/2177930.jpg,6
images/crab_cakes/1456353.jpg,16
images/escargots/3589932.jpg,22
images/cheesecake/90021.jpg,11
images/donuts/727388.jpg,19
images/escargots/180705.jpg,22
images/beef_carpaccio/2807178.jpg,2
images/chocolate_cake/283838.jpg,13
images/creme_brulee/1949447.jpg,17
images/beignets/1514153.jpg,4
images/churros/2327883.jpg,14
images/french_fries/2039103.jpg,26
images/eggs_benedict/3840643.jpg,21
images/crab_cakes/719655.jpg,16
images/caprese_salad/1206989.jpg,8
images/edamame/1076404.jpg,20
images/cheesecake/1422000.jpg,11
images/creme_brulee/17292.jpg,17
images/caesar_salad/2124962.jpg,6
images/creme_brulee/1661605.jpg,17
images/carrot_cake/2536226.jpg,9
images/edamame/3164386.jpg,20
images/beef_carpaccio/2518192.jpg,2
images/cheese_plate/244820.jpg,10
images/edamame/3076327.jpg,20
images/caesar_salad/1769262.jpg,6
images/club_sandwich/3788960.jpg,15
images/french_fries/1816442.jpg,26
images/cheese_plate/88850.jpg,10
images/cannoli/851981.jpg,7
images/club_sandwich/3084722.jpg,15
images/eggs_benedict/2131890.jpg,21
images/french_fries/541592.jpg,26
images/foie_gras/646167.jpg,25
images/beet_salad/3270021.jpg,3
images/chocolate_cake/1452441.jpg,13
images/creme_brulee/2626091.jpg,17
images/churros/948792.jpg,14
images/fish_and_chips/802254.jpg,24
images/fish_and_chips/1659195.jpg,24
images/cheese_plate/44764.jpg,10
images/beignets/3531606.jpg,4
images/caesar_salad/181240.jpg,6
images/falafel/3644702.jpg,23
images/beignets/3644839.jpg,4
images/falafel/3022843.jpg,23
images/beef_carpaccio/3450400.jpg,2
images/cheese_plate/3441240.jpg,10
images/creme_brulee/1004352.jpg,17
images/french_fries/649848.jpg,26
images/french_fries/2348992.jpg,26
images/cup_cakes/2805350.jpg,18
images/caesar_salad/1433891.jpg,6
images/carrot_cake/2934226.jpg,9
images/beet_salad/3360445.jpg,3
images/carrot_cake/2161.jpg,9
images/fish_and_chips/100968.jpg,24
images/caprese_salad/1828703.jpg,8
images/eggs_benedict/1367237.jpg,21
images/beignets/2262560.jpg,4
images/beet_salad/2710842.jpg,3
images/club_sandwich/2859448.jpg,15
images/eggs_benedict/1242756.jpg,21
images/caesar_salad/3412332.jpg,6
images/beet_salad/1924323.jpg,3
images/creme_brulee/303169.jpg,17
images/apple_pie/1710288.jpg,0
images/apple_pie/910097.jpg,0
images/fish_and_chips/1961013.jpg,24
images/escargots/1693267.jpg,22
images/beef_carpaccio/314250.jpg,2
images/club_sandwich/787279.jpg,15
images/cannoli/698613.jpg,7
images/creme_brulee/2867969.jpg,17
images/fish_and_chips/2775164.jpg,24
images/fish_and_chips/576593.jpg,24
images/cheesecake/1861887.jpg,11
images/donuts/778563.jpg,19
images/french_fries/3002687.jpg,26
images/falafel/2228795.jpg,23
images/escargots/1790416.jpg,22
images/foie_gras/1051565.jpg,25
images/apple_pie/873371.jpg,0
images/eggs_benedict/962834.jpg,21
images/baklava/1491599.jpg,1
images/fish_and_chips/821075.jpg,24
images/crab_cakes/2308835.jpg,16
images/bruschetta/1214697.jpg,5
images/cannoli/2095564.jpg,7
images/carrot_cake/945750.jpg,9
images/cannoli/3919034.jpg,7
images/falafel/3052208.jpg,23
images/escargots/2772366.jpg,22
images/apple_pie/3025907.jpg,0
images/beet_salad/3853625.jpg,3
images/falafel/2118562.jpg,23
images/baklava/3297567.jpg,1
images/carrot_cake/2246937.jpg,9
images/foie_gras/935145.jpg,25
images/fish_and_chips/3282640.jpg,24
images/beignets/588209.jpg,4
images/baklava/2573536.jpg,1
images/beet_salad/3537144.jpg,3
images/cannoli/2274000.jpg,7
images/cheesecake/1325649.jpg,11
images/foie_gras/584273.jpg,25
images/donuts/1483863.jpg,19
images/caprese_salad/1447564.jpg,8
images/beet_salad/3217707.jpg,3
images/eggs_benedict/471699.jpg,21
images/chocolate_cake/3824495.jpg,13
images/beef_carpaccio/3509967.jpg,2
images/cheese_plate/603504.jpg,10
images/beef_carpaccio/3881424.jpg,2
images/donuts/2389043.jpg,19
images/baklava/1119068.jpg,1
images/beignets/1344327.jpg,4
images/churros/3320939.jpg,14
images/french_fries/149278.jpg,26
images/donuts/1983930.jpg,19
images/foie_gras/3055065.jpg,25
images/french_fries/1190903.jpg,26
images/caesar_salad/3206983.jpg,6
images/beignets/2332041.jpg,4
images/churros/982131.jpg,14
images/baklava/1213261.jpg,1
images/caesar_salad/2880912.jpg,6
images/foie_gras/3700328.jpg,25
images/bruschetta/2588202.jpg,5
images/beet_salad/695350.jpg,3
images/cheese_plate/3293044.jpg,10
images/chicken_wings/1475153.jpg,12
images/apple_pie/2008772.jpg,0
images/chocolate_cake/2997853.jpg,13
images/beef_carpaccio/2008254.jpg,2
images/falafel/520765.jpg,23
images/donuts/2194788.jpg,19
images/fish_and_chips/1374719.jpg,24
images/french_fries/262882.jpg,26
images/caesar_salad/2168789.jpg,6
images/edamame/756500.jpg,20
images/beet_salad/1189504.jpg,3
images/foie_gras/1287114.jpg,25
images/foie_gras/1011711.jpg,25
images/cannoli/1763686.jpg,7
images/beet_salad/3406589.jpg,3
images/eggs_benedict/3132082.jpg,21
images/french_fries/152498.jpg,26
images/cannoli/2767028.jpg,7
images/foie_gras/716320.jpg,25
images/club_sandwich/3341688.jpg,15
images/chicken_wings/3004177.jpg,12
images/beignets/1617452.jpg,4
images/cup_cakes/2046227.jpg,18
images/chocolate_cake/3781276.jpg,13
images/eggs_benedict/1626175.jpg,21
images/edamame/1696879.jpg,20
images/caprese_salad/3648473.jpg,8
images/carrot_cake/3321392.jpg,9
images/bruschetta/197742.jpg,5
images/carrot_cake/486514.jpg,9
images/escargots/1610339.jpg,22
images/chocolate_cake/910238.jpg,13
images/cannoli/1509020.jpg,7
images/caprese_salad/2081989.jpg,8
images/escargots/704643.jpg,22
images/escargots/3272384.jpg,22
images/french_fries/3674858.jpg,26
images/cannoli/1557459.jpg,7
images/cup_cakes/86160.jpg,18
images/chocolate_cake/2332755.jpg,13
images/edamame/870979.jpg,20
images/churros/1711179.jpg,14
images/foie_gras/2218601.jpg,25
images/foie_gras/3160536.jpg,25
images/bruschetta/1069105.jpg,5
images/club_sandwich/2778614.jpg,15
images/churros/482129.jpg,14
images/churros/875514.jpg,14
images/churros/2562253.jpg,14
images/escargots/2919384.jpg,22
images/bruschetta/463566.jpg,5
images/crab_cakes/2460515.jpg,16
images/edamame/3728504.jpg,20
images/donuts/3737217.jpg,19
images/cheese_plate/2875113.jpg,10
images/fish_and_chips/717291.jpg,24
images/crab_cakes/2848056.jpg,16
images/bruschetta/1175593.jpg,5
images/fish_and_chips/1085414.jpg,24
images/beignets/3246841.jpg,4
images/beef_carpaccio/2978074.jpg,2
images/bruschetta/1282364.jpg,5
images/baklava/780200.jpg,1
images/chicken_wings/2466766.jpg,12
images/club_sandwich/356911.jpg,15
images/club_sandwich/623281.jpg,15
images/churros/3578019.jpg,14
images/falafel/1885462.jpg,23
images/escargots/1725980.jpg,22
images/beet_salad/1087254.jpg,3
images/beignets/2763989.jpg,4
images/apple_pie/1889575.jpg,0
images/cup_cakes/1273990.jpg,18
images/cheesecake/421920.jpg,11
images/beef_carpaccio/2686824.jpg,2
images/donuts/501972.jpg,19
images/eggs_benedict/2690377.jpg,21
images/beef_carpaccio/1527107.jpg,2
images/cannoli/867388.jpg,7
images/baklava/862044.jpg,1
images/donuts/1116715.jpg,19
images/eggs_benedict/2802985.jpg,21
images/crab_cakes/1901626.jpg,16
images/bruschetta/3040944.jpg,5
images/edamame/334803.jpg,20
images/eggs_benedict/3237496.jpg,21
images/foie_gras/1489931.jpg,25
images/edamame/2324336.jpg,20
images/falafel/1637914.jpg,23
images/french_fries/3297902.jpg,26
images/chicken_wings/2598236.jpg,12
images/chocolate_cake/915139.jpg,13
images/creme_brulee/1247431.jpg,17
images/edamame/2900759.jpg,20
images/foie_gras/1762912.jpg,25
images/apple_pie/1166210.jpg,0
images/apple_pie/1581291.jpg,0
images/donuts/2832318.jpg,19
images/cannoli/281683.jpg,7
images/falafel/2308749.jpg,23
images/caesar_salad/1275421.jpg,6
images/apple_pie/2364059.jpg,0
images/eggs_benedict/2563838.jpg,21
images/bruschetta/3056362.jpg,5
images/falafel/869740.jpg,23
images/creme_brulee/1607555.jpg,17
images/beef_carpaccio/453819.jpg,2
images/beignets/467014.jpg,4
images/beignets/1205996.jpg,4
images/eggs_benedict/2318323.jpg,21
images/cup_cakes/2267298.jpg,18
images/fish_and_chips/3562485.jpg,24
images/beet_salad/565113.jpg,3
images/caesar_salad/621878.jpg,6
images/club_sandwich/964263.jpg,15
images/cannoli/3022946.jpg,7
images/fish_and_chips/1774383.jpg,24
images/falafel/1071044.jpg,23
images/churros/2618088.jpg,14
images/club_sandwich/3399967.jpg,15
images/foie_gras/2696558.jpg,25
images/creme_brulee/793066.jpg,17
images/club_sandwich/2603395.jpg,15
images/cup_cakes/3460790.jpg,18
images/escargots/1933955.jpg,22
images/cheese_plate/510787.jpg,10
images/churros/2685009.jpg,14
images/club_sandwich/1803323.jpg,15
images/caesar_salad/1000435.jpg,6
images/fish_and_chips/934084.jpg,24
images/caesar_salad/3467180.jpg,6
images/crab_cakes/607577.jpg,16
images/beef_carpaccio/3526861.jpg,2
images/falafel/3275226.jpg,23
images/french_fries/1625531.jpg,26
images/cannoli/3218818.jpg,7
images/donuts/973552.jpg,19
images/beef_carpaccio/1490425.jpg,2
images/escargots/329198.jpg,22
images/falafel/3528321.jpg,23
images/french_fries/1290860.jpg,26
images/chicken_wings/3714826.jpg,12
images/baklava/3890503.jpg,1
images/creme_brulee/1710724.jpg,17
images/churros/66098.jpg,14
images/escargots/2589312.jpg,22
images/eggs_benedict/1242995.jpg,21
images/chicken_wings/1429173.jpg,12
images/cheese_plate/139617.jpg,10
images/cannoli/1469129.jpg,7
images/escargots/728265.jpg,22
images/crab_cakes/1003375.jpg,16
images/edamame/1345370.jpg,20
images/beet_salad/3249364.jpg,3
images/club_sandwich/346235.jpg,15
images/chicken_wings/44775.jpg,12
images/french_fries/2483067.jpg,26
images/bruschetta/2120230.jpg,5
images/cheese_plate/775216.jpg,10
images/beef_carpaccio/3213562.jpg,2
images/chicken_wings/743601.jpg,12
images/donuts/1828646.jpg,19
images/beef_carpaccio/2932294.jpg,2
images/edamame/2599218.jpg,20
images/churros/2186665.jpg,14
images/cheesecake/1217686.jpg,11
images/crab_cakes/527432.jpg,16
images/caprese_salad/1685342.jpg,8
images/beignets/2472356.jpg,4
images/french_fries/1850310.jpg,26
images/french_fries/2498356.jpg,26
images/escargots/2640953.jpg,22
images/fish_and_chips/186030.jpg,24
images/french_fries/1959790.jpg,26
images/escargots/3248253.jpg,22
images/caprese_salad/2104186.jpg,8
images/chicken_wings/2630065.jpg,12
images/beet_salad/544284.jpg,3
images/cheesecake/509947.jpg,11
images/cheese_plate/504113.jpg,10
images/chicken_wings/415363.jpg,12
images/cannoli/3566998.jpg,7
images/caesar_salad/674948.jpg,6
images/beef_carpaccio/2159328.jpg,2
images/caprese_salad/104563.jpg,8
images/beef_carpaccio/3889985.jpg,2
images/caprese_salad/1987624.jpg,8
images/baklava/1421372.jpg,1
images/churros/189772.jpg,14
images/cup_cakes/778852.jpg,18
images/carrot_cake/2758948.jpg,9
images/churros/3391903.jpg,14
images/baklava/3919347.jpg,1
images/edamame/2399721.jpg,20
images/cup_cakes/1791192.jpg,18
images/edamame/362376.jpg,20
images/churros/1278883.jpg,14
images/cheese_plate/2799835.jpg,10
images/cup_cakes/418637.jpg,18
images/edamame/1822732.jpg,20
images/baklava/360650.jpg,1
images/creme_brulee/375693.jpg,17
images/falafel/3509878.jpg,23
images/beignets/43587.jpg,4
images/eggs_benedict/1218759.jpg,21
images/churros/258780.jpg,14
images/fish_and_chips/3796303.jpg,24
images/crab_cakes/21000.jpg,16
images/escargots/2339028.jpg,22
images/escargots/1860721.jpg,22
images/edamame/555355.jpg,20
images/cup_cakes/188203.jpg,18
images/donuts/554757.jpg,19
images/bruschetta/2523680.jpg,5
images/cannoli/1796039.jpg,7
images/cup_cakes/815510.jpg,18
images/club_sandwich/3196071.jpg,15
images/eggs_benedict/3116454.jpg,21
images/fish_and_chips/990368.jpg,24
images/cannoli/209573.jpg,7
images/cannoli/66860.jpg,7
images/apple_pie/507349.jpg,0
images/fish_and_chips/2160768.jpg,24
images/bruschetta/2522107.jpg,5
images/cannoli/3212478.jpg,7
images/apple_pie/2439188.jpg,0
images/beef_carpaccio/2536313.jpg,2
images/churros/476828.jpg,14
images/falafel/1463895.jpg,23
images/fish_and_chips/2565578.jpg,24
images/foie_gras/3121629.jpg,25
images/crab_cakes/2724489.jpg,16
images/baklava/139667.jpg,1
images/apple_pie/3277765.jpg,0
images/beet_salad/2376730.jpg,3
images/club_sandwich/2290171.jpg,15
images/apple_pie/672263.jpg,0
images/chocolate_cake/906159.jpg,13
images/eggs_benedict/3646268.jpg,21
images/cheesecake/2729880.jpg,11
images/cannoli/3830388.jpg,7
images/cannoli/3014845.jpg,7
images/escargots/262248.jpg,22
images/creme_brulee/2675282.jpg,17
images/apple_pie/116705.jpg,0
images/churros/3155203.jpg,14
images/crab_cakes/921560.jpg,16
images/creme_brulee/3910112.jpg,17
images/crab_cakes/298873.jpg,16
images/cannoli/630265.jpg,7
images/edamame/3816008.jpg,20
images/fish_and_chips/946237.jpg,24
images/baklava/50627.jpg,1
images/bruschetta/3491841.jpg,5
images/donuts/1921832.jpg,19
images/chicken_wings/259112.jpg,12
images/caprese_salad/2999853.jpg,8
images/chocolate_cake/2673849.jpg,13
images/bruschetta/554496.jpg,5
images/escargots/3346568.jpg,22
images/beef_carpaccio/2796357.jpg,2
images/french_fries/1008163.jpg,26
images/baklava/1391969.jpg,1
images/fish_and_chips/549848.jpg,24
images/bruschetta/76583.jpg,5
images/carrot_cake/3799565.jpg,9
images/crab_cakes/2780621.jpg,16
images/beef_carpaccio/3068895.jpg,2
images/edamame/814753.jpg,20
images/donuts/1743830.jpg,19
images/beef_carpaccio/909010.jpg,2
images/club_sandwich/545537.jpg,15
images/caprese_salad/1133178.jpg,8
images/creme_brulee/759026.jpg,17
images/escargots/2915716.jpg,22
images/escargots/96806.jpg,22
images/chicken_wings/3517335.jpg,12
images/caprese_salad/883588.jpg,8
images/falafel/2950393.jpg,23
images/edamame/1468407.jpg,20
images/donuts/100076.jpg,19
images/caesar_salad/3018574.jpg,6
images/chocolate_cake/2547504.jpg,13
images/cup_cakes/267053.jpg,18
images/caesar_salad/2937030.jpg,6
images/cup_cakes/613882.jpg,18
images/edamame/3840144.jpg,20
images/foie_gras/1539146.jpg,25
images/chicken_wings/3569175.jpg,12
images/beet_salad/2287234.jpg,3
images/baklava/1045575.jpg,1
images/crab_cakes/2194081.jpg,16
images/bruschetta/2604989.jpg,5
images/cheesecake/3310988.jpg,11
images/escargots/2766780.jpg,22
images/bruschetta/3276541.jpg,5
images/caprese_salad/1978746.jpg,8
images/caesar_salad/3727176.jpg,6
images/baklava/562085.jpg,1
images/falafel/134928.jpg,23
images/caesar_salad/726682.jpg,6
images/edamame/3155495.jpg,20
images/bruschetta/3402831.jpg,5
images/caprese_salad/697612.jpg,8
images/caprese_salad/85310.jpg,8
images/cannoli/3368366.jpg,7
images/caesar_salad/2134121.jpg,6
images/escargots/3384970.jpg,22
images/cup_cakes/2755265.jpg,18
images/churros/1260105.jpg,14
images/cheesecake/3442365.jpg,11
images/edamame/3721395.jpg,20
images/fish_and_chips/895795.jpg,24
images/foie_gras/1335868.jpg,25
images/cheese_plate/768139.jpg,10
images/chocolate_cake/2328479.jpg,13
images/foie_gras/3013264.jpg,25
images/chocolate_cake/2017816.jpg,13
images/donuts/3128412.jpg,19
images/beef_carpaccio/1471379.jpg,2
images/bruschetta/2099561.jpg,5
images/chocolate_cake/1715324.jpg,13
images/chocolate_cake/241123.jpg,13
images/edamame/511516.jpg,20
images/churros/671479.jpg,14
images/beef_carpaccio/2516065.jpg,2
images/cheesecake/1211501.jpg,11
images/club_sandwich/1105766.jpg,15
images/carrot_cake/2159048.jpg,9
images/chicken_wings/272673.jpg,12
images/baklava/2522061.jpg,1
images/churros/2436025.jpg,14
images/falafel/2497814.jpg,23
images/beignets/1526741.jpg,4
images/french_fries/1732161.jpg,26
images/chicken_wings/2037652.jpg,12
images/french_fries/3772034.jpg,26
images/edamame/2772243.jpg,20
images/caprese_salad/740351.jpg,8
images/foie_gras/1614073.jpg,25
images/apple_pie/3639398.jpg,0
images/carrot_cake/2902801.jpg,9
images/churros/1097261.jpg,14
images/creme_brulee/2250335.jpg,17
images/eggs_benedict/3279456.jpg,21
images/foie_gras/1900669.jpg,25
images/foie_gras/1159229.jpg,25
images/beignets/564090.jpg,4
images/falafel/3916018.jpg,23
images/fish_and_chips/2841305.jpg,24
images/foie_gras/1414600.jpg,25
images/beignets/3573964.jpg,4
images/edamame/456732.jpg,20
images/beef_carpaccio/2673561.jpg,2
images/escargots/801688.jpg,22
images/cheese_plate/444612.jpg,10
images/falafel/3369665.jpg,23
images/escargots/1453435.jpg,22
images/creme_brulee/3478390.jpg,17
images/chocolate_cake/1571592.jpg,13
images/donuts/2443948.jpg,19
images/fish_and_chips/3196765.jpg,24
images/falafel/2511041.jpg,23
images/falafel/37202.jpg,23
images/cup_cakes/2953567.jpg,18
images/baklava/317091.jpg,1
images/falafel/737403.jpg,23
images/escargots/1101043.jpg,22
images/creme_brulee/1225806.jpg,17
images/foie_gras/1679263.jpg,25
images/cannoli/550546.jpg,7
images/chicken_wings/1022742.jpg,12
images/french_fries/2004116.jpg,26
images/bruschetta/1514232.jpg,5
images/creme_brulee/1114316.jpg,17
images/carrot_cake/1633485.jpg,9
images/apple_pie/1272958.jpg,0
images/cheesecake/1693775.jpg,11
images/fish_and_chips/2499857.jpg,24
images/edamame/2618999.jpg,20
images/eggs_benedict/3078334.jpg,21
images/bruschetta/1943405.jpg,5
images/beef_carpaccio/1738745.jpg,2
images/beet_salad/3199913.jpg,3
images/bruschetta/2080237.jpg,5
images/french_fries/234706.jpg,26
images/churros/3807310.jpg,14
images/baklava/3050269.jpg,1
images/donuts/2864736.jpg,19
images/apple_pie/1899005.jpg,0
images/cup_cakes/348394.jpg,18
images/carrot_cake/1165793.jpg,9
images/cannoli/1295034.jpg,7
images/caprese_salad/623767.jpg,8
images/escargots/2595302.jpg,22
images/caprese_salad/92275.jpg,8
images/churros/3072744.jpg,14
images/french_fries/1850835.jpg,26
images/churros/2972693.jpg,14
images/club_sandwich/1050512.jpg,15
images/donuts/1269587.jpg,19
images/crab_cakes/3191379.jpg,16
images/caesar_salad/1182817.jpg,6
images/fish_and_chips/3718806.jpg,24
images/chicken_wings/1074731.jpg,12
images/cannoli/560632.jpg,7
images/bruschetta/769429.jpg,5
images/caesar_salad/3498757.jpg,6
images/beignets/1376031.jpg,4
images/beef_carpaccio/1098879.jpg,2
images/apple_pie/661475.jpg,0
images/churros/956477.jpg,14
images/chicken_wings/2532328.jpg,12
images/chicken_wings/122926.jpg,12
images/churros/1440917.jpg,14
images/crab_cakes/168303.jpg,16
images/apple_pie/3375088.jpg,0
images/chocolate_cake/297526.jpg,13
images/beet_salad/3084966.jpg,3
images/baklava/2623666.jpg,1
images/beef_carpaccio/793038.jpg,2
images/baklava/2435600.jpg,1
images/caprese_salad/2990366.jpg,8
images/apple_pie/1810149.jpg,0
images/creme_brulee/1496967.jpg,17
images/bruschetta/2296444.jpg,5
images/cheesecake/3526353.jpg,11
images/bruschetta/570751.jpg,5
images/donuts/513010.jpg,19
images/chicken_wings/282978.jpg,12
images/edamame/3898316.jpg,20
images/beet_salad/746769.jpg,3
images/escargots/1990395.jpg,22
images/caesar_salad/3274855.jpg,6
images/french_fries/2246387.jpg,26
images/cup_cakes/937142.jpg,18
images/chicken_wings/2266452.jpg,12
images/cheesecake/1920846.jpg,11
images/caprese_salad/1480176.jpg,8
images/cup_cakes/2720483.jpg,18
images/falafel/3125247.jpg,23
images/foie_gras/33258.jpg,25
images/club_sandwich/666446.jpg,15
images/edamame/1361385.jpg,20
images/chocolate_cake/766337.jpg,13
images/club_sandwich/375579.jpg,15
images/beet_salad/3697368.jpg,3
images/chicken_wings/2176587.jpg,12
images/cheesecake/2961165.jpg,11
images/club_sandwich/856659.jpg,15
images/cheesecake/3017111.jpg,11
images/donuts/2571796.jpg,19
images/bruschetta/1950598.jpg,5
images/escargots/3850961.jpg,22
images/beignets/1125450.jpg,4
images/creme_brulee/3389323.jpg,17
images/caesar_salad/1489598.jpg,6
images/escargots/247977.jpg,22
images/crab_cakes/3560236.jpg,16
images/cannoli/519926.jpg,7
images/eggs_benedict/2242781.jpg,21
images/french_fries/2361094.jpg,26
images/baklava/3436596.jpg,1
images/creme_brulee/3708104.jpg,17
images/cup_cakes/179835.jpg,18
images/chicken_wings/3010877.jpg,12
images/caesar_salad/2111650.jpg,6
images/cheese_plate/3353700.jpg,10
images/beet_salad/3359562.jpg,3
images/foie_gras/2332143.jpg,25
images/caesar_salad/2062502.jpg,6
images/escargots/3034881.jpg,22
images/fish_and_chips/2432544.jpg,24
images/beignets/947663.jpg,4
images/chicken_wings/2370769.jpg,12
images/caprese_salad/685083.jpg,8
images/foie_gras/2312394.jpg,25
images/falafel/2477537.jpg,23
images/edamame/1315163.jpg,20
images/cheesecake/3919885.jpg,11
images/french_fries/1987038.jpg,26
images/cheesecake/3450123.jpg,11
images/fish_and_chips/302932.jpg,24
images/foie_gras/2292451.jpg,25
images/foie_gras/208016.jpg,25
images/baklava/1946286.jpg,1
images/escargots/2339302.jpg,22
images/chicken_wings/3783509.jpg,12
images/beef_carpaccio/1620553.jpg,2
images/foie_gras/2815536.jpg,25
images/escargots/2891352.jpg,22
images/cannoli/75666.jpg,7
images/carrot_cake/2740640.jpg,9
images/cheesecake/1690850.jpg,11
images/fish_and_chips/3209704.jpg,24
images/eggs_benedict/2105641.jpg,21
images/bruschetta/956099.jpg,5
images/falafel/1046916.jpg,23
images/caesar_salad/233774.jpg,6
images/creme_brulee/3049601.jpg,17
images/caesar_salad/1909170.jpg,6
images/chocolate_cake/2318086.jpg,13
images/fish_and_chips/3616236.jpg,24
images/chicken_wings/2937477.jpg,12
images/caesar_salad/1938245.jpg,6
images/creme_brulee/2066923.jpg,17
images/escargots/3838915.jpg,22
images/cup_cakes/2731613.jpg,18
images/crab_cakes/2288898.jpg,16
images/caprese_salad/1501196.jpg,8
images/donuts/2058270.jpg,19
images/cup_cakes/806672.jpg,18
images/falafel/2251527.jpg,23
images/beef_carpaccio/3421057.jpg,2
images/cheese_plate/2490612.jpg,10
images/cheesecake/3727553.jpg,11
images/falafel/2566338.jpg,23
images/chicken_wings/676649.jpg,12
images/foie_gras/1931101.jpg,25
images/eggs_benedict/387298.jpg,21
images/carrot_cake/2400593.jpg,9
images/french_fries/1264270.jpg,26
images/crab_cakes/3275648.jpg,16
images/churros/3516721.jpg,14
images/chocolate_cake/210131.jpg,13
images/chicken_wings/1825360.jpg,12
images/fish_and_chips/1424554.jpg,24
images/caprese_salad/2313252.jpg,8
images/french_fries/2624567.jpg,26
images/apple_pie/2298195.jpg,0
images/cheese_plate/3311904.jpg,10
images/cheesecake/3175462.jpg,11
images/crab_cakes/1965763.jpg,16
images/falafel/1971205.jpg,23
images/donuts/3611291.jpg,19
images/caesar_salad/2390211.jpg,6
images/eggs_benedict/877306.jpg,21
images/cheese_plate/1906531.jpg,10
images/beef_carpaccio/1441638.jpg,2
images/eggs_benedict/920682.jpg,21
images/donuts/1954234.jpg,19
images/baklava/1336971.jpg,1
images/fish_and_chips/1011681.jpg,24
images/fish_and_chips/926754.jpg,24
images/beignets/1703648.jpg,4
images/edamame/987071.jpg,20
images/club_sandwich/1241113.jpg,15
images/baklava/3168171.jpg,1
images/beef_carpaccio/3824578.jpg,2
images/beignets/1005233.jpg,4
images/beignets/3585946.jpg,4
images/crab_cakes/508696.jpg,16
images/cheese_plate/1698249.jpg,10
images/fish_and_chips/3412642.jpg,24
images/chocolate_cake/3667005.jpg,13
images/apple_pie/2106005.jpg,0
images/donuts/767848.jpg,19
images/club_sandwich/2896557.jpg,15
images/apple_pie/484947.jpg,0
images/french_fries/2719269.jpg,26
images/foie_gras/2178726.jpg,25
images/cup_cakes/397402.jpg,18
images/cannoli/1300596.jpg,7
images/crab_cakes/64552.jpg,16
images/apple_pie/1659828.jpg,0
images/cheese_plate/3782887.jpg,10
images/crab_cakes/1928973.jpg,16
images/bruschetta/1034665.jpg,5
images/beet_salad/3807968.jpg,3
images/falafel/1064340.jpg,23
images/crab_cakes/121494.jpg,16
images/beef_carpaccio/3609569.jpg,2
images/foie_gras/1564503.jpg,25
images/carrot_cake/2989197.jpg,9
images/caesar_salad/492777.jpg,6
images/carrot_cake/1266567.jpg,9
images/caprese_salad/3415954.jpg,8
images/cup_cakes/847280.jpg,18
images/apple_pie/2934928.jpg,0
images/apple_pie/3760078.jpg,0
images/chicken_wings/477991.jpg,12
images/beignets/2806510.jpg,4
images/cup_cakes/8898.jpg,18
images/french_fries/3614614.jpg,26
images/beignets/1742248.jpg,4
images/baklava/1297412.jpg,1
images/beet_salad/3348338.jpg,3
images/beignets/3453845.jpg,4
images/edamame/922834.jpg,20
images/apple_pie/3256198.jpg,0
images/french_fries/1845621.jpg,26
images/bruschetta/465449.jpg,5
images/french_fries/2313315.jpg,26
images/falafel/234277.jpg,23
images/baklava/1730228.jpg,1
images/cheese_plate/165414.jpg,10
images/beignets/1120044.jpg,4
images/chocolate_cake/1821606.jpg,13
images/club_sandwich/711470.jpg,15
images/baklava/3380645.jpg,1
images/chocolate_cake/617042.jpg,13
images/bruschetta/480866.jpg,5
images/crab_cakes/3557448.jpg,16
images/creme_brulee/2550760.jpg,17
images/french_fries/52510.jpg,26
images/beignets/1448637.jpg,4
images/donuts/2078213.jpg,19
images/carrot_cake/172014.jpg,9
images/chocolate_cake/3075740.jpg,13
images/cheese_plate/1353166.jpg,10
images/beignets/1223455.jpg,4
images/bruschetta/2941161.jpg,5
images/bruschetta/2952225.jpg,5
images/crab_cakes/2158131.jpg,16
images/beef_carpaccio/1645760.jpg,2
images/cup_cakes/491482.jpg,18
images/chicken_wings/2684894.jpg,12
images/creme_brulee/2647239.jpg,17
images/eggs_benedict/818145.jpg,21
images/foie_gras/2764204.jpg,25
images/eggs_benedict/1018581.jpg,21
images/bruschetta/3240928.jpg,5
images/creme_brulee/3447009.jpg,17
images/cannoli/3922326.jpg,7
images/foie_gras/2763489.jpg,25
images/crab_cakes/1449457.jpg,16
images/eggs_benedict/1688403.jpg,21
images/club_sandwich/1370086.jpg,15
images/creme_brulee/620713.jpg,17
images/beef_carpaccio/2660378.jpg,2
images/beignets/1326157.jpg,4
images/club_sandwich/1342155.jpg,15
images/chicken_wings/2991136.jpg,12
images/crab_cakes/2698357.jpg,16
images/beignets/659472.jpg,4
images/baklava/2171434.jpg,1
images/beef_carpaccio/3477399.jpg,2
images/cannoli/3851584.jpg,7
images/edamame/3062534.jpg,20
images/apple_pie/2610017.jpg,0
images/crab_cakes/2390536.jpg,16
images/caprese_salad/1207641.jpg,8
images/beignets/1813170.jpg,4
images/edamame/3213301.jpg,20
images/cheese_plate/1631445.jpg,10
images/churros/2505846.jpg,14
images/eggs_benedict/2079876.jpg,21
images/cup_cakes/2184911.jpg,18
images/french_fries/1020588.jpg,26
images/cheesecake/1732699.jpg,11
images/bruschetta/2860436.jpg,5
images/caesar_salad/930170.jpg,6
images/carrot_cake/557067.jpg,9
images/fish_and_chips/490014.jpg,24
images/baklava/473493.jpg,1
images/escargots/320363.jpg,22
images/club_sandwich/3143042.jpg,15
images/falafel/290589.jpg,23
images/cheese_plate/2317982.jpg,10
images/crab_cakes/2311044.jpg,16
images/cheesecake/1767182.jpg,11
images/beef_carpaccio/803481.jpg,2
images/chicken_wings/3383966.jpg,12
images/falafel/745065.jpg,23
images/caesar_salad/3632320.jpg,6
images/foie_gras/384721.jpg,25
images/beignets/298345.jpg,4
images/cheese_plate/776088.jpg,10
images/cheesecake/2656821.jpg,11
images/beef_carpaccio/1052988.jpg,2
images/donuts/3518591.jpg,19
images/foie_gras/2988116.jpg,25
images/churros/792291.jpg,14
images/cup_cakes/1551988.jpg,18
images/club_sandwich/1256053.jpg,15
images/french_fries/2355379.jpg,26
images/apple_pie/3860485.jpg,0
images/french_fries/3423618.jpg,26
images/foie_gras/467426.jpg,25
images/donuts/830307.jpg,19
images/caesar_salad/3616033.jpg,6
images/creme_brulee/1241405.jpg,17
images/cheese_plate/3124131.jpg,10
images/escargots/1859108.jpg,22
images/cannoli/1627181.jpg,7
images/french_fries/2576150.jpg,26
images/baklava/2939561.jpg,1
images/creme_brulee/121698.jpg,17
images/apple_pie/3503459.jpg,0
images/caesar_salad/2761224.jpg,6
images/carrot_cake/2899721.jpg,9
images/beet_salad/3876991.jpg,3
images/crab_cakes/2010999.jpg,16
images/creme_brulee/2739812.jpg,17
images/baklava/3783822.jpg,1
images/beignets/607285.jpg,4
images/cup_cakes/3562286.jpg,18
images/edamame/2364665.jpg,20
images/beet_salad/1478585.jpg,3
images/escargots/1815488.jpg,22
images/edamame/1354984.jpg,20
images/beignets/1827892.jpg,4
images/donuts/1023706.jpg,19
images/apple_pie/418685.jpg,0
images/cheesecake/344202.jpg,11
images/chicken_wings/1215342.jpg,12
images/chicken_wings/1892190.jpg,12
images/cheese_plate/2101345.jpg,10
images/chocolate_cake/1555427.jpg,13
images/bruschetta/752184.jpg,5
images/club_sandwich/2405741.jpg,15
images/creme_brulee/1176348.jpg,17
images/chicken_wings/2679474.jpg,12
images/beignets/3862653.jpg,4
images/apple_pie/1510125.jpg,0
images/edamame/3069253.jpg,20
images/cannoli/2231303.jpg,7
images/club_sandwich/1727403.jpg,15
images/edamame/1071174.jpg,20
images/chicken_wings/3085496.jpg,12
images/edamame/3117482.jpg,20
images/eggs_benedict/1056219.jpg,21
images/club_sandwich/401969.jpg,15
images/club_sandwich/1775789.jpg,15
images/bruschetta/222638.jpg,5
images/caprese_salad/3086258.jpg,8
images/baklava/3819858.jpg,1
images/crab_cakes/116737.jpg,16
images/apple_pie/1939853.jpg,0
images/cup_cakes/2576625.jpg,18
images/carrot_cake/1764646.jpg,9
images/caesar_salad/728727.jpg,6
images/escargots/1425990.jpg,22
images/fish_and_chips/3271526.jpg,24
images/beef_carpaccio/2198914.jpg,2
images/caprese_salad/1759869.jpg,8
images/bruschetta/1597607.jpg,5
images/churros/743695.jpg,14
images/beet_salad/803730.jpg,3
images/club_sandwich/1127619.jpg,15
images/club_sandwich/3029774.jpg,15
images/creme_brulee/2688814.jpg,17
images/cheese_plate/1581009.jpg,10
images/chocolate_cake/39586.jpg,13
images/cheesecake/2227892.jpg,11
images/bruschetta/840066.jpg,5
images/churros/1881699.jpg,14
images/beef_carpaccio/555921.jpg,2
images/apple_pie/1235282.jpg,0
images/chocolate_cake/1972147.jpg,13
images/bruschetta/2518230.jpg,5
images/cheesecake/1319907.jpg,11
images/chicken_wings/673143.jpg,12
images/beignets/3619154.jpg,4
images/french_fries/2464961.jpg,26
images/french_fries/146029.jpg,26
images/eggs_benedict/994800.jpg,21
images/french_fries/204132.jpg,26
images/escargots/2022324.jpg,22
images/donuts/1554280.jpg,19
images/beignets/638107.jpg,4
images/creme_brulee/1226137.jpg,17
images/club_sandwich/797815.jpg,15
images/crab_cakes/2878232.jpg,16
images/chocolate_cake/950511.jpg,13
images/bruschetta/974802.jpg,5
images/foie_gras/567476.jpg,25
images/creme_brulee/690871.jpg,17
images/caesar_salad/27165.jpg,6
images/caesar_salad/3883709.jpg,6
images/caprese_salad/820512.jpg,8
images/churros/3531799.jpg,14
images/falafel/3432149.jpg,23
images/creme_brulee/3161466.jpg,17
images/apple_pie/1895811.jpg,0
images/eggs_benedict/2610609.jpg,21
images/beef_carpaccio/2082583.jpg,2
images/donuts/108879.jpg,19
images/carrot_cake/3081204.jpg,9
images/fish_and_chips/2531288.jpg,24
images/bruschetta/888764.jpg,5
images/crab_cakes/1725372.jpg,16
images/beignets/3510847.jpg,4
images/carrot_cake/3508534.jpg,9
images/foie_gras/3517856.jpg,25
images/club_sandwich/493666.jpg,15
images/cannoli/2207807.jpg,7
images/beignets/3917742.jpg,4
images/chocolate_cake/1240545.jpg,13
images/bruschetta/1043875.jpg,5
images/foie_gras/481663.jpg,25
images/churros/2509088.jpg,14
images/caprese_salad/1877996.jpg,8
images/caprese_salad/368123.jpg,8
images/baklava/2407499.jpg,1
images/cheesecake/1890669.jpg,11
images/eggs_benedict/3300877.jpg,21
images/chocolate_cake/1117422.jpg,13
images/french_fries/999957.jpg,26
images/french_fries/1692353.jpg,26
images/edamame/2281842.jpg,20
images/bruschetta/1660370.jpg,5
images/baklava/890873.jpg,1
images/french_fries/80190.jpg,26
images/bruschetta/771418.jpg,5
images/churros/3523713.jpg,14
images/falafel/878528.jpg,23
images/cheese_plate/1766679.jpg,10
images/beef_carpaccio/838353.jpg,2
images/chicken_wings/3701508.jpg,12
images/french_fries/403790.jpg,26
images/creme_brulee/1196858.jpg,17
images/baklava/675112.jpg,1
images/beignets/3451494.jpg,4
images/falafel/3073646.jpg,23
images/carrot_cake/735430.jpg,9
images/baklava/1487477.jpg,1
images/churros/3026751.jpg,14
images/carrot_cake/2953809.jpg,9
images/baklava/3125182.jpg,1
images/club_sandwich/381838.jpg,15
images/chocolate_cake/3836867.jpg,13
images/foie_gras/2687774.jpg,25
images/edamame/1095703.jpg,20
images/club_sandwich/658865.jpg,15
images/creme_brulee/409951.jpg,17
images/french_fries/1319764.jpg,26
images/club_sandwich/2061480.jpg,15
images/beignets/88253.jpg,4
images/foie_gras/2633129.jpg,25
images/donuts/2938032.jpg,19
images/creme_brulee/2244875.jpg,17
images/creme_brulee/3876474.jpg,17
images/creme_brulee/3430334.jpg,17
images/beignets/209932.jpg,4
images/baklava/3124550.jpg,1
images/churros/978170.jpg,14
images/cup_cakes/1868992.jpg,18
images/foie_gras/3753526.jpg,25
images/beet_salad/881647.jpg,3
images/carrot_cake/3061578.jpg,9
images/baklava/3119164.jpg,1
images/cannoli/3164805.jpg,7
images/cup_cakes/888171.jpg,18
images/french_fries/2528360.jpg,26
images/beet_salad/3243342.jpg,3
images/cheese_plate/771626.jpg,10
images/churros/944058.jpg,14
images/beignets/1151485.jpg,4
images/crab_cakes/2178443.jpg,16
images/cheese_plate/2635447.jpg,10
images/creme_brulee/2450455.jpg,17
images/carrot_cake/3656210.jpg,9
images/fish_and_chips/568927.jpg,24
images/escargots/1806215.jpg,22
images/beignets/611548.jpg,4
images/foie_gras/3506578.jpg,25
images/chicken_wings/2274377.jpg,12
images/eggs_benedict/816563.jpg,21
images/caprese_salad/1767671.jpg,8
images/cannoli/3711871.jpg,7
images/bruschetta/4505.jpg,5
images/crab_cakes/3595576.jpg,16
images/foie_gras/1372974.jpg,25
images/carrot_cake/3611149.jpg,9
images/creme_brulee/3115836.jpg,17
images/carrot_cake/2775045.jpg,9
images/beet_salad/3794286.jpg,3
images/beet_salad/298196.jpg,3
images/beef_carpaccio/2627728.jpg,2
images/cannoli/190939.jpg,7
images/fish_and_chips/849937.jpg,24
images/falafel/394666.jpg,23
images/donuts/222806.jpg,19
images/cheesecake/3130983.jpg,11
images/fish_and_chips/2165672.jpg,24
images/cannoli/743427.jpg,7
images/cannoli/847599.jpg,7
images/fish_and_chips/2973836.jpg,24
images/chicken_wings/2107860.jpg,12
images/french_fries/3483916.jpg,26
images/baklava/2314499.jpg,1
images/fish_and_chips/3393548.jpg,24
images/foie_gras/1489891.jpg,25
images/bruschetta/3537036.jpg,5
images/cheesecake/3610444.jpg,11
images/beef_carpaccio/3348946.jpg,2
images/baklava/2269207.jpg,1
images/chicken_wings/2734022.jpg,12
images/foie_gras/2949768.jpg,25
images/churros/1547922.jpg,14
images/cheese_plate/1587932.jpg,10
images/chocolate_cake/482719.jpg,13
images/carrot_cake/2613034.jpg,9
images/falafel/3387054.jpg,23
images/fish_and_chips/1798422.jpg,24
images/caesar_salad/2349539.jpg,6
images/bruschetta/2199751.jpg,5
images/cannoli/1029395.jpg,7
images/escargots/7043.jpg,22
images/foie_gras/2214028.jpg,25
images/cheesecake/918354.jpg,11
images/beignets/2227024.jpg,4
images/crab_cakes/508126.jpg,16
images/french_fries/2755270.jpg,26
images/falafel/993488.jpg,23
images/cheesecake/3782431.jpg,11
images/baklava/2021629.jpg,1
images/carrot_cake/3303991.jpg,9
images/escargots/3687286.jpg,22
images/cannoli/1742630.jpg,7
images/creme_brulee/2268716.jpg,17
images/falafel/3512542.jpg,23
images/foie_gras/1797552.jpg,25
images/beef_carpaccio/78744.jpg,2
images/carrot_cake/537530.jpg,9
images/foie_gras/1376638.jpg,25
images/escargots/2718694.jpg,22
images/cheese_plate/2234207.jpg,10
images/apple_pie/2777273.jpg,0
images/cheesecake/3839556.jpg,11
images/crab_cakes/2318062.jpg,16
images/chicken_wings/1131238.jpg,12
images/beef_carpaccio/2711363.jpg,2
images/beet_salad/503688.jpg,3
images/beet_salad/3881259.jpg,3
images/cheese_plate/1175031.jpg,10
images/club_sandwich/911846.jpg,15
images/donuts/162583.jpg,19
images/eggs_benedict/329695.jpg,21
images/fish_and_chips/1035054.jpg,24
images/chocolate_cake/1163794.jpg,13
images/chocolate_cake/660187.jpg,13
images/foie_gras/155447.jpg,25
images/cup_cakes/1596178.jpg,18
images/falafel/2599545.jpg,23
images/cup_cakes/2536537.jpg,18
images/beet_salad/3552070.jpg,3
images/escargots/2724440.jpg,22
images/creme_brulee/163889.jpg,17
images/chicken_wings/1184967.jpg,12
images/apple_pie/2740848.jpg,0
images/caprese_salad/1938350.jpg,8
images/crab_cakes/145584.jpg,16
images/cheesecake/815682.jpg,11
images/caesar_salad/290942.jpg,6
images/bruschetta/2622357.jpg,5
images/baklava/72326.jpg,1
images/club_sandwich/713683.jpg,15
images/crab_cakes/1030659.jpg,16
images/caprese_salad/3205165.jpg,8
images/cheesecake/420521.jpg,11
images/carrot_cake/1099466.jpg,9
images/edamame/3075342.jpg,20
images/caesar_salad/1228826.jpg,6
images/fish_and_chips/2079080.jpg,24
images/caesar_salad/3834659.jpg,6
images/cheese_plate/2030118.jpg,10
images/chocolate_cake/2824303.jpg,13
images/donuts/520738.jpg,19
images/chocolate_cake/3118320.jpg,13
images/cheese_plate/2810830.jpg,10
images/carrot_cake/1204376.jpg,9
images/apple_pie/1667135.jpg,0
images/beignets/3460827.jpg,4
images/caesar_salad/1617779.jpg,6
images/foie_gras/1881638.jpg,25
images/escargots/3325576.jpg,22
images/crab_cakes/1650613.jpg,16
images/chicken_wings/39523.jpg,12
images/caesar_salad/938204.jpg,6
images/carrot_cake/3410980.jpg,9
images/club_sandwich/2346663.jpg,15
images/foie_gras/71445.jpg,25
images/foie_gras/3582414.jpg,25
images/cannoli/3873658.jpg,7
images/cheesecake/2375291.jpg,11
images/caesar_salad/126106.jpg,6
images/carrot_cake/422317.jpg,9
images/falafel/424280.jpg,23
images/french_fries/660608.jpg,26
images/crab_cakes/164354.jpg,16
images/churros/3169818.jpg,14
images/churros/2469464.jpg,14
images/cheesecake/815943.jpg,11
images/club_sandwich/982029.jpg,15
images/crab_cakes/3430351.jpg,16
images/chicken_wings/1732692.jpg,12
images/creme_brulee/3460059.jpg,17
images/foie_gras/3726984.jpg,25
images/club_sandwich/1827878.jpg,15
images/cup_cakes/1309558.jpg,18
images/donuts/1158855.jpg,19
images/cheese_plate/3734477.jpg,10
images/chocolate_cake/797404.jpg,13
images/beignets/3857566.jpg,4
images/creme_brulee/1414502.jpg,17
images/fish_and_chips/57512.jpg,24
images/bruschetta/832695.jpg,5
images/bruschetta/3696492.jpg,5
images/caprese_salad/234718.jpg,8
images/beet_salad/1179787.jpg,3
images/falafel/2346196.jpg,23
images/beet_salad/2358567.jpg,3
images/carrot_cake/1351301.jpg,9
images/edamame/54574.jpg,20
images/caprese_salad/1901916.jpg,8
images/cup_cakes/464673.jpg,18
images/beignets/2737407.jpg,4
images/escargots/2954916.jpg,22
images/caprese_salad/3792859.jpg,8
images/falafel/110108.jpg,23
images/cheese_plate/2529584.jpg,10
images/cannoli/1179760.jpg,7
images/apple_pie/2627767.jpg,0
images/chicken_wings/871415.jpg,12
images/carrot_cake/976027.jpg,9
images/donuts/1295129.jpg,19
images/cheese_plate/2257370.jpg,10
images/cheesecake/1477628.jpg,11
images/cheesecake/1847655.jpg,11
images/carrot_cake/773754.jpg,9
images/bruschetta/1820249.jpg,5
images/carrot_cake/3421341.jpg,9
images/apple_pie/2047916.jpg,0
images/carrot_cake/1612014.jpg,9
images/cheese_plate/821086.jpg,10
images/beef_carpaccio/3685803.jpg,2
images/falafel/1771002.jpg,23
images/caprese_salad/1151024.jpg,8
images/crab_cakes/836352.jpg,16
images/cheesecake/1286644.jpg,11
images/club_sandwich/2182943.jpg,15
images/donuts/6595.jpg,19
images/caesar_salad/1633837.jpg,6
images/fish_and_chips/458162.jpg,24
images/club_sandwich/2332260.jpg,15
images/club_sandwich/837357.jpg,15
images/caprese_salad/297931.jpg,8
images/churros/3353827.jpg,14
images/chocolate_cake/1576298.jpg,13
images/eggs_benedict/1111133.jpg,21
images/foie_gras/1051567.jpg,25
images/fish_and_chips/3387911.jpg,24
images/cup_cakes/63704.jpg,18
images/beignets/2573558.jpg,4
images/chocolate_cake/1505629.jpg,13
images/baklava/1334403.jpg,1
images/escargots/361922.jpg,22
images/fish_and_chips/1587173.jpg,24
images/edamame/334938.jpg,20
images/apple_pie/817073.jpg,0
images/churros/3494930.jpg,14
images/bruschetta/3911221.jpg,5
images/crab_cakes/1126287.jpg,16
images/churros/3745938.jpg,14
images/carrot_cake/644185.jpg,9
images/caesar_salad/3471170.jpg,6
images/crab_cakes/3079437.jpg,16
images/foie_gras/3061822.jpg,25
images/carrot_cake/1316808.jpg,9
images/carrot_cake/1903170.jpg,9
images/chicken_wings/1483786.jpg,12
images/caprese_salad/3579079.jpg,8
images/churros/723691.jpg,14
images/caprese_salad/1330205.jpg,8
images/fish_and_chips/2196209.jpg,24
images/donuts/2239233.jpg,19
images/cheese_plate/1336627.jpg,10
images/apple_pie/959678.jpg,0
images/caesar_salad/950437.jpg,6
images/caprese_salad/2078011.jpg,8
images/carrot_cake/1612316.jpg,9
images/chocolate_cake/1009391.jpg,13
images/bruschetta/2415344.jpg,5
images/caprese_salad/2118947.jpg,8
images/donuts/1550952.jpg,19
images/beet_salad/3644842.jpg,3
images/eggs_benedict/1728168.jpg,21
images/eggs_benedict/80930.jpg,21
images/baklava/2373207.jpg,1
images/apple_pie/3497884.jpg,0
images/bruschetta/97867.jpg,5
images/carrot_cake/2921122.jpg,9
images/cheese_plate/3545213.jpg,10
images/donuts/2756422.jpg,19
images/edamame/132166.jpg,20
images/donuts/855837.jpg,19
images/chocolate_cake/749353.jpg,13
images/carrot_cake/3045886.jpg,9
images/chicken_wings/3353095.jpg,12
images/cannoli/939082.jpg,7
images/foie_gras/2835058.jpg,25
images/cheese_plate/3770494.jpg,10
images/chocolate_cake/338585.jpg,13
images/baklava/1600317.jpg,1
images/donuts/1765.jpg,19
images/falafel/332531.jpg,23
images/caesar_salad/1281863.jpg,6
images/donuts/379501.jpg,19
images/caesar_salad/2057873.jpg,6
images/chicken_wings/1392113.jpg,12
images/chocolate_cake/639222.jpg,13
images/beet_salad/2359509.jpg,3
images/cheesecake/1694199.jpg,11
images/french_fries/3285362.jpg,26
images/chocolate_cake/1292640.jpg,13
images/churros/3754324.jpg,14
images/donuts/851374.jpg,19
images/carrot_cake/2476666.jpg,9
images/falafel/1195908.jpg,23
images/beignets/3667091.jpg,4
images/beef_carpaccio/1400090.jpg,2
images/caesar_salad/3496239.jpg,6
images/eggs_benedict/3116511.jpg,21
images/edamame/1690249.jpg,20
images/carrot_cake/3520105.jpg,9
images/carrot_cake/3776495.jpg,9
images/apple_pie/2369640.jpg,0
images/caesar_salad/3157648.jpg,6
images/beef_carpaccio/2082670.jpg,2
images/cup_cakes/2784728.jpg,18
images/apple_pie/2347111.jpg,0
images/cup_cakes/3000205.jpg,18
images/caesar_salad/3534832.jpg,6
images/caprese_salad/2619344.jpg,8
images/bruschetta/3292460.jpg,5
images/apple_pie/214334.jpg,0
images/beet_salad/1202896.jpg,3
images/beef_carpaccio/3501900.jpg,2
images/caprese_salad/3070486.jpg,8
images/foie_gras/477531.jpg,25
images/cup_cakes/607985.jpg,18
images/beef_carpaccio/1371998.jpg,2
images/caesar_salad/3409152.jpg,6
images/crab_cakes/2264346.jpg,16
images/churros/3497934.jpg,14
images/escargots/1248283.jpg,22
images/club_sandwich/3050527.jpg,15
images/beef_carpaccio/2838791.jpg,2
images/cannoli/535290.jpg,7
images/carrot_cake/3358475.jpg,9
images/beef_carpaccio/2107642.jpg,2
images/crab_cakes/1045624.jpg,16
images/donuts/225862.jpg,19
images/cup_cakes/2288743.jpg,18
images/caesar_salad/2961506.jpg,6
images/cheesecake/659460.jpg,11
images/baklava/1765471.jpg,1
images/edamame/3738144.jpg,20
images/escargots/1989011.jpg,22
images/creme_brulee/1558189.jpg,17
images/club_sandwich/3421474.jpg,15
images/cheesecake/1987282.jpg,11
images/caesar_salad/2306710.jpg,6
images/caesar_salad/1179586.jpg,6
images/escargots/3822583.jpg,22
images/cup_cakes/3096095.jpg,18
images/cannoli/75744.jpg,7
images/caprese_salad/2779260.jpg,8
images/cup_cakes/632892.jpg,18
images/creme_brulee/1329670.jpg,17
images/fish_and_chips/958644.jpg,24
images/beet_salad/567171.jpg,3
images/chicken_wings/1190842.jpg,12
images/bruschetta/3790099.jpg,5
images/cannoli/1858536.jpg,7
images/carrot_cake/2117668.jpg,9
images/club_sandwich/3825429.jpg,15
images/escargots/162813.jpg,22
images/falafel/2696406.jpg,23
images/cheese_plate/628077.jpg,10
images/cheese_plate/773142.jpg,10
images/foie_gras/3084544.jpg,25
images/french_fries/2515183.jpg,26
images/caesar_salad/2113788.jpg,6
images/cup_cakes/1087195.jpg,18
images/foie_gras/479538.jpg,25
images/club_sandwich/3246481.jpg,15
images/edamame/1372112.jpg,20
images/cheesecake/818687.jpg,11
images/fish_and_chips/2060610.jpg,24
images/carrot_cake/2123349.jpg,9
images/crab_cakes/1155168.jpg,16
images/apple_pie/3848012.jpg,0
images/beignets/3857148.jpg,4
images/baklava/2040357.jpg,1
images/cannoli/1244039.jpg,7
images/cheesecake/1667024.jpg,11
images/creme_brulee/1828195.jpg,17
images/french_fries/2077845.jpg,26
images/club_sandwich/2859409.jpg,15
images/chicken_wings/588927.jpg,12
images/apple_pie/3728481.jpg,0
images/edamame/3491628.jpg,20
images/escargots/3468449.jpg,22
images/french_fries/697986.jpg,26
images/fish_and_chips/2339436.jpg,24
images/churros/2546790.jpg,14
images/donuts/861022.jpg,19
images/cannoli/1224286.jpg,7
images/edamame/1179678.jpg,20
images/chocolate_cake/3221853.jpg,13
images/chocolate_cake/66526.jpg,13
images/escargots/353622.jpg,22
images/falafel/1717216.jpg,23
images/french_fries/2759016.jpg,26
images/edamame/2499082.jpg,20
images/foie_gras/3347220.jpg,25
images/carrot_cake/236340.jpg,9
images/chocolate_cake/539965.jpg,13
images/beef_carpaccio/3131202.jpg,2
images/churros/454763.jpg,14
images/french_fries/1116093.jpg,26
images/edamame/1295200.jpg,20
images/escargots/3043309.jpg,22
images/beet_salad/1266182.jpg,3
images/caprese_salad/2950206.jpg,8
images/beet_salad/1342537.jpg,3
images/chocolate_cake/2566965.jpg,13
images/falafel/3712925.jpg,23
images/cup_cakes/800315.jpg,18
images/creme_brulee/1682511.jpg,17
images/club_sandwich/1451809.jpg,15
images/beignets/3423130.jpg,4
images/cheesecake/2656629.jpg,11
images/falafel/26819.jpg,23
images/carrot_cake/1731395.jpg,9
images/crab_cakes/2862827.jpg,16
images/apple_pie/282352.jpg,0
images/foie_gras/2289382.jpg,25
images/cannoli/1445280.jpg,7
images/club_sandwich/1860758.jpg,15
images/edamame/929699.jpg,20
images/cheese_plate/597896.jpg,10
images/apple_pie/3466310.jpg,0
images/cheesecake/745074.jpg,11
images/escargots/3798124.jpg,22
images/cannoli/1442025.jpg,7
images/cheesecake/305424.jpg,11
images/club_sandwich/326580.jpg,15
images/falafel/2813646.jpg,23
images/fish_and_chips/655998.jpg,24
images/cannoli/3508082.jpg,7
images/falafel/3508825.jpg,23
images/beef_carpaccio/2323716.jpg,2
images/bruschetta/563136.jpg,5
images/falafel/630033.jpg,23
images/french_fries/2493036.jpg,26
images/foie_gras/2330735.jpg,25
images/cup_cakes/2838899.jpg,18
images/edamame/863288.jpg,20
images/beignets/3846275.jpg,4
images/donuts/98562.jpg,19
images/creme_brulee/830284.jpg,17
images/eggs_benedict/3203640.jpg,21
images/carrot_cake/443873.jpg,9
images/bruschetta/187050.jpg,5
images/chocolate_cake/674818.jpg,13
images/donuts/105814.jpg,19
images/escargots/2927742.jpg,22
images/falafel/1531886.jpg,23
images/beet_salad/1169009.jpg,3
images/edamame/1912158.jpg,20
images/caesar_salad/751845.jpg,6
images/donuts/2774483.jpg,19
images/caesar_salad/398413.jpg,6
images/cheesecake/3871141.jpg,11
images/baklava/1310031.jpg,1
images/bruschetta/2399066.jpg,5
images/creme_brulee/410624.jpg,17
images/beef_carpaccio/3046098.jpg,2
images/fish_and_chips/847753.jpg,24
images/foie_gras/2106313.jpg,25
images/cannoli/1858013.jpg,7
images/club_sandwich/3060616.jpg,15
images/churros/2647137.jpg,14
images/eggs_benedict/1002786.jpg,21
images/club_sandwich/2311395.jpg,15
images/club_sandwich/1712497.jpg,15
images/cannoli/3300725.jpg,7
images/cheese_plate/1729509.jpg,10
images/caesar_salad/3158516.jpg,6
images/falafel/382253.jpg,23
images/fish_and_chips/1961490.jpg,24
images/fish_and_chips/3206734.jpg,24
images/apple_pie/909196.jpg,0
images/fish_and_chips/1337673.jpg,24
images/caesar_salad/3671839.jpg,6
images/caesar_salad/1770424.jpg,6
images/caesar_salad/1994771.jpg,6
images/cheese_plate/704898.jpg,10
images/bruschetta/3644406.jpg,5
images/caesar_salad/2099078.jpg,6
images/edamame/825581.jpg,20
images/bruschetta/3375972.jpg,5
images/eggs_benedict/1241272.jpg,21
images/foie_gras/603354.jpg,25
images/falafel/102356.jpg,23
images/chocolate_cake/1846726.jpg,13
images/churros/2697646.jpg,14
images/caesar_salad/1911830.jpg,6
images/baklava/3085734.jpg,1
images/cup_cakes/2581088.jpg,18
images/foie_gras/1779358.jpg,25
images/caprese_salad/609728.jpg,8
images/eggs_benedict/3026238.jpg,21
images/baklava/1734429.jpg,1
images/beet_salad/720451.jpg,3
images/caprese_salad/2529099.jpg,8
images/bruschetta/2699385.jpg,5
images/baklava/1742262.jpg,1
images/chocolate_cake/1499703.jpg,13
images/caesar_salad/2039675.jpg,6
images/baklava/1711392.jpg,1
images/baklava/2427924.jpg,1
images/club_sandwich/574816.jpg,15
images/edamame/3426299.jpg,20
images/cannoli/1416730.jpg,7
images/apple_pie/3047214.jpg,0
images/crab_cakes/333207.jpg,16
images/carrot_cake/2492599.jpg,9
images/churros/3303267.jpg,14
images/beignets/1869439.jpg,4
images/cannoli/3004634.jpg,7
images/cannoli/3538339.jpg,7
images/cup_cakes/807725.jpg,18
images/creme_brulee/2371108.jpg,17
images/edamame/1454493.jpg,20
images/churros/2716874.jpg,14
images/donuts/2803525.jpg,19
images/crab_cakes/85226.jpg,16
images/bruschetta/2182835.jpg,5
images/beignets/905363.jpg,4
images/beignets/349369.jpg,4
images/fish_and_chips/23929.jpg,24
images/escargots/3019783.jpg,22
images/baklava/1788827.jpg,1
images/creme_brulee/1771076.jpg,17
images/fish_and_chips/3601916.jpg,24
images/cup_cakes/7806.jpg,18
images/french_fries/1606755.jpg,26
images/cheese_plate/1264282.jpg,10
images/escargots/3010878.jpg,22
images/cheese_plate/3886279.jpg,10
images/bruschetta/2031594.jpg,5
images/cup_cakes/2635729.jpg,18
images/caprese_salad/2588139.jpg,8
images/chocolate_cake/301677.jpg,13
images/falafel/3906750.jpg,23
images/apple_pie/1648647.jpg,0
images/french_fries/319830.jpg,26
images/cheesecake/1762561.jpg,11
images/fish_and_chips/2406345.jpg,24
images/apple_pie/2713482.jpg,0
images/cheesecake/629317.jpg,11
images/club_sandwich/3402695.jpg,15
images/cheesecake/102854.jpg,11
images/club_sandwich/1830209.jpg,15
images/french_fries/2350833.jpg,26
images/cheese_plate/2199077.jpg,10
images/baklava/1762550.jpg,1
images/chocolate_cake/2125687.jpg,13
images/fish_and_chips/3293987.jpg,24
images/caprese_salad/3271721.jpg,8
images/eggs_benedict/1695409.jpg,21
images/falafel/1535540.jpg,23
images/french_fries/349846.jpg,26
images/carrot_cake/679461.jpg,9
images/creme_brulee/1437326.jpg,17
images/french_fries/2982285.jpg,26
images/falafel/3698727.jpg,23
images/beef_carpaccio/491638.jpg,2
images/cheesecake/3288238.jpg,11
images/beet_salad/1122265.jpg,3
images/crab_cakes/627344.jpg,16
images/club_sandwich/2230485.jpg,15
images/churros/1420670.jpg,14
images/donuts/3280234.jpg,19
images/french_fries/3327888.jpg,26
images/chocolate_cake/49494.jpg,13
images/beignets/1830956.jpg,4
images/chicken_wings/743150.jpg,12
images/caesar_salad/158169.jpg,6
images/edamame/68444.jpg,20
images/cheese_plate/3652121.jpg,10
images/cup_cakes/2180808.jpg,18
images/escargots/3295599.jpg,22
images/churros/859156.jpg,14
images/carrot_cake/1419682.jpg,9
images/club_sandwich/170785.jpg,15
images/churros/2522264.jpg,14
images/falafel/2144832.jpg,23
images/cheese_plate/171771.jpg,10
images/beef_carpaccio/1861386.jpg,2
images/churros/1849521.jpg,14
images/eggs_benedict/675423.jpg,21
images/bruschetta/2407116.jpg,5
images/caesar_salad/1198449.jpg,6
images/beet_salad/3051591.jpg,3
images/cannoli/3320293.jpg,7
images/fish_and_chips/2500832.jpg,24
images/beignets/1120712.jpg,4
images/churros/589371.jpg,14
images/fish_and_chips/1885933.jpg,24
images/escargots/136116.jpg,22
images/eggs_benedict/199242.jpg,21
images/caesar_salad/2132877.jpg,6
images/fish_and_chips/3119479.jpg,24
images/cup_cakes/255468.jpg,18
images/cannoli/2644108.jpg,7
images/fish_and_chips/948355.jpg,24
images/club_sandwich/215356.jpg,15
images/caprese_salad/540582.jpg,8
images/caprese_salad/1987239.jpg,8
images/creme_brulee/1008678.jpg,17
images/apple_pie/2872568.jpg,0
images/fish_and_chips/1811502.jpg,24
images/club_sandwich/547794.jpg,15
images/caesar_salad/2874871.jpg,6
images/beef_carpaccio/3873796.jpg,2
images/chocolate_cake/2144647.jpg,13
images/cheesecake/618989.jpg,11
images/apple_pie/1220194.jpg,0
images/bruschetta/68874.jpg,5
images/beet_salad/986220.jpg,3
images/beef_carpaccio/2097198.jpg,2
images/cannoli/816175.jpg,7
images/falafel/3085723.jpg,23
images/beet_salad/3147052.jpg,3
images/cheese_plate/703191.jpg,10
images/edamame/2394343.jpg,20
images/chocolate_cake/3350094.jpg,13
images/beignets/1595995.jpg,4
images/crab_cakes/1642903.jpg,16
images/churros/2251145.jpg,14
images/caesar_salad/2917685.jpg,6
images/foie_gras/613621.jpg,25
images/beet_salad/1555689.jpg,3
images/churros/624814.jpg,14
images/fish_and_chips/1770652.jpg,24
images/falafel/529623.jpg,23
images/beet_salad/3625102.jpg,3
images/cheese_plate/1249474.jpg,10
images/eggs_benedict/3610052.jpg,21
images/beef_carpaccio/1073326.jpg,2
images/chocolate_cake/1594773.jpg,13
images/apple_pie/3177727.jpg,0
images/club_sandwich/3654285.jpg,15
images/cannoli/3294066.jpg,7
images/french_fries/1443762.jpg,26
images/baklava/1979583.jpg,1
images/creme_brulee/294194.jpg,17
images/churros/1313392.jpg,14
images/cheese_plate/1823022.jpg,10
images/club_sandwich/3431560.jpg,15
images/apple_pie/2598068.jpg,0
images/churros/3423138.jpg,14
images/cannoli/3627612.jpg,7
images/falafel/305179.jpg,23
images/caesar_salad/1762442.jpg,6
images/beignets/1700779.jpg,4
images/escargots/1480092.jpg,22
images/club_sandwich/2244918.jpg,15
images/baklava/2662831.jpg,1
images/club_sandwich/588414.jpg,15
images/edamame/3343449.jpg,20
images/caprese_salad/917683.jpg,8
images/cup_cakes/2104236.jpg,18
images/caesar_salad/2559446.jpg,6
images/carrot_cake/1792208.jpg,9
images/escargots/2250624.jpg,22
images/baklava/1150170.jpg,1
images/beef_carpaccio/195418.jpg,2
images/cannoli/348101.jpg,7
images/baklava/2148215.jpg,1
images/cheese_plate/677573.jpg,10
images/club_sandwich/553765.jpg,15
images/carrot_cake/2612589.jpg,9
images/chocolate_cake/2410886.jpg,13
images/caesar_salad/538995.jpg,6
images/carrot_cake/557699.jpg,9
images/edamame/1957902.jpg,20
images/beignets/527037.jpg,4
images/escargots/1515597.jpg,22
images/beef_carpaccio/1990775.jpg,2
images/eggs_benedict/2607961.jpg,21
images/caesar_salad/3555324.jpg,6
images/edamame/3747202.jpg,20
images/eggs_benedict/2809148.jpg,21
images/escargots/964186.jpg,22
images/cheesecake/1451380.jpg,11
images/club_sandwich/1478537.jpg,15
images/foie_gras/3416754.jpg,25
images/cheesecake/1862554.jpg,11
images/cheese_plate/257229.jpg,10
images/eggs_benedict/3134655.jpg,21
images/chocolate_cake/2969347.jpg,13
images/chicken_wings/1579238.jpg,12
images/beignets/675684.jpg,4
images/french_fries/859412.jpg,26
images/chocolate_cake/1470023.jpg,13
images/caesar_salad/259138.jpg,6
images/baklava/3895428.jpg,1
images/fish_and_chips/1531249.jpg,24
images/chicken_wings/1009927.jpg,12
images/apple_pie/1443243.jpg,0
images/beef_carpaccio/2891962.jpg,2
images/beef_carpaccio/3691772.jpg,2
images/crab_cakes/1047792.jpg,16
images/escargots/726025.jpg,22
images/apple_pie/3333030.jpg,0
images/escargots/2680073.jpg,22
images/escargots/3004581.jpg,22
images/beet_salad/1481846.jpg,3
images/beignets/1413858.jpg,4
images/beef_carpaccio/1459290.jpg,2
images/caesar_salad/211944.jpg,6
images/donuts/2180293.jpg,19
images/cheese_plate/2377834.jpg,10
images/cannoli/3342578.jpg,7
images/cheese_plate/3250385.jpg,10
images/caprese_salad/2126332.jpg,8
images/foie_gras/2051110.jpg,25
images/beignets/137787.jpg,4
images/beignets/3907839.jpg,4
images/cheese_plate/1783888.jpg,10
images/cup_cakes/2646632.jpg,18
images/edamame/1937045.jpg,20
images/apple_pie/1897389.jpg,0
images/escargots/3141241.jpg,22
images/fish_and_chips/1524204.jpg,24
images/beef_carpaccio/3016842.jpg,2
images/baklava/1476979.jpg,1
images/club_sandwich/2241100.jpg,15
images/caesar_salad/747482.jpg,6
images/cheese_plate/1993646.jpg,10
images/french_fries/3524964.jpg,26
images/cheese_plate/1097462.jpg,10
images/chicken_wings/3352325.jpg,12
images/cheesecake/792249.jpg,11
images/fish_and_chips/1515359.jpg,24
images/crab_cakes/2266115.jpg,16
images/cannoli/3308008.jpg,7
images/beignets/559572.jpg,4
images/beef_carpaccio/1955920.jpg,2
images/donuts/59402.jpg,19
images/donuts/1875881.jpg,19
images/beef_carpaccio/2244585.jpg,2
images/chicken_wings/1491184.jpg,12
images/club_sandwich/3772634.jpg,15
images/eggs_benedict/1255385.jpg,21
images/beet_salad/1238992.jpg,3
images/churros/1367485.jpg,14
images/crab_cakes/702430.jpg,16
images/chicken_wings/3106111.jpg,12
images/club_sandwich/2481130.jpg,15
images/caesar_salad/2517125.jpg,6
images/fish_and_chips/1106451.jpg,24
images/french_fries/2215693.jpg,26
images/falafel/1920150.jpg,23
images/foie_gras/290738.jpg,25
images/cup_cakes/2387227.jpg,18
images/fish_and_chips/2172019.jpg,24
images/carrot_cake/3576299.jpg,9
images/beet_salad/3762962.jpg,3
images/cannoli/2734104.jpg,7
images/club_sandwich/3112917.jpg,15
images/cup_cakes/665426.jpg,18
images/creme_brulee/1274088.jpg,17
images/fish_and_chips/452498.jpg,24
images/crab_cakes/1930922.jpg,16
images/caesar_salad/3798145.jpg,6
images/edamame/2518418.jpg,20
images/baklava/3078639.jpg,1
images/beef_carpaccio/1931553.jpg,2
images/caprese_salad/3447161.jpg,8
images/baklava/1201501.jpg,1
images/carrot_cake/1000447.jpg,9
images/french_fries/2080959.jpg,26
images/apple_pie/839845.jpg,0
images/beignets/3632231.jpg,4
images/club_sandwich/1842761.jpg,15
images/eggs_benedict/3225306.jpg,21
images/carrot_cake/3608413.jpg,9
images/escargots/2097684.jpg,22
images/caprese_salad/944205.jpg,8
images/baklava/2231550.jpg,1
images/escargots/1965742.jpg,22
images/cheesecake/1339876.jpg,11
images/foie_gras/906146.jpg,25
images/eggs_benedict/1999683.jpg,21
images/cheese_plate/789459.jpg,10
images/bruschetta/2658207.jpg,5
images/beignets/1011780.jpg,4
images/cannoli/1102569.jpg,7
images/falafel/2323880.jpg,23
images/cup_cakes/3530532.jpg,18
images/donuts/3373744.jpg,19
images/edamame/1796753.jpg,20
images/donuts/510263.jpg,19
images/cheesecake/375486.jpg,11
images/fish_and_chips/1679927.jpg,24
images/beet_salad/2488468.jpg,3
images/beef_carpaccio/3845571.jpg,2
images/edamame/1149858.jpg,20
images/caprese_salad/3500735.jpg,8
images/club_sandwich/3183025.jpg,15
images/baklava/285000.jpg,1
images/foie_gras/1323211.jpg,25
images/baklava/3893624.jpg,1
images/fish_and_chips/2207374.jpg,24
images/eggs_benedict/3630033.jpg,21
images/caesar_salad/2278244.jpg,6
images/beet_salad/3031406.jpg,3
images/beignets/1692413.jpg,4
images/escargots/498949.jpg,22
images/fish_and_chips/885620.jpg,24
images/bruschetta/3888654.jpg,5
images/churros/373906.jpg,14
images/donuts/578284.jpg,19
images/escargots/3483051.jpg,22
images/caesar_salad/1158195.jpg,6
images/baklava/2818257.jpg,1
images/creme_brulee/2192218.jpg,17
images/carrot_cake/2772809.jpg,9
images/crab_cakes/3318358.jpg,16
images/baklava/290093.jpg,1
images/carrot_cake/4809.jpg,9
images/club_sandwich/915980.jpg,15
images/edamame/544423.jpg,20
images/beef_carpaccio/1075072.jpg,2
images/falafel/2035800.jpg,23
images/cup_cakes/917568.jpg,18
images/escargots/2064789.jpg,22
images/escargots/1062618.jpg,22
images/bruschetta/1043336.jpg,5
images/churros/358317.jpg,14
images/edamame/3379897.jpg,20
images/cheesecake/348712.jpg,11
images/baklava/3612615.jpg,1
images/beef_carpaccio/1811744.jpg,2
images/chicken_wings/386895.jpg,12
images/caprese_salad/3276463.jpg,8
images/cheesecake/1266010.jpg,11
images/caprese_salad/2972710.jpg,8
images/foie_gras/1376628.jpg,25
images/caprese_salad/806170.jpg,8
images/beignets/3138333.jpg,4
images/apple_pie/3068872.jpg,0
images/donuts/2848819.jpg,19
images/chocolate_cake/1970179.jpg,13
images/cup_cakes/672102.jpg,18
images/edamame/2512641.jpg,20
images/escargots/3138066.jpg,22
images/apple_pie/532019.jpg,0
images/fish_and_chips/2065591.jpg,24
images/chicken_wings/1827800.jpg,12
images/apple_pie/395303.jpg,0
images/beet_salad/1463692.jpg,3
images/foie_gras/2664921.jpg,25
images/baklava/155221.jpg,1
images/beef_carpaccio/473794.jpg,2
images/french_fries/783581.jpg,26
images/carrot_cake/52501.jpg,9
images/fish_and_chips/748205.jpg,24
images/beet_salad/9791.jpg,3
images/cannoli/2990354.jpg,7
images/eggs_benedict/2840758.jpg,21
images/beignets/3719219.jpg,4
images/eggs_benedict/2273236.jpg,21
images/chocolate_cake/357303.jpg,13
images/fish_and_chips/1243003.jpg,24
images/edamame/127594.jpg,20
images/donuts/639063.jpg,19
images/beet_salad/2003987.jpg,3
images/cup_cakes/3624968.jpg,18
images/cheese_plate/2195322.jpg,10
images/crab_cakes/610124.jpg,16
images/apple_pie/1214326.jpg,0
images/cup_cakes/1524720.jpg,18
images/creme_brulee/905471.jpg,17
images/churros/1972000.jpg,14
images/cannoli/343198.jpg,7
images/creme_brulee/723566.jpg,17
images/beet_salad/1969711.jpg,3
images/apple_pie/1756344.jpg,0
images/escargots/178602.jpg,22
images/apple_pie/110043.jpg,0
images/churros/2471002.jpg,14
images/chicken_wings/344307.jpg,12
images/donuts/1981582.jpg,19
images/cannoli/3382807.jpg,7
images/bruschetta/1668680.jpg,5
images/beet_salad/2758483.jpg,3
images/cup_cakes/2783830.jpg,18
images/creme_brulee/2090672.jpg,17
images/carrot_cake/661664.jpg,9
images/bruschetta/3387732.jpg,5
images/beef_carpaccio/499131.jpg,2
images/donuts/100576.jpg,19
images/cup_cakes/145418.jpg,18
images/beef_carpaccio/493030.jpg,2
images/cheese_plate/987958.jpg,10
images/bruschetta/1794078.jpg,5
images/crab_cakes/3534345.jpg,16
images/fish_and_chips/209780.jpg,24
images/beignets/775063.jpg,4
images/crab_cakes/2619635.jpg,16
images/churros/1067707.jpg,14
images/baklava/1086727.jpg,1
images/caesar_salad/1830575.jpg,6
images/beet_salad/1397523.jpg,3
images/eggs_benedict/2505874.jpg,21
images/churros/2130655.jpg,14
images/cheesecake/2227368.jpg,11
images/cup_cakes/1589407.jpg,18
images/foie_gras/3221179.jpg,25
images/creme_brulee/2520801.jpg,17
images/falafel/1536057.jpg,23
images/edamame/97859.jpg,20
images/cup_cakes/3424269.jpg,18
images/beef_carpaccio/2396673.jpg,2
images/carrot_cake/1517810.jpg,9
images/donuts/1536111.jpg,19
images/french_fries/1987068.jpg,26
images/beignets/976341.jpg,4
images/crab_cakes/2246252.jpg,16
images/chicken_wings/1621679.jpg,12
images/bruschetta/1409611.jpg,5
images/crab_cakes/1363929.jpg,16
images/beet_salad/1362701.jpg,3
images/baklava/2796430.jpg,1
images/caprese_salad/64608.jpg,8
images/carrot_cake/2069059.jpg,9
images/crab_cakes/760972.jpg,16
images/chicken_wings/348416.jpg,12
images/baklava/3224468.jpg,1
images/carrot_cake/1039348.jpg,9
images/caesar_salad/2262633.jpg,6
images/french_fries/1369116.jpg,26
images/cheesecake/3007024.jpg,11
images/baklava/1452465.jpg,1
images/escargots/3076940.jpg,22
images/cheesecake/3538930.jpg,11
images/creme_brulee/2818992.jpg,17
images/creme_brulee/2661416.jpg,17
images/foie_gras/2515216.jpg,25
images/french_fries/296611.jpg,26
images/cannoli/1066435.jpg,7
images/donuts/2160215.jpg,19
images/fish_and_chips/528885.jpg,24
images/bruschetta/2851413.jpg,5
images/baklava/1683261.jpg,1
images/cup_cakes/46500.jpg,18
images/chocolate_cake/961471.jpg,13
images/chicken_wings/168507.jpg,12
images/crab_cakes/2603136.jpg,16
images/edamame/288848.jpg,20
images/caesar_salad/1529400.jpg,6
images/beef_carpaccio/1248913.jpg,2
images/crab_cakes/3355719.jpg,16
images/eggs_benedict/2100117.jpg,21
images/churros/3303522.jpg,14
images/cheesecake/946930.jpg,11
images/churros/630801.jpg,14
images/cannoli/2157957.jpg,7
images/carrot_cake/1588685.jpg,9
images/donuts/901899.jpg,19
images/donuts/857351.jpg,19
images/escargots/2655103.jpg,22
images/cup_cakes/1712724.jpg,18
images/cannoli/1838183.jpg,7
images/apple_pie/3297976.jpg,0
images/cup_cakes/1152968.jpg,18
images/beet_salad/3357554.jpg,3
images/creme_brulee/1971124.jpg,17
images/escargots/3459901.jpg,22
images/apple_pie/3720779.jpg,0
images/falafel/1458925.jpg,23
images/edamame/508933.jpg,20
images/edamame/2588718.jpg,20
images/donuts/2893432.jpg,19
images/cup_cakes/2115228.jpg,18
images/chicken_wings/2219543.jpg,12
images/falafel/2239236.jpg,23
images/baklava/3801543.jpg,1
images/beignets/1172359.jpg,4
images/crab_cakes/3568823.jpg,16
images/fish_and_chips/1147880.jpg,24
images/cup_cakes/185802.jpg,18
images/churros/1143913.jpg,14
images/donuts/2774459.jpg,19
images/baklava/678242.jpg,1
images/cannoli/2181827.jpg,7
images/edamame/2291332.jpg,20
images/edamame/2268623.jpg,20
images/creme_brulee/1940227.jpg,17
images/crab_cakes/3366799.jpg,16
images/churros/2136119.jpg,14
images/bruschetta/754320.jpg,5
images/donuts/878.jpg,19
images/caprese_salad/1561924.jpg,8
images/beet_salad/335244.jpg,3
images/beef_carpaccio/3186071.jpg,2
images/baklava/3492633.jpg,1
images/caprese_salad/1445217.jpg,8
images/foie_gras/2788085.jpg,25
images/french_fries/2369424.jpg,26
images/club_sandwich/2849661.jpg,15
images/chicken_wings/1913509.jpg,12
images/carrot_cake/558712.jpg,9
images/caesar_salad/1186415.jpg,6
images/cheesecake/3222698.jpg,11
images/cup_cakes/1481776.jpg,18
images/french_fries/212348.jpg,26
images/cheesecake/597218.jpg,11
images/cup_cakes/973633.jpg,18
images/apple_pie/3191226.jpg,0
images/cup_cakes/451074.jpg,18
images/bruschetta/1866967.jpg,5
images/bruschetta/1937695.jpg,5
images/caesar_salad/1011441.jpg,6
images/cheese_plate/3717006.jpg,10
images/fish_and_chips/1086970.jpg,24
images/apple_pie/2869633.jpg,0
images/caprese_salad/339018.jpg,8
images/bruschetta/3080699.jpg,5
images/apple_pie/2335873.jpg,0
images/chicken_wings/324036.jpg,12
images/donuts/1555893.jpg,19
images/club_sandwich/703445.jpg,15
images/creme_brulee/1468038.jpg,17
images/chicken_wings/263727.jpg,12
images/carrot_cake/3603179.jpg,9
images/chocolate_cake/1291608.jpg,13
images/apple_pie/412545.jpg,0
images/beignets/1826746.jpg,4
images/falafel/1207823.jpg,23
images/foie_gras/2949484.jpg,25
images/french_fries/1438129.jpg,26
images/cup_cakes/936732.jpg,18
images/escargots/3025784.jpg,22
images/cheesecake/1096018.jpg,11
images/chicken_wings/1398733.jpg,12
images/club_sandwich/2147640.jpg,15
images/chocolate_cake/2813271.jpg,13
images/cannoli/2568984.jpg,7
images/eggs_benedict/3489362.jpg,21
images/eggs_benedict/833954.jpg,21
images/creme_brulee/1524824.jpg,17
images/eggs_benedict/1793405.jpg,21
images/cheesecake/3323032.jpg,11
images/chocolate_cake/3104030.jpg,13
images/escargots/585973.jpg,22
images/caesar_salad/3704650.jpg,6
images/baklava/2667425.jpg,1
images/french_fries/2314805.jpg,26
images/beignets/3662475.jpg,4
images/fish_and_chips/1393401.jpg,24
images/caesar_salad/1622045.jpg,6
images/caprese_salad/1453554.jpg,8
images/cannoli/2319949.jpg,7
images/eggs_benedict/2792452.jpg,21
images/chicken_wings/2534537.jpg,12
images/crab_cakes/1172387.jpg,16
images/edamame/903370.jpg,20
images/apple_pie/3420738.jpg,0
images/bruschetta/1562000.jpg,5
images/caesar_salad/2484274.jpg,6
images/beet_salad/2860781.jpg,3
images/churros/3431480.jpg,14
images/caesar_salad/2123942.jpg,6
images/eggs_benedict/3829542.jpg,21
images/edamame/3371332.jpg,20
images/creme_brulee/3830338.jpg,17
images/cheesecake/3138818.jpg,11
images/bruschetta/1147497.jpg,5
images/cheese_plate/2620233.jpg,10
images/churros/3879869.jpg,14
images/chocolate_cake/333377.jpg,13
images/edamame/3920329.jpg,20
images/apple_pie/1428585.jpg,0
images/beignets/1896919.jpg,4
images/cannoli/3803772.jpg,7
images/fish_and_chips/2415083.jpg,24
images/bruschetta/3462434.jpg,5
images/apple_pie/1596752.jpg,0
images/edamame/2416730.jpg,20
images/french_fries/2879174.jpg,26
images/falafel/3354417.jpg,23
images/cup_cakes/1749584.jpg,18
images/cannoli/1340566.jpg,7
images/beet_salad/121088.jpg,3
images/foie_gras/3176822.jpg,25
images/fish_and_chips/3528990.jpg,24
images/eggs_benedict/1839097.jpg,21
images/baklava/593001.jpg,1
images/caprese_salad/2385679.jpg,8
images/cheese_plate/2251939.jpg,10
images/beef_carpaccio/3034703.jpg,2
images/baklava/1927466.jpg,1
images/french_fries/1538500.jpg,26
images/bruschetta/1178901.jpg,5
images/cheesecake/1810204.jpg,11
images/cup_cakes/1703900.jpg,18
images/foie_gras/649736.jpg,25
images/apple_pie/3879031.jpg,0
images/baklava/1024334.jpg,1
images/carrot_cake/1079587.jpg,9
images/edamame/1255500.jpg,20
images/club_sandwich/1471420.jpg,15
images/baklava/129478.jpg,1
images/escargots/1060453.jpg,22
images/french_fries/397794.jpg,26
images/falafel/2505830.jpg,23
images/apple_pie/1077964.jpg,0
images/apple_pie/2812998.jpg,0
images/crab_cakes/2018057.jpg,16
images/chicken_wings/2954234.jpg,12
images/caprese_salad/2206097.jpg,8
images/donuts/3231475.jpg,19
images/cheesecake/2575885.jpg,11
images/churros/1982291.jpg,14
images/cannoli/1313520.jpg,7
images/cannoli/853385.jpg,7
images/french_fries/85375.jpg,26
images/donuts/676737.jpg,19
images/caesar_salad/1674298.jpg,6
images/donuts/677801.jpg,19
images/caprese_salad/1268747.jpg,8
images/cup_cakes/2941496.jpg,18
images/cup_cakes/998317.jpg,18
images/caprese_salad/2082783.jpg,8
images/cup_cakes/474400.jpg,18
images/caprese_salad/3741983.jpg,8
images/fish_and_chips/535559.jpg,24
images/edamame/2293007.jpg,20
images/caprese_salad/1993388.jpg,8
images/caprese_salad/2358455.jpg,8
images/eggs_benedict/2616250.jpg,21
images/chocolate_cake/3308859.jpg,13
images/baklava/2751927.jpg,1
images/bruschetta/1837498.jpg,5
images/carrot_cake/2207338.jpg,9
images/eggs_benedict/2375175.jpg,21
images/bruschetta/2871077.jpg,5
images/chocolate_cake/89087.jpg,13
images/cup_cakes/931564.jpg,18
images/apple_pie/867502.jpg,0
images/eggs_benedict/2685121.jpg,21
images/caprese_salad/446601.jpg,8
images/caesar_salad/75835.jpg,6
images/caprese_salad/734130.jpg,8
images/fish_and_chips/2572330.jpg,24
images/caprese_salad/3256623.jpg,8
images/cup_cakes/3709681.jpg,18
images/foie_gras/2212838.jpg,25
images/cheesecake/2522807.jpg,11
images/french_fries/3311203.jpg,26
images/churros/3268704.jpg,14
images/foie_gras/1724177.jpg,25
images/escargots/1385312.jpg,22
images/cheesecake/385675.jpg,11
images/bruschetta/3312966.jpg,5
images/club_sandwich/142623.jpg,15
images/cheesecake/698205.jpg,11
images/falafel/2841738.jpg,23
images/cheesecake/3752667.jpg,11
images/carrot_cake/2862478.jpg,9
images/foie_gras/141235.jpg,25
images/creme_brulee/1629090.jpg,17
images/beignets/3498648.jpg,4
images/fish_and_chips/3330276.jpg,24
images/foie_gras/3196591.jpg,25
images/cheesecake/2656.jpg,11
images/donuts/2525577.jpg,19
images/baklava/2325340.jpg,1
images/cheesecake/3812242.jpg,11
images/escargots/2856899.jpg,22
images/cheesecake/186309.jpg,11
images/bruschetta/2669291.jpg,5
images/french_fries/2293554.jpg,26
images/crab_cakes/1163217.jpg,16
images/cannoli/3832416.jpg,7
images/beignets/1365310.jpg,4
images/cup_cakes/2544778.jpg,18
images/french_fries/3794090.jpg,26
images/escargots/2524747.jpg,22
images/cheesecake/2555966.jpg,11
images/carrot_cake/3348258.jpg,9
images/falafel/460071.jpg,23
images/chicken_wings/161080.jpg,12
images/falafel/1455338.jpg,23
images/foie_gras/1403839.jpg,25
images/fish_and_chips/2410642.jpg,24
images/beet_salad/2855286.jpg,3
images/escargots/3898019.jpg,22
images/apple_pie/3027601.jpg,0
images/beef_carpaccio/2072199.jpg,2
images/cheese_plate/3769611.jpg,10
images/cheese_plate/1728804.jpg,10
images/apple_pie/2914000.jpg,0
images/french_fries/2979208.jpg,26
images/club_sandwich/2584554.jpg,15
images/churros/1745397.jpg,14
images/baklava/3444445.jpg,1
images/eggs_benedict/2492820.jpg,21
images/falafel/1199841.jpg,23
images/cup_cakes/2740873.jpg,18
images/falafel/689321.jpg,23
images/chocolate_cake/2592093.jpg,13
images/churros/1974722.jpg,14
images/caesar_salad/3174757.jpg,6
images/caesar_salad/3716169.jpg,6
images/baklava/3572187.jpg,1
images/beignets/244724.jpg,4
images/beet_salad/3668972.jpg,3
images/crab_cakes/245179.jpg,16
images/chicken_wings/2431919.jpg,12
images/edamame/555583.jpg,20
images/beignets/1545060.jpg,4
images/falafel/3860018.jpg,23
images/foie_gras/1977918.jpg,25
images/caprese_salad/924234.jpg,8
images/chicken_wings/654656.jpg,12
images/beef_carpaccio/670352.jpg,2
images/chocolate_cake/3121206.jpg,13
images/bruschetta/3077759.jpg,5
images/cheesecake/3277562.jpg,11
images/eggs_benedict/1726050.jpg,21
images/donuts/1858453.jpg,19
images/escargots/3769858.jpg,22
images/beef_carpaccio/3033402.jpg,2
images/chocolate_cake/298665.jpg,13
images/chicken_wings/1069618.jpg,12
images/carrot_cake/555261.jpg,9
images/foie_gras/6012.jpg,25
images/churros/2484407.jpg,14
images/cup_cakes/910018.jpg,18
images/edamame/3043840.jpg,20
images/churros/1594256.jpg,14
images/donuts/165928.jpg,19
images/foie_gras/196771.jpg,25
images/carrot_cake/569667.jpg,9
images/french_fries/204100.jpg,26
images/caprese_salad/3273389.jpg,8
images/eggs_benedict/1308218.jpg,21
images/beet_salad/3633290.jpg,3
images/apple_pie/1725747.jpg,0
images/cannoli/2055148.jpg,7
images/carrot_cake/489894.jpg,9
images/beet_salad/3142725.jpg,3
images/carrot_cake/1283821.jpg,9
images/chicken_wings/191800.jpg,12
images/beignets/3801021.jpg,4
images/donuts/1387748.jpg,19
images/donuts/61924.jpg,19
images/falafel/2765773.jpg,23
images/club_sandwich/775732.jpg,15
images/beet_salad/1380465.jpg,3
images/creme_brulee/272501.jpg,17
images/creme_brulee/2192512.jpg,17
images/caprese_salad/1527917.jpg,8
images/french_fries/3830442.jpg,26
images/bruschetta/1346725.jpg,5
images/caprese_salad/1138747.jpg,8
images/donuts/196578.jpg,19
images/bruschetta/2874352.jpg,5
images/creme_brulee/2651770.jpg,17
images/cannoli/2223927.jpg,7
images/donuts/719689.jpg,19
images/beef_carpaccio/1531807.jpg,2
images/carrot_cake/3020642.jpg,9
images/fish_and_chips/2722366.jpg,24
images/club_sandwich/3198987.jpg,15
images/apple_pie/3385074.jpg,0
images/donuts/1337588.jpg,19
images/chicken_wings/3416673.jpg,12
images/chicken_wings/1285172.jpg,12
images/chocolate_cake/3509890.jpg,13
images/foie_gras/3700505.jpg,25
images/caprese_salad/2358894.jpg,8
images/cheese_plate/681990.jpg,10
images/chocolate_cake/2972887.jpg,13
images/chicken_wings/1220851.jpg,12
images/edamame/179111.jpg,20
images/chocolate_cake/457220.jpg,13
images/creme_brulee/973800.jpg,17
images/chocolate_cake/2298836.jpg,13
images/escargots/3326299.jpg,22
images/escargots/136385.jpg,22
images/cup_cakes/1301171.jpg,18
images/apple_pie/954830.jpg,0
images/churros/2956369.jpg,14
images/apple_pie/3570483.jpg,0
images/apple_pie/438094.jpg,0
images/apple_pie/3240840.jpg,0
images/beignets/2002844.jpg,4
images/fish_and_chips/1568739.jpg,24
images/cannoli/1117038.jpg,7
images/beet_salad/513296.jpg,3
images/crab_cakes/2998228.jpg,16
images/cannoli/1070382.jpg,7
images/beignets/2510844.jpg,4
images/cup_cakes/561841.jpg,18
images/club_sandwich/515887.jpg,15
images/beignets/3851149.jpg,4
images/beignets/3068286.jpg,4
images/creme_brulee/611368.jpg,17
images/caprese_salad/417809.jpg,8
images/cannoli/1262807.jpg,7
images/apple_pie/80734.jpg,0
images/beignets/1557151.jpg,4
images/carrot_cake/3149282.jpg,9
images/falafel/3620571.jpg,23
images/caprese_salad/3684642.jpg,8
images/escargots/1351708.jpg,22
images/carrot_cake/2681158.jpg,9
images/french_fries/1767923.jpg,26
images/eggs_benedict/300233.jpg,21
images/caprese_salad/2071987.jpg,8
images/carrot_cake/559564.jpg,9
images/churros/2151935.jpg,14
images/caprese_salad/704536.jpg,8
images/beet_salad/3484902.jpg,3
images/escargots/2497647.jpg,22
images/club_sandwich/102996.jpg,15
images/escargots/3872378.jpg,22
images/cup_cakes/3233658.jpg,18
images/chicken_wings/3334666.jpg,12
images/french_fries/3499831.jpg,26
images/beet_salad/1468927.jpg,3
images/churros/1103507.jpg,14
images/beef_carpaccio/3344113.jpg,2
images/caesar_salad/2432471.jpg,6
images/escargots/227790.jpg,22
images/crab_cakes/2395927.jpg,16
images/club_sandwich/1536205.jpg,15
images/cannoli/1876275.jpg,7
images/cannoli/1779338.jpg,7
images/baklava/2428012.jpg,1
images/fish_and_chips/609576.jpg,24
images/chicken_wings/3549585.jpg,12
images/edamame/1991706.jpg,20
images/apple_pie/2968812.jpg,0
images/eggs_benedict/2249036.jpg,21
images/cup_cakes/1262406.jpg,18
images/french_fries/1221000.jpg,26
images/beet_salad/2107741.jpg,3
images/beignets/2783696.jpg,4
images/caesar_salad/869919.jpg,6
images/escargots/2799106.jpg,22
images/beignets/1437487.jpg,4
images/crab_cakes/1499085.jpg,16
images/eggs_benedict/3070920.jpg,21
images/chicken_wings/878664.jpg,12
images/club_sandwich/424680.jpg,15
images/crab_cakes/1570303.jpg,16
images/cannoli/3707125.jpg,7
images/beef_carpaccio/498896.jpg,2
images/cup_cakes/344318.jpg,18
images/escargots/87500.jpg,22
images/french_fries/2227296.jpg,26
images/carrot_cake/1979077.jpg,9
images/fish_and_chips/1222459.jpg,24
images/caesar_salad/3029197.jpg,6
images/beet_salad/35947.jpg,3
images/escargots/2318684.jpg,22
images/creme_brulee/2311215.jpg,17
images/crab_cakes/2596782.jpg,16
images/churros/3052940.jpg,14
images/caprese_salad/1359962.jpg,8
images/edamame/2597469.jpg,20
images/crab_cakes/557189.jpg,16
images/carrot_cake/3325802.jpg,9
images/french_fries/3714377.jpg,26
images/churros/1385201.jpg,14
images/caprese_salad/2856090.jpg,8
images/baklava/1234552.jpg,1
images/falafel/2260967.jpg,23
images/french_fries/2763839.jpg,26
images/chocolate_cake/2675786.jpg,13
images/edamame/3400678.jpg,20
images/fish_and_chips/388087.jpg,24
images/caprese_salad/1639585.jpg,8
images/cup_cakes/2443581.jpg,18
images/cheesecake/263202.jpg,11
images/eggs_benedict/115776.jpg,21
images/chocolate_cake/51412.jpg,13
images/creme_brulee/2374110.jpg,17
images/caesar_salad/2700959.jpg,6
images/cup_cakes/348246.jpg,18
images/churros/514833.jpg,14
images/crab_cakes/3797757.jpg,16
images/baklava/2956954.jpg,1
images/churros/3475827.jpg,14
images/donuts/3350753.jpg,19
images/fish_and_chips/2364171.jpg,24
images/foie_gras/178514.jpg,25
images/falafel/3225585.jpg,23
images/eggs_benedict/211575.jpg,21
images/apple_pie/2130269.jpg,0
images/escargots/1485640.jpg,22
images/falafel/3086998.jpg,23
images/churros/157855.jpg,14
images/cup_cakes/2720480.jpg,18
images/caprese_salad/96812.jpg,8
images/cup_cakes/833854.jpg,18
images/beef_carpaccio/1926900.jpg,2
images/caesar_salad/156355.jpg,6
images/cheese_plate/654994.jpg,10
images/donuts/605523.jpg,19
images/french_fries/3745147.jpg,26
images/beef_carpaccio/2438438.jpg,2
images/beignets/1619950.jpg,4
images/cup_cakes/3160942.jpg,18
images/fish_and_chips/67185.jpg,24
images/cheese_plate/312447.jpg,10
images/beef_carpaccio/3669360.jpg,2
images/escargots/1020134.jpg,22
images/edamame/2725362.jpg,20
images/french_fries/2672237.jpg,26
images/cheesecake/577533.jpg,11
images/beef_carpaccio/1894239.jpg,2
images/eggs_benedict/665311.jpg,21
images/cheese_plate/2069965.jpg,10
images/caprese_salad/155105.jpg,8
images/fish_and_chips/3595951.jpg,24
images/cheesecake/3530691.jpg,11
images/beignets/615373.jpg,4
images/cheese_plate/1548930.jpg,10
images/beet_salad/581378.jpg,3
images/churros/254472.jpg,14
images/beef_carpaccio/2786805.jpg,2
images/chocolate_cake/719834.jpg,13
images/club_sandwich/1411148.jpg,15
images/club_sandwich/783467.jpg,15
images/carrot_cake/2509268.jpg,9
images/edamame/590923.jpg,20
images/bruschetta/634519.jpg,5
images/escargots/2521670.jpg,22
images/apple_pie/64846.jpg,0
images/beet_salad/493983.jpg,3
images/fish_and_chips/3787360.jpg,24
images/chicken_wings/155768.jpg,12
images/bruschetta/2618539.jpg,5
images/foie_gras/1830252.jpg,25
images/beef_carpaccio/684881.jpg,2
images/cheesecake/2371857.jpg,11
images/apple_pie/1284428.jpg,0
images/churros/879361.jpg,14
images/apple_pie/2766725.jpg,0
images/eggs_benedict/535645.jpg,21
images/caprese_salad/605256.jpg,8
images/chocolate_cake/2934333.jpg,13
images/beet_salad/2084526.jpg,3
images/french_fries/391896.jpg,26
images/baklava/2553456.jpg,1
images/apple_pie/2553659.jpg,0
images/crab_cakes/1337339.jpg,16
images/escargots/1220730.jpg,22
images/donuts/1358941.jpg,19
images/cheese_plate/146995.jpg,10
images/cheesecake/2522718.jpg,11
images/fish_and_chips/2003242.jpg,24
images/crab_cakes/1303344.jpg,16
images/beignets/2155254.jpg,4
images/falafel/2322834.jpg,23
images/carrot_cake/1436835.jpg,9
images/escargots/1862635.jpg,22
images/donuts/1404889.jpg,19
images/edamame/1585514.jpg,20
images/falafel/815648.jpg,23
images/club_sandwich/2492020.jpg,15
images/creme_brulee/3922389.jpg,17
images/edamame/3519713.jpg,20
images/eggs_benedict/1354469.jpg,21
images/caprese_salad/2832131.jpg,8
images/falafel/1917888.jpg,23
images/apple_pie/456934.jpg,0
images/apple_pie/833369.jpg,0
images/french_fries/411918.jpg,26
images/chocolate_cake/3549393.jpg,13
images/club_sandwich/3092764.jpg,15
images/bruschetta/454483.jpg,5
images/cheesecake/2438253.jpg,11
images/crab_cakes/868783.jpg,16
images/crab_cakes/801586.jpg,16
images/club_sandwich/72013.jpg,15
images/beignets/473851.jpg,4
images/french_fries/1709793.jpg,26
images/beignets/2564667.jpg,4
images/beef_carpaccio/1507660.jpg,2
images/escargots/868642.jpg,22
images/cheese_plate/2427795.jpg,10
images/fish_and_chips/1995729.jpg,24
images/beignets/145984.jpg,4
images/donuts/2965797.jpg,19
images/eggs_benedict/1984428.jpg,21
images/french_fries/3252577.jpg,26
images/apple_pie/1944962.jpg,0
images/crab_cakes/1464220.jpg,16
images/baklava/2494926.jpg,1
images/bruschetta/914804.jpg,5
images/foie_gras/1872258.jpg,25
images/crab_cakes/1324558.jpg,16
images/caprese_salad/2513401.jpg,8
images/crab_cakes/2085522.jpg,16
images/caprese_salad/1450240.jpg,8
images/cheese_plate/1783172.jpg,10
images/crab_cakes/2526704.jpg,16
images/escargots/1045230.jpg,22
images/chocolate_cake/3241522.jpg,13
images/foie_gras/1146263.jpg,25
images/cheesecake/2750303.jpg,11
images/donuts/1170953.jpg,19
images/beignets/3760780.jpg,4
images/bruschetta/696118.jpg,5
images/cannoli/1272476.jpg,7
images/creme_brulee/512955.jpg,17
images/club_sandwich/1632935.jpg,15
images/chicken_wings/1045331.jpg,12
images/creme_brulee/2055303.jpg,17
images/french_fries/2246621.jpg,26
images/beet_salad/2442954.jpg,3
images/foie_gras/59910.jpg,25
images/fish_and_chips/1285225.jpg,24
images/chocolate_cake/1847512.jpg,13
images/cannoli/3866152.jpg,7
images/cheesecake/3606131.jpg,11
images/cheese_plate/3636851.jpg,10
images/beef_carpaccio/2742158.jpg,2
images/club_sandwich/1911266.jpg,15
images/french_fries/889641.jpg,26
images/beignets/2628639.jpg,4
images/chicken_wings/804971.jpg,12
images/baklava/1326926.jpg,1
images/cannoli/3452001.jpg,7
images/bruschetta/2107336.jpg,5
images/churros/3210666.jpg,14
images/cannoli/1525281.jpg,7
images/beef_carpaccio/3418483.jpg,2
images/chocolate_cake/716703.jpg,13
images/apple_pie/236966.jpg,0
images/foie_gras/180893.jpg,25
images/donuts/212751.jpg,19
images/creme_brulee/918961.jpg,17
images/falafel/119752.jpg,23
images/baklava/424574.jpg,1
images/chicken_wings/2511484.jpg,12
images/crab_cakes/2135224.jpg,16
images/beef_carpaccio/1523305.jpg,2
images/edamame/298551.jpg,20
images/bruschetta/2627391.jpg,5
images/creme_brulee/2284781.jpg,17
images/beef_carpaccio/2449374.jpg,2
images/beignets/89081.jpg,4
images/cannoli/1859511.jpg,7
images/club_sandwich/1658564.jpg,15
images/caprese_salad/1082997.jpg,8
images/beet_salad/2708780.jpg,3
images/crab_cakes/3618312.jpg,16
images/foie_gras/3047098.jpg,25
images/beef_carpaccio/158620.jpg,2
images/chocolate_cake/2552704.jpg,13
images/cup_cakes/1333324.jpg,18
images/chocolate_cake/3509196.jpg,13
images/beet_salad/1067687.jpg,3
images/cheesecake/1055684.jpg,11
images/carrot_cake/2746739.jpg,9
images/caesar_salad/2540421.jpg,6
images/cannoli/1266692.jpg,7
images/chocolate_cake/577717.jpg,13
images/escargots/1650279.jpg,22
images/club_sandwich/2033071.jpg,15
images/cheese_plate/260391.jpg,10
images/falafel/484911.jpg,23
images/cannoli/2833622.jpg,7
images/apple_pie/2601590.jpg,0
images/beignets/2128508.jpg,4
images/foie_gras/1191037.jpg,25
images/creme_brulee/2965655.jpg,17
images/french_fries/756143.jpg,26
images/baklava/700900.jpg,1
images/cheesecake/2360832.jpg,11
images/club_sandwich/3622529.jpg,15
images/edamame/2335508.jpg,20
images/cannoli/20077.jpg,7
images/beignets/2918170.jpg,4
images/donuts/4919.jpg,19
images/creme_brulee/2483715.jpg,17
images/creme_brulee/1958256.jpg,17
images/edamame/1095272.jpg,20
images/beet_salad/263123.jpg,3
images/crab_cakes/30723.jpg,16
images/eggs_benedict/82692.jpg,21
images/baklava/3172967.jpg,1
images/creme_brulee/2669887.jpg,17
images/chocolate_cake/454725.jpg,13
images/caprese_salad/3605918.jpg,8
images/falafel/713671.jpg,23
images/crab_cakes/2223650.jpg,16
images/cheesecake/3660758.jpg,11
images/chicken_wings/123717.jpg,12
images/eggs_benedict/3322524.jpg,21
images/foie_gras/1790526.jpg,25
images/escargots/1318814.jpg,22
images/churros/968913.jpg,14
images/falafel/3348551.jpg,23
images/club_sandwich/1437550.jpg,15
images/beef_carpaccio/135485.jpg,2
images/french_fries/2497101.jpg,26
images/beef_carpaccio/1742687.jpg,2
images/beignets/2350619.jpg,4
images/beignets/557175.jpg,4
images/escargots/2697511.jpg,22
images/chocolate_cake/2445389.jpg,13
images/churros/2149879.jpg,14
images/cheese_plate/203071.jpg,10
images/caesar_salad/218130.jpg,6
images/creme_brulee/678554.jpg,17
images/fish_and_chips/3728426.jpg,24
images/cup_cakes/1551085.jpg,18
images/bruschetta/1484759.jpg,5
images/churros/1476262.jpg,14
images/chocolate_cake/333281.jpg,13
images/cheese_plate/878935.jpg,10
images/falafel/1773571.jpg,23
images/cheese_plate/3401246.jpg,10
images/foie_gras/2153910.jpg,25
images/escargots/948345.jpg,22
images/caesar_salad/2162116.jpg,6
images/donuts/2125955.jpg,19
images/caesar_salad/328441.jpg,6
images/chicken_wings/1744078.jpg,12
images/cheese_plate/1758358.jpg,10
images/club_sandwich/2361985.jpg,15
images/caprese_salad/1193574.jpg,8
images/churros/1656185.jpg,14
images/chocolate_cake/2241768.jpg,13
images/baklava/1390709.jpg,1
images/cheesecake/2229007.jpg,11
images/club_sandwich/621844.jpg,15
images/caprese_salad/1782175.jpg,8
images/french_fries/1101970.jpg,26
images/chicken_wings/3731812.jpg,12
images/bruschetta/1974546.jpg,5
images/churros/3885949.jpg,14
images/eggs_benedict/900631.jpg,21
images/falafel/2715739.jpg,23
images/cheese_plate/2094531.jpg,10
images/apple_pie/118237.jpg,0
images/cheese_plate/3694050.jpg,10
images/french_fries/3569228.jpg,26
images/french_fries/20215.jpg,26
images/caprese_salad/2358715.jpg,8
images/escargots/2360176.jpg,22
images/bruschetta/424432.jpg,5
images/foie_gras/304159.jpg,25
images/foie_gras/1232188.jpg,25
images/beignets/760694.jpg,4
images/beignets/2390348.jpg,4
images/falafel/2977898.jpg,23
images/chocolate_cake/2933353.jpg,13
images/beef_carpaccio/3216827.jpg,2
images/carrot_cake/3336856.jpg,9
images/cannoli/1509308.jpg,7
images/caesar_salad/1904729.jpg,6
images/foie_gras/1066602.jpg,25
images/caprese_salad/268178.jpg,8
images/beignets/38003.jpg,4
images/french_fries/3323039.jpg,26
images/beignets/326624.jpg,4
images/apple_pie/1580276.jpg,0
images/creme_brulee/2569067.jpg,17
images/beef_carpaccio/2214648.jpg,2
images/eggs_benedict/1674811.jpg,21
images/cheese_plate/1802583.jpg,10
images/caprese_salad/3780467.jpg,8
images/escargots/700577.jpg,22
images/foie_gras/3693434.jpg,25
images/beef_carpaccio/3040322.jpg,2
images/eggs_benedict/2870584.jpg,21
images/falafel/3491984.jpg,23
images/foie_gras/1560244.jpg,25
images/churros/3750189.jpg,14
images/escargots/3668399.jpg,22
images/baklava/892531.jpg,1
images/chicken_wings/221403.jpg,12
images/carrot_cake/3767582.jpg,9
images/carrot_cake/1498947.jpg,9
images/beignets/1595540.jpg,4
images/falafel/575316.jpg,23
images/churros/3442649.jpg,14
images/eggs_benedict/3552146.jpg,21
images/churros/1348657.jpg,14
images/crab_cakes/2045030.jpg,16
images/caprese_salad/2802278.jpg,8
images/bruschetta/1881773.jpg,5
images/apple_pie/817552.jpg,0
images/cheesecake/425913.jpg,11
images/donuts/1663053.jpg,19
images/crab_cakes/2646929.jpg,16
images/chocolate_cake/26582.jpg,13
images/eggs_benedict/750612.jpg,21
images/crab_cakes/199487.jpg,16
images/donuts/3152316.jpg,19
images/cup_cakes/2518553.jpg,18
images/carrot_cake/66894.jpg,9
images/caprese_salad/2756777.jpg,8
images/cheese_plate/1876040.jpg,10
images/chocolate_cake/2012445.jpg,13
images/cheesecake/257369.jpg,11
images/fish_and_chips/2689020.jpg,24
images/carrot_cake/1822564.jpg,9
images/chicken_wings/500028.jpg,12
images/beignets/726875.jpg,4
images/chocolate_cake/86945.jpg,13
images/caprese_salad/103421.jpg,8
images/chocolate_cake/2312305.jpg,13
images/cheese_plate/1576289.jpg,10
images/caprese_salad/2260062.jpg,8
images/chicken_wings/1650997.jpg,12
images/escargots/3221300.jpg,22
images/beet_salad/3345281.jpg,3
images/eggs_benedict/3700757.jpg,21
images/churros/2462932.jpg,14
images/donuts/394244.jpg,19
images/apple_pie/3495444.jpg,0
images/edamame/3228776.jpg,20
images/chicken_wings/1607017.jpg,12
images/creme_brulee/1593430.jpg,17
images/beet_salad/1094628.jpg,3
images/beet_salad/2841442.jpg,3
images/club_sandwich/3511034.jpg,15
images/escargots/3340369.jpg,22
images/french_fries/1969264.jpg,26
images/eggs_benedict/1524263.jpg,21
images/beet_salad/3134694.jpg,3
images/carrot_cake/3249987.jpg,9
images/cup_cakes/3539259.jpg,18
images/carrot_cake/787978.jpg,9
images/carrot_cake/2309710.jpg,9
images/falafel/2503462.jpg,23
images/apple_pie/3563222.jpg,0
images/bruschetta/3240599.jpg,5
images/french_fries/2649729.jpg,26
images/beef_carpaccio/1350256.jpg,2
images/edamame/2155728.jpg,20
images/churros/2360308.jpg,14
images/escargots/2853993.jpg,22
images/beet_salad/3719614.jpg,3
images/churros/1141049.jpg,14
images/french_fries/2858185.jpg,26
images/bruschetta/60262.jpg,5
images/chocolate_cake/576933.jpg,13
images/eggs_benedict/1101354.jpg,21
images/donuts/58403.jpg,19
images/crab_cakes/3656588.jpg,16
images/cheese_plate/1648096.jpg,10
images/apple_pie/3553736.jpg,0
images/falafel/1600976.jpg,23
images/chicken_wings/3576278.jpg,12
images/crab_cakes/733181.jpg,16
images/bruschetta/2254701.jpg,5
images/cheese_plate/1779901.jpg,10
images/beef_carpaccio/303851.jpg,2
images/carrot_cake/2750597.jpg,9
images/chicken_wings/1617605.jpg,12
images/escargots/1885991.jpg,22
images/beef_carpaccio/3323355.jpg,2
images/caesar_salad/848004.jpg,6
images/beignets/2470535.jpg,4
images/club_sandwich/2931843.jpg,15
images/french_fries/778600.jpg,26
images/french_fries/2941901.jpg,26
images/edamame/1186102.jpg,20
images/donuts/488795.jpg,19
images/beet_salad/3915140.jpg,3
images/cheese_plate/1207807.jpg,10
images/crab_cakes/2611772.jpg,16
images/baklava/1806696.jpg,1
images/cheesecake/1919594.jpg,11
images/chicken_wings/3406183.jpg,12
images/eggs_benedict/1502547.jpg,21
images/foie_gras/141979.jpg,25
images/crab_cakes/3531086.jpg,16
images/cheesecake/2409232.jpg,11
images/club_sandwich/977733.jpg,15
images/cannoli/2266200.jpg,7
images/carrot_cake/207843.jpg,9
images/cheese_plate/1913145.jpg,10
images/cheesecake/704155.jpg,11
images/bruschetta/1706798.jpg,5
images/cup_cakes/718241.jpg,18
images/cheese_plate/2922026.jpg,10
images/cup_cakes/488955.jpg,18
images/beef_carpaccio/2710566.jpg,2
images/caprese_salad/2403666.jpg,8
images/cheese_plate/1952846.jpg,10
images/club_sandwich/2769709.jpg,15
images/donuts/2498369.jpg,19
images/chicken_wings/2361082.jpg,12
images/bruschetta/891236.jpg,5
images/chicken_wings/190706.jpg,12
images/beet_salad/3864622.jpg,3
images/cheese_plate/2224078.jpg,10
images/carrot_cake/3193142.jpg,9
images/cheesecake/309792.jpg,11
images/caesar_salad/2071824.jpg,6
images/chicken_wings/3102472.jpg,12
images/baklava/1414588.jpg,1
images/chocolate_cake/3457461.jpg,13
images/chocolate_cake/3327904.jpg,13
images/cheese_plate/3162062.jpg,10
images/club_sandwich/548219.jpg,15
images/eggs_benedict/586142.jpg,21
images/baklava/1645909.jpg,1
images/apple_pie/2012973.jpg,0
images/donuts/882167.jpg,19
images/escargots/2008471.jpg,22
images/donuts/2254119.jpg,19
images/cheesecake/483821.jpg,11
images/bruschetta/1699178.jpg,5
images/baklava/2028827.jpg,1
images/apple_pie/3505644.jpg,0
images/cup_cakes/315135.jpg,18
images/eggs_benedict/3757450.jpg,21
images/beignets/2249116.jpg,4
images/beef_carpaccio/132139.jpg,2
images/cannoli/2985044.jpg,7
images/caprese_salad/962636.jpg,8
images/apple_pie/3890705.jpg,0
images/cheesecake/2527203.jpg,11
images/churros/604373.jpg,14
images/cup_cakes/526802.jpg,18
images/cup_cakes/169107.jpg,18
images/chicken_wings/3099022.jpg,12
images/donuts/523454.jpg,19
images/donuts/2199685.jpg,19
images/chocolate_cake/482110.jpg,13
images/cup_cakes/2590269.jpg,18
images/cup_cakes/3586632.jpg,18
images/escargots/961267.jpg,22
images/caprese_salad/1906754.jpg,8
images/chocolate_cake/798534.jpg,13
images/crab_cakes/1257597.jpg,16
images/falafel/2385846.jpg,23
images/edamame/3697594.jpg,20
images/beef_carpaccio/1278648.jpg,2
images/chocolate_cake/3854150.jpg,13
images/escargots/2335237.jpg,22
images/fish_and_chips/2353008.jpg,24
images/eggs_benedict/2032065.jpg,21
images/crab_cakes/311252.jpg,16
images/beet_salad/1283119.jpg,3
images/club_sandwich/1353387.jpg,15
images/chicken_wings/55358.jpg,12
images/crab_cakes/1037651.jpg,16
images/caesar_salad/2667246.jpg,6
images/club_sandwich/690897.jpg,15
images/crab_cakes/3907087.jpg,16
images/fish_and_chips/2318309.jpg,24
images/cannoli/1341141.jpg,7
images/cheese_plate/1075611.jpg,10
images/cheesecake/53831.jpg,11
images/escargots/243638.jpg,22
images/foie_gras/572971.jpg,25
images/foie_gras/2106737.jpg,25
images/churros/1031729.jpg,14
images/fish_and_chips/3746418.jpg,24
images/foie_gras/3240534.jpg,25
images/caesar_salad/3333018.jpg,6
images/donuts/2331870.jpg,19
images/cheese_plate/81579.jpg,10
images/cup_cakes/3196898.jpg,18
images/crab_cakes/99114.jpg,16
images/cheese_plate/24229.jpg,10
images/beet_salad/836455.jpg,3
images/cannoli/2938083.jpg,7
images/chicken_wings/1120555.jpg,12
images/chocolate_cake/3236630.jpg,13
images/edamame/70117.jpg,20
images/crab_cakes/304672.jpg,16
images/caprese_salad/3738695.jpg,8
images/cheese_plate/824387.jpg,10
images/carrot_cake/2783799.jpg,9
images/apple_pie/2776008.jpg,0
images/beef_carpaccio/3890359.jpg,2
images/beef_carpaccio/2310014.jpg,2
images/foie_gras/2869382.jpg,25
images/apple_pie/2004963.jpg,0
images/baklava/1824405.jpg,1
images/baklava/2313082.jpg,1
images/beet_salad/114487.jpg,3
images/fish_and_chips/1260846.jpg,24
images/club_sandwich/3188694.jpg,15
images/eggs_benedict/2983980.jpg,21
images/carrot_cake/1644925.jpg,9
images/chicken_wings/934506.jpg,12
images/beef_carpaccio/3539784.jpg,2
images/club_sandwich/2277118.jpg,15
images/baklava/2263421.jpg,1
images/cheesecake/1422870.jpg,11
images/bruschetta/1553546.jpg,5
images/caprese_salad/861059.jpg,8
images/caesar_salad/1069776.jpg,6
images/donuts/2579943.jpg,19
images/chocolate_cake/1554362.jpg,13
images/chocolate_cake/372896.jpg,13
images/donuts/2648897.jpg,19
images/apple_pie/827575.jpg,0
images/cannoli/682725.jpg,7
images/cheesecake/1526740.jpg,11
images/cheesecake/2464644.jpg,11
images/foie_gras/153899.jpg,25
images/baklava/1237403.jpg,1
images/foie_gras/2005450.jpg,25
images/beet_salad/2199309.jpg,3
images/eggs_benedict/151487.jpg,21
images/bruschetta/463000.jpg,5
images/eggs_benedict/71181.jpg,21
images/cannoli/2674065.jpg,7
images/churros/1266437.jpg,14
images/cannoli/529422.jpg,7
images/caprese_salad/2175903.jpg,8
images/beet_salad/1526140.jpg,3
images/eggs_benedict/36576.jpg,21
images/chocolate_cake/1834434.jpg,13
images/foie_gras/2518219.jpg,25
images/escargots/543977.jpg,22
images/chocolate_cake/1306649.jpg,13
images/beet_salad/1218338.jpg,3
images/churros/2666342.jpg,14
images/chocolate_cake/2178112.jpg,13
images/apple_pie/2151461.jpg,0
images/cheesecake/3692190.jpg,11
images/baklava/640052.jpg,1
images/fish_and_chips/3823053.jpg,24
images/fish_and_chips/2286768.jpg,24
images/crab_cakes/595211.jpg,16
images/churros/2403063.jpg,14
images/fish_and_chips/686802.jpg,24
images/baklava/1418369.jpg,1
images/cannoli/18144.jpg,7
images/beef_carpaccio/805191.jpg,2
images/beet_salad/2126479.jpg,3
images/foie_gras/3248840.jpg,25
images/chicken_wings/1134990.jpg,12
images/cup_cakes/3370592.jpg,18
images/falafel/1245907.jpg,23
images/fish_and_chips/1164299.jpg,24
images/escargots/2394916.jpg,22
images/churros/2297235.jpg,14
images/falafel/3741718.jpg,23
images/donuts/3289887.jpg,19
images/chicken_wings/719668.jpg,12
images/baklava/1702654.jpg,1
images/beef_carpaccio/1391584.jpg,2
images/club_sandwich/1107404.jpg,15
images/caprese_salad/405537.jpg,8
images/cup_cakes/1005580.jpg,18
images/cannoli/1380790.jpg,7
images/falafel/497988.jpg,23
images/cheese_plate/928328.jpg,10
images/churros/1816647.jpg,14
images/edamame/2241023.jpg,20
images/carrot_cake/3626442.jpg,9
images/caesar_salad/1681647.jpg,6
images/donuts/165967.jpg,19
images/cheesecake/3709653.jpg,11
images/baklava/237036.jpg,1
images/carrot_cake/1589109.jpg,9
images/crab_cakes/150249.jpg,16
images/edamame/3679400.jpg,20
images/cup_cakes/3171344.jpg,18
images/beet_salad/3251026.jpg,3
images/fish_and_chips/3174202.jpg,24
images/caprese_salad/2173463.jpg,8
images/beignets/300502.jpg,4
images/french_fries/2677445.jpg,26
images/churros/3721509.jpg,14
images/bruschetta/1973102.jpg,5
images/donuts/615244.jpg,19
images/foie_gras/1569447.jpg,25
images/beef_carpaccio/951387.jpg,2
images/cheesecake/768208.jpg,11
images/bruschetta/819342.jpg,5
images/cheese_plate/3909330.jpg,10
images/fish_and_chips/3756773.jpg,24
images/cheesecake/1545061.jpg,11
images/beet_salad/3738880.jpg,3
images/beef_carpaccio/580664.jpg,2
images/fish_and_chips/1715514.jpg,24
images/escargots/1565919.jpg,22
images/club_sandwich/1659584.jpg,15
images/eggs_benedict/1400815.jpg,21
images/eggs_benedict/3621918.jpg,21
images/crab_cakes/509251.jpg,16
images/churros/2643248.jpg,14
images/caprese_salad/3281569.jpg,8
images/falafel/270203.jpg,23
images/churros/2255673.jpg,14
images/foie_gras/3422845.jpg,25
images/cup_cakes/1217566.jpg,18
images/french_fries/2878424.jpg,26
images/chicken_wings/1219576.jpg,12
images/crab_cakes/3544182.jpg,16
images/donuts/2518126.jpg,19
images/beignets/1782162.jpg,4
images/edamame/204617.jpg,20
images/beet_salad/1692557.jpg,3
images/crab_cakes/1839562.jpg,16
images/churros/1932934.jpg,14
images/caprese_salad/3291288.jpg,8
images/cheesecake/293760.jpg,11
images/crab_cakes/857844.jpg,16
images/cheese_plate/1667115.jpg,10
images/bruschetta/3653732.jpg,5
images/chicken_wings/138864.jpg,12
images/escargots/739147.jpg,22
images/caprese_salad/2244686.jpg,8
images/chocolate_cake/3823823.jpg,13
images/cheesecake/1948475.jpg,11
images/caesar_salad/1618389.jpg,6
images/creme_brulee/1445522.jpg,17
images/apple_pie/3659123.jpg,0
images/cheese_plate/543592.jpg,10
images/cup_cakes/468414.jpg,18
images/carrot_cake/2942624.jpg,9
images/chicken_wings/2541262.jpg,12
images/french_fries/3697215.jpg,26
images/beet_salad/1021189.jpg,3
images/apple_pie/2479319.jpg,0
images/carrot_cake/3750507.jpg,9
images/chicken_wings/1829845.jpg,12
images/caesar_salad/1505408.jpg,6
images/cheesecake/2230316.jpg,11
images/edamame/1812993.jpg,20
images/apple_pie/1239205.jpg,0
images/cup_cakes/2525897.jpg,18
images/french_fries/3070998.jpg,26
images/falafel/2791955.jpg,23
images/club_sandwich/3289914.jpg,15
images/club_sandwich/3419501.jpg,15
images/club_sandwich/2060278.jpg,15
images/churros/1206968.jpg,14
images/donuts/378304.jpg,19
images/caprese_salad/3015814.jpg,8
images/bruschetta/652106.jpg,5
images/beet_salad/1945506.jpg,3
images/chicken_wings/2963261.jpg,12
images/cheesecake/2527038.jpg,11
images/carrot_cake/867715.jpg,9
images/chocolate_cake/1153895.jpg,13
images/cheesecake/1132368.jpg,11
images/chocolate_cake/2860022.jpg,13
images/bruschetta/609064.jpg,5
images/club_sandwich/1020435.jpg,15
images/carrot_cake/263867.jpg,9
images/chicken_wings/781330.jpg,12
images/bruschetta/1039733.jpg,5
images/carrot_cake/3643746.jpg,9
images/french_fries/1495592.jpg,26
images/fish_and_chips/861993.jpg,24
images/eggs_benedict/1429834.jpg,21
images/club_sandwich/2192124.jpg,15
images/donuts/501146.jpg,19
images/apple_pie/3257241.jpg,0
images/club_sandwich/2913460.jpg,15
images/foie_gras/1531457.jpg,25
images/cannoli/421018.jpg,7
images/chocolate_cake/771009.jpg,13
images/carrot_cake/1963525.jpg,9
images/apple_pie/1620714.jpg,0
images/falafel/295629.jpg,23
images/eggs_benedict/262421.jpg,21
images/cannoli/2100962.jpg,7
images/crab_cakes/2788158.jpg,16
images/foie_gras/3267247.jpg,25
images/beef_carpaccio/2914524.jpg,2
images/beet_salad/2609869.jpg,3
images/carrot_cake/3420598.jpg,9
images/cannoli/2554579.jpg,7
images/cheesecake/1104926.jpg,11
images/chicken_wings/3337245.jpg,12
images/carrot_cake/2868482.jpg,9
images/french_fries/3210333.jpg,26
images/baklava/2019930.jpg,1
images/cheese_plate/3838199.jpg,10
images/churros/1904318.jpg,14
images/chocolate_cake/3514876.jpg,13
images/cup_cakes/1660640.jpg,18
images/caprese_salad/3641493.jpg,8
images/chicken_wings/104370.jpg,12
images/churros/1860672.jpg,14
images/club_sandwich/2415.jpg,15
images/french_fries/191085.jpg,26
images/creme_brulee/2785308.jpg,17
images/club_sandwich/3323647.jpg,15
images/carrot_cake/332664.jpg,9
images/baklava/3453153.jpg,1
images/cup_cakes/375615.jpg,18
images/cannoli/1227927.jpg,7
images/cup_cakes/2018563.jpg,18
images/crab_cakes/696125.jpg,16
images/falafel/1572530.jpg,23
images/foie_gras/2012834.jpg,25
images/escargots/1146170.jpg,22
images/edamame/2708664.jpg,20
images/caesar_salad/295856.jpg,6
images/french_fries/3198786.jpg,26
images/baklava/3556892.jpg,1
images/beignets/3019748.jpg,4
images/creme_brulee/280271.jpg,17
images/donuts/778567.jpg,19
images/bruschetta/254460.jpg,5
images/edamame/2282133.jpg,20
images/cheesecake/2146427.jpg,11
images/baklava/3724224.jpg,1
images/chocolate_cake/1623754.jpg,13
images/french_fries/3871541.jpg,26
images/escargots/1104561.jpg,22
images/apple_pie/3517723.jpg,0
images/french_fries/230015.jpg,26
images/chocolate_cake/1510990.jpg,13
images/caesar_salad/1507954.jpg,6
images/donuts/3099444.jpg,19
images/cup_cakes/91203.jpg,18
images/baklava/3135577.jpg,1
images/caprese_salad/465711.jpg,8
images/carrot_cake/2437613.jpg,9
images/cheese_plate/3624274.jpg,10
images/crab_cakes/2827007.jpg,16
images/caprese_salad/1815512.jpg,8
images/carrot_cake/1284466.jpg,9
images/donuts/1167771.jpg,19
images/cup_cakes/3046546.jpg,18
images/beef_carpaccio/3042132.jpg,2
images/french_fries/502232.jpg,26
images/carrot_cake/3504226.jpg,9
images/eggs_benedict/2794913.jpg,21
images/crab_cakes/3315714.jpg,16
images/caesar_salad/849754.jpg,6
images/cannoli/3421871.jpg,7
images/beignets/3609270.jpg,4
images/cup_cakes/2428270.jpg,18
images/baklava/2882626.jpg,1
images/cup_cakes/2217666.jpg,18
images/cannoli/1158615.jpg,7
images/escargots/3063717.jpg,22
images/club_sandwich/803399.jpg,15
images/beet_salad/204327.jpg,3
images/cup_cakes/12912.jpg,18
images/french_fries/2056007.jpg,26
images/edamame/1655591.jpg,20
images/crab_cakes/3830299.jpg,16
images/beignets/2802124.jpg,4
images/creme_brulee/3379434.jpg,17
images/edamame/3747981.jpg,20
images/creme_brulee/2391997.jpg,17
images/donuts/3845132.jpg,19
images/fish_and_chips/286820.jpg,24
images/eggs_benedict/1754521.jpg,21
images/foie_gras/591146.jpg,25
images/apple_pie/2480328.jpg,0
images/bruschetta/1737027.jpg,5
images/caprese_salad/2417492.jpg,8
images/cheesecake/1281082.jpg,11
images/creme_brulee/1945784.jpg,17
images/creme_brulee/998525.jpg,17
images/cheese_plate/2537133.jpg,10
images/french_fries/3152740.jpg,26
images/cheesecake/3359803.jpg,11
images/beet_salad/3338128.jpg,3
images/beet_salad/3798796.jpg,3
images/falafel/2862230.jpg,23
images/chocolate_cake/3813982.jpg,13
images/caprese_salad/3915524.jpg,8
images/caesar_salad/3412723.jpg,6
images/escargots/1460814.jpg,22
images/cannoli/182467.jpg,7
images/escargots/2675688.jpg,22
images/french_fries/3159377.jpg,26
images/fish_and_chips/2331021.jpg,24
images/apple_pie/2648160.jpg,0
images/french_fries/2573727.jpg,26
images/caesar_salad/3370517.jpg,6
images/caprese_salad/1825800.jpg,8
images/apple_pie/2603533.jpg,0
images/caprese_salad/2318983.jpg,8
images/escargots/3651614.jpg,22
images/chicken_wings/2553133.jpg,12
images/caesar_salad/2910283.jpg,6
images/chicken_wings/2942230.jpg,12
images/beignets/970450.jpg,4
images/club_sandwich/2072605.jpg,15
images/falafel/1242869.jpg,23
images/fish_and_chips/2338388.jpg,24
images/eggs_benedict/256613.jpg,21
images/foie_gras/2556467.jpg,25
images/eggs_benedict/44135.jpg,21
images/carrot_cake/228049.jpg,9
images/falafel/1399193.jpg,23
images/club_sandwich/323545.jpg,15
images/bruschetta/2400578.jpg,5
images/beet_salad/2513425.jpg,3
images/creme_brulee/283548.jpg,17
images/caesar_salad/960681.jpg,6
images/caprese_salad/3793432.jpg,8
images/club_sandwich/2081412.jpg,15
images/chocolate_cake/25331.jpg,13
images/crab_cakes/2497137.jpg,16
images/caesar_salad/2043391.jpg,6
images/cheesecake/2572821.jpg,11
images/bruschetta/117648.jpg,5
images/foie_gras/1882010.jpg,25
images/crab_cakes/1955111.jpg,16
images/fish_and_chips/1445155.jpg,24
images/cup_cakes/492343.jpg,18
images/bruschetta/2513502.jpg,5
images/club_sandwich/546701.jpg,15
images/cheesecake/171494.jpg,11
images/caprese_salad/925538.jpg,8
images/edamame/1006400.jpg,20
images/foie_gras/1524625.jpg,25
images/apple_pie/2348133.jpg,0
images/apple_pie/83981.jpg,0
images/cheese_plate/2870432.jpg,10
images/crab_cakes/739721.jpg,16
images/chicken_wings/881531.jpg,12
images/apple_pie/1043283.jpg,0
images/carrot_cake/790689.jpg,9
images/bruschetta/2437374.jpg,5
images/beet_salad/2476067.jpg,3
images/caprese_salad/607544.jpg,8
images/eggs_benedict/3670643.jpg,21
images/carrot_cake/3455055.jpg,9
images/cheese_plate/3444297.jpg,10
images/donuts/340346.jpg,19
images/creme_brulee/3835253.jpg,17
images/beignets/1420783.jpg,4
images/beet_salad/48297.jpg,3
images/fish_and_chips/1564504.jpg,24
images/beignets/1170051.jpg,4
images/cheese_plate/618425.jpg,10
images/churros/2568660.jpg,14
images/donuts/3502569.jpg,19
images/chocolate_cake/272108.jpg,13
images/cup_cakes/1406143.jpg,18
images/baklava/3901006.jpg,1
images/edamame/2534828.jpg,20
images/caprese_salad/3312746.jpg,8
images/apple_pie/2110106.jpg,0
images/cheesecake/3239362.jpg,11
images/beef_carpaccio/1949398.jpg,2
images/crab_cakes/1046879.jpg,16
images/crab_cakes/628170.jpg,16
images/cup_cakes/1464270.jpg,18
images/churros/2103680.jpg,14
images/foie_gras/2934637.jpg,25
images/cannoli/1767088.jpg,7
images/chicken_wings/3020120.jpg,12
images/caprese_salad/800099.jpg,8
images/edamame/902300.jpg,20
images/chicken_wings/312047.jpg,12
images/beet_salad/3798097.jpg,3
images/club_sandwich/3085352.jpg,15
images/cheesecake/2349745.jpg,11
images/carrot_cake/1937129.jpg,9
images/apple_pie/1879193.jpg,0
images/churros/1275020.jpg,14
images/caprese_salad/337541.jpg,8
images/club_sandwich/3195527.jpg,15
images/french_fries/657873.jpg,26
images/edamame/113525.jpg,20
images/cheese_plate/248033.jpg,10
images/caesar_salad/1801898.jpg,6
images/caesar_salad/1493566.jpg,6
images/baklava/618950.jpg,1
images/foie_gras/935184.jpg,25
images/crab_cakes/1789347.jpg,16
images/beet_salad/222438.jpg,3
images/bruschetta/2225263.jpg,5
images/chocolate_cake/3524176.jpg,13
images/cheesecake/2608960.jpg,11
images/beignets/541711.jpg,4
images/eggs_benedict/1053584.jpg,21
images/apple_pie/257378.jpg,0
images/chocolate_cake/663983.jpg,13
images/falafel/3222527.jpg,23
images/cannoli/1107067.jpg,7
images/churros/3839923.jpg,14
images/eggs_benedict/115024.jpg,21
images/caesar_salad/1674391.jpg,6
images/foie_gras/79314.jpg,25
images/caprese_salad/695138.jpg,8
images/beet_salad/1815239.jpg,3
images/edamame/1341265.jpg,20
images/donuts/262672.jpg,19
images/fish_and_chips/3116504.jpg,24
images/caprese_salad/367747.jpg,8
images/cup_cakes/376560.jpg,18
images/falafel/2437617.jpg,23
images/beef_carpaccio/3173328.jpg,2
images/crab_cakes/3201028.jpg,16
images/cheese_plate/849769.jpg,10
images/chicken_wings/2864628.jpg,12
images/caprese_salad/143596.jpg,8
images/falafel/1558370.jpg,23
images/bruschetta/105165.jpg,5
images/beef_carpaccio/2668073.jpg,2
images/escargots/3599516.jpg,22
images/caesar_salad/2340232.jpg,6
images/chocolate_cake/2572223.jpg,13
images/caesar_salad/1168972.jpg,6
images/falafel/3454163.jpg,23
images/baklava/2088854.jpg,1
images/churros/442192.jpg,14
images/cannoli/3459604.jpg,7
images/club_sandwich/2194129.jpg,15
images/creme_brulee/922930.jpg,17
images/bruschetta/1836278.jpg,5
images/beet_salad/3419079.jpg,3
images/chicken_wings/57530.jpg,12
images/beignets/262286.jpg,4
images/crab_cakes/2440997.jpg,16
images/chicken_wings/2477252.jpg,12
images/edamame/181449.jpg,20
images/edamame/1026782.jpg,20
images/beignets/648253.jpg,4
images/churros/2164793.jpg,14
images/foie_gras/364744.jpg,25
images/eggs_benedict/294734.jpg,21
images/chicken_wings/615302.jpg,12
images/french_fries/3308469.jpg,26
images/chicken_wings/2255493.jpg,12
images/carrot_cake/3507001.jpg,9
images/edamame/1344522.jpg,20
images/beef_carpaccio/3804636.jpg,2
images/escargots/2822747.jpg,22
images/foie_gras/2488161.jpg,25
images/beignets/2918213.jpg,4
images/escargots/596483.jpg,22
images/donuts/3650350.jpg,19
images/fish_and_chips/3887462.jpg,24
images/fish_and_chips/3659706.jpg,24
images/beef_carpaccio/176510.jpg,2
images/falafel/848421.jpg,23
images/cheese_plate/3233632.jpg,10
images/cup_cakes/207060.jpg,18
images/caesar_salad/3039039.jpg,6
images/bruschetta/3564471.jpg,5
images/eggs_benedict/1923087.jpg,21
images/apple_pie/2574026.jpg,0
images/fish_and_chips/1971675.jpg,24
images/escargots/1656032.jpg,22
images/baklava/3628916.jpg,1
images/apple_pie/1767333.jpg,0
images/cannoli/2884000.jpg,7
images/beignets/1594661.jpg,4
images/escargots/3359369.jpg,22
images/falafel/653001.jpg,23
images/caesar_salad/2707518.jpg,6
images/chocolate_cake/539093.jpg,13
images/french_fries/799658.jpg,26
images/carrot_cake/1934152.jpg,9
images/beef_carpaccio/3344091.jpg,2
images/baklava/1228982.jpg,1
images/chicken_wings/1858836.jpg,12
images/fish_and_chips/2192937.jpg,24
images/carrot_cake/824221.jpg,9
images/beignets/1121153.jpg,4
images/club_sandwich/3530423.jpg,15
images/chicken_wings/3108137.jpg,12
images/bruschetta/3023155.jpg,5
images/caesar_salad/3640443.jpg,6
images/beignets/1423015.jpg,4
images/bruschetta/1842107.jpg,5
images/chicken_wings/1185396.jpg,12
images/falafel/504976.jpg,23
images/churros/2980357.jpg,14
images/fish_and_chips/2287453.jpg,24
images/cheese_plate/2852832.jpg,10
images/beignets/3228122.jpg,4
images/cup_cakes/418371.jpg,18
images/cup_cakes/945820.jpg,18
images/fish_and_chips/3310198.jpg,24
images/chicken_wings/1516097.jpg,12
images/cup_cakes/1864824.jpg,18
images/baklava/873848.jpg,1
images/beef_carpaccio/1327341.jpg,2
images/bruschetta/1042140.jpg,5
images/eggs_benedict/490722.jpg,21
images/edamame/1457812.jpg,20
images/cannoli/3831531.jpg,7
images/apple_pie/3588721.jpg,0
images/cup_cakes/483046.jpg,18
images/edamame/1490443.jpg,20
images/carrot_cake/1110734.jpg,9
images/crab_cakes/3867101.jpg,16
images/escargots/3630427.jpg,22
images/cannoli/2534485.jpg,7
images/baklava/862581.jpg,1
images/club_sandwich/1309432.jpg,15
images/donuts/3228365.jpg,19
images/beignets/1550067.jpg,4
images/falafel/1995466.jpg,23
images/foie_gras/2036644.jpg,25
images/churros/2707980.jpg,14
images/churros/2782524.jpg,14
images/edamame/1266360.jpg,20
images/creme_brulee/2376691.jpg,17
images/cheese_plate/3839008.jpg,10
images/foie_gras/492646.jpg,25
images/crab_cakes/884069.jpg,16
images/caprese_salad/611412.jpg,8
images/cheesecake/1004515.jpg,11
images/edamame/1373766.jpg,20
images/chocolate_cake/3204495.jpg,13
images/fish_and_chips/1464068.jpg,24
images/falafel/1486585.jpg,23
images/apple_pie/2520241.jpg,0
images/falafel/1857553.jpg,23
images/beet_salad/719584.jpg,3
images/beignets/274977.jpg,4
images/fish_and_chips/3799120.jpg,24
images/club_sandwich/3112045.jpg,15
images/edamame/906477.jpg,20
images/cannoli/298636.jpg,7
images/creme_brulee/1100014.jpg,17
images/escargots/2301709.jpg,22
images/carrot_cake/1786525.jpg,9
images/churros/1066964.jpg,14
images/creme_brulee/2680812.jpg,17
images/beef_carpaccio/2590022.jpg,2
images/cup_cakes/197982.jpg,18
images/apple_pie/1240585.jpg,0
images/beet_salad/3629012.jpg,3
images/chocolate_cake/493736.jpg,13
images/eggs_benedict/12882.jpg,21
images/bruschetta/2786921.jpg,5
images/churros/1154541.jpg,14
images/cup_cakes/1314027.jpg,18
images/fish_and_chips/1875602.jpg,24
images/carrot_cake/2345657.jpg,9
images/beignets/1494091.jpg,4
images/churros/993534.jpg,14
images/cheesecake/3490045.jpg,11
images/caprese_salad/3576511.jpg,8
images/caprese_salad/2161254.jpg,8
images/crab_cakes/2160854.jpg,16
images/crab_cakes/416339.jpg,16
images/falafel/40903.jpg,23
images/club_sandwich/366787.jpg,15
images/apple_pie/3586158.jpg,0
images/eggs_benedict/2137864.jpg,21
images/bruschetta/2368994.jpg,5
images/eggs_benedict/2256476.jpg,21
images/cheese_plate/230788.jpg,10
images/cup_cakes/2812839.jpg,18
images/baklava/3893932.jpg,1
images/beignets/3089788.jpg,4
images/caesar_salad/538570.jpg,6
images/churros/3324031.jpg,14
images/foie_gras/643231.jpg,25
images/escargots/505097.jpg,22
images/caesar_salad/2137928.jpg,6
images/falafel/2223445.jpg,23
images/beef_carpaccio/2213514.jpg,2
images/chicken_wings/3433967.jpg,12
images/falafel/2586744.jpg,23
images/chocolate_cake/2019994.jpg,13
images/beef_carpaccio/358785.jpg,2
images/eggs_benedict/2644640.jpg,21
images/eggs_benedict/1587051.jpg,21
images/chocolate_cake/3091262.jpg,13
images/creme_brulee/2510218.jpg,17
images/beef_carpaccio/1493687.jpg,2
images/eggs_benedict/813158.jpg,21
images/creme_brulee/2196212.jpg,17
images/beet_salad/2680222.jpg,3
images/crab_cakes/2251931.jpg,16
images/carrot_cake/3441243.jpg,9
images/escargots/551043.jpg,22
images/eggs_benedict/3636820.jpg,21
images/cup_cakes/1855649.jpg,18
images/chicken_wings/2412780.jpg,12
images/cheesecake/1615141.jpg,11
images/falafel/3334395.jpg,23
images/bruschetta/1581515.jpg,5
images/eggs_benedict/1986355.jpg,21
images/beignets/567861.jpg,4
images/chicken_wings/2590671.jpg,12
images/bruschetta/3665558.jpg,5
images/cannoli/671350.jpg,7
images/club_sandwich/1578600.jpg,15
images/donuts/3307734.jpg,19
images/carrot_cake/2998111.jpg,9
images/chicken_wings/1555733.jpg,12
images/escargots/3774684.jpg,22
images/french_fries/3907871.jpg,26
images/churros/1842744.jpg,14
images/caesar_salad/856613.jpg,6
images/cheese_plate/3574879.jpg,10
images/cheese_plate/1756002.jpg,10
images/edamame/3372671.jpg,20
images/chicken_wings/671194.jpg,12
images/bruschetta/3549553.jpg,5
images/falafel/3024741.jpg,23
images/foie_gras/2196747.jpg,25
images/beignets/1424311.jpg,4
images/eggs_benedict/3070975.jpg,21
images/baklava/3349862.jpg,1
images/bruschetta/2389078.jpg,5
images/beignets/3709395.jpg,4
images/donuts/724330.jpg,19
images/baklava/1547472.jpg,1
images/churros/1240776.jpg,14
images/eggs_benedict/3775597.jpg,21
images/fish_and_chips/1328579.jpg,24
images/fish_and_chips/1915822.jpg,24
images/falafel/3765862.jpg,23
images/beignets/3097124.jpg,4
images/baklava/3430051.jpg,1
images/baklava/1762851.jpg,1
images/caesar_salad/510867.jpg,6
images/cheese_plate/3586646.jpg,10
images/bruschetta/2956862.jpg,5
images/creme_brulee/2730065.jpg,17
images/bruschetta/3101709.jpg,5
images/carrot_cake/604507.jpg,9
images/cannoli/410548.jpg,7
images/french_fries/3700106.jpg,26
images/cheesecake/1271183.jpg,11
images/beet_salad/3038650.jpg,3
images/caprese_salad/426644.jpg,8
images/crab_cakes/964108.jpg,16
images/cheesecake/684738.jpg,11
images/caprese_salad/2641929.jpg,8
images/escargots/643252.jpg,22
images/foie_gras/3240698.jpg,25
images/caprese_salad/1952543.jpg,8
images/beef_carpaccio/2688177.jpg,2
images/falafel/775856.jpg,23
images/baklava/3751066.jpg,1
images/french_fries/575247.jpg,26
images/caprese_salad/384506.jpg,8
images/cannoli/1853903.jpg,7
images/cannoli/748632.jpg,7
images/club_sandwich/1875167.jpg,15
images/chocolate_cake/397896.jpg,13
images/cheesecake/375301.jpg,11
images/eggs_benedict/2522597.jpg,21
images/churros/1939260.jpg,14
images/chicken_wings/3443098.jpg,12
images/bruschetta/3896645.jpg,5
images/carrot_cake/1116127.jpg,9
images/fish_and_chips/1782768.jpg,24
images/foie_gras/1824341.jpg,25
images/cannoli/1458539.jpg,7
images/creme_brulee/2351661.jpg,17
images/club_sandwich/1097049.jpg,15
images/chocolate_cake/2940330.jpg,13
images/caprese_salad/2906403.jpg,8
images/crab_cakes/1934463.jpg,16
images/cheese_plate/557370.jpg,10
images/escargots/70413.jpg,22
images/cup_cakes/1138268.jpg,18
images/creme_brulee/104919.jpg,17
images/cheese_plate/2243243.jpg,10
images/cheesecake/3656689.jpg,11
images/baklava/151075.jpg,1
images/carrot_cake/226286.jpg,9
images/crab_cakes/524988.jpg,16
images/edamame/1686962.jpg,20
images/creme_brulee/1269463.jpg,17
images/fish_and_chips/1903704.jpg,24
images/beef_carpaccio/2495325.jpg,2
images/cannoli/2060152.jpg,7
images/falafel/190890.jpg,23
images/cannoli/1561749.jpg,7
images/caesar_salad/2070814.jpg,6
images/bruschetta/658055.jpg,5
images/chicken_wings/3290021.jpg,12
images/french_fries/2357939.jpg,26
images/beignets/1050353.jpg,4
images/falafel/622118.jpg,23
images/escargots/1420269.jpg,22
images/churros/591848.jpg,14
images/escargots/1064663.jpg,22
images/beignets/738468.jpg,4
images/chocolate_cake/1599108.jpg,13
images/beef_carpaccio/2098481.jpg,2
images/foie_gras/2511297.jpg,25
images/cup_cakes/1157931.jpg,18
images/apple_pie/1727085.jpg,0
images/cheesecake/1873909.jpg,11
images/donuts/2740890.jpg,19
images/apple_pie/2713820.jpg,0
images/club_sandwich/3102708.jpg,15
images/edamame/968271.jpg,20
images/escargots/2661988.jpg,22
images/cup_cakes/995529.jpg,18
images/escargots/1884944.jpg,22
images/cup_cakes/2688936.jpg,18
images/club_sandwich/1246058.jpg,15
images/chocolate_cake/2942827.jpg,13
images/eggs_benedict/1796105.jpg,21
images/creme_brulee/2073048.jpg,17
images/cheese_plate/268524.jpg,10
images/beef_carpaccio/464555.jpg,2
images/french_fries/2641499.jpg,26
images/chocolate_cake/641521.jpg,13
images/cannoli/2594153.jpg,7
images/donuts/53695.jpg,19
images/chicken_wings/1706994.jpg,12
images/creme_brulee/2837431.jpg,17
images/beef_carpaccio/2289852.jpg,2
images/beet_salad/2795499.jpg,3
images/chocolate_cake/2916364.jpg,13
images/crab_cakes/852100.jpg,16
images/beef_carpaccio/2625736.jpg,2
images/cup_cakes/647517.jpg,18
images/edamame/62735.jpg,20
images/edamame/3487927.jpg,20
images/caesar_salad/1534900.jpg,6
images/club_sandwich/235515.jpg,15
images/bruschetta/1231530.jpg,5
images/falafel/2064569.jpg,23
images/baklava/461212.jpg,1
images/creme_brulee/444715.jpg,17
images/beignets/547182.jpg,4
images/chocolate_cake/623998.jpg,13
images/beet_salad/3482274.jpg,3
images/escargots/1469258.jpg,22
images/club_sandwich/2977458.jpg,15
images/chicken_wings/502229.jpg,12
images/cheese_plate/2244500.jpg,10
images/cheese_plate/3464679.jpg,10
images/french_fries/2041482.jpg,26
images/falafel/1737962.jpg,23
images/apple_pie/1215650.jpg,0
images/falafel/1208919.jpg,23
images/club_sandwich/1586146.jpg,15
images/baklava/721053.jpg,1
images/cheesecake/892571.jpg,11
images/bruschetta/619290.jpg,5
images/escargots/1171063.jpg,22
images/cannoli/3488719.jpg,7
images/bruschetta/2208426.jpg,5
images/cup_cakes/1396488.jpg,18
images/cheese_plate/3277230.jpg,10
images/cup_cakes/3789406.jpg,18
images/carrot_cake/2210505.jpg,9
images/cannoli/66922.jpg,7
images/beef_carpaccio/262281.jpg,2
images/escargots/1500256.jpg,22
images/chocolate_cake/3269931.jpg,13
images/cheesecake/497262.jpg,11
images/club_sandwich/1666154.jpg,15
images/cup_cakes/2767498.jpg,18
images/cup_cakes/42122.jpg,18
images/cup_cakes/1030942.jpg,18
images/club_sandwich/1106242.jpg,15
images/cheesecake/3261002.jpg,11
images/cheese_plate/1820855.jpg,10
images/carrot_cake/883087.jpg,9
images/escargots/847189.jpg,22
images/beef_carpaccio/1076582.jpg,2
images/baklava/605083.jpg,1
images/cup_cakes/149192.jpg,18
images/donuts/1825727.jpg,19
images/eggs_benedict/829786.jpg,21
images/cannoli/340299.jpg,7
images/bruschetta/267619.jpg,5
images/beet_salad/490096.jpg,3
images/cup_cakes/3524243.jpg,18
images/beignets/3455351.jpg,4
images/beet_salad/3848398.jpg,3
images/churros/1797535.jpg,14
images/beet_salad/1984062.jpg,3
images/bruschetta/642998.jpg,5
images/cup_cakes/2284357.jpg,18
images/edamame/43566.jpg,20
images/beignets/3105855.jpg,4
images/cannoli/1668925.jpg,7
images/crab_cakes/3025341.jpg,16
images/beet_salad/2155152.jpg,3
images/cup_cakes/311180.jpg,18
images/baklava/60576.jpg,1
images/churros/3474772.jpg,14
images/eggs_benedict/590135.jpg,21
images/beignets/3522545.jpg,4
images/eggs_benedict/3278123.jpg,21
images/beignets/3139639.jpg,4
images/beignets/714404.jpg,4
images/creme_brulee/1469532.jpg,17
images/apple_pie/2074694.jpg,0
images/chicken_wings/1115214.jpg,12
images/beet_salad/482933.jpg,3
images/beignets/1822080.jpg,4
images/falafel/3197087.jpg,23
images/chicken_wings/3291261.jpg,12
images/club_sandwich/2486994.jpg,15
images/donuts/921183.jpg,19
images/cannoli/343112.jpg,7
images/caprese_salad/1624112.jpg,8
images/donuts/2249805.jpg,19
images/donuts/338069.jpg,19
images/chicken_wings/3923079.jpg,12
images/cheese_plate/2155505.jpg,10
images/falafel/1543493.jpg,23
images/falafel/1669974.jpg,23
images/escargots/1402378.jpg,22
images/cheese_plate/3859873.jpg,10
images/caprese_salad/2408621.jpg,8
images/fish_and_chips/624091.jpg,24
images/french_fries/3253011.jpg,26
images/foie_gras/2800529.jpg,25
images/beet_salad/3232542.jpg,3
images/donuts/3564446.jpg,19
images/beet_salad/3511553.jpg,3
images/donuts/2684700.jpg,19
images/chocolate_cake/3142946.jpg,13
images/escargots/1869591.jpg,22
images/beef_carpaccio/2949502.jpg,2
images/beignets/1751352.jpg,4
images/cheese_plate/100370.jpg,10
images/baklava/2137008.jpg,1
images/edamame/3040418.jpg,20
images/french_fries/1582025.jpg,26
images/beef_carpaccio/3049045.jpg,2
images/club_sandwich/97180.jpg,15
images/carrot_cake/3153429.jpg,9
images/cheesecake/1308111.jpg,11
images/beef_carpaccio/103294.jpg,2
images/escargots/3660574.jpg,22
images/caprese_salad/2075615.jpg,8
images/cheesecake/856071.jpg,11
images/baklava/2685439.jpg,1
images/club_sandwich/2391254.jpg,15
images/baklava/3480784.jpg,1
images/cannoli/3240857.jpg,7
images/french_fries/2091683.jpg,26
images/french_fries/2371960.jpg,26
images/donuts/2248367.jpg,19
images/cup_cakes/2085872.jpg,18
images/cup_cakes/3557465.jpg,18
images/fish_and_chips/2716580.jpg,24
images/falafel/33628.jpg,23
images/fish_and_chips/888785.jpg,24
images/crab_cakes/702076.jpg,16
images/crab_cakes/2724496.jpg,16
images/beef_carpaccio/415991.jpg,2
images/cup_cakes/721756.jpg,18
images/chicken_wings/1122993.jpg,12
images/baklava/2348370.jpg,1
images/club_sandwich/3620300.jpg,15
images/baklava/1613218.jpg,1
images/cheese_plate/2139798.jpg,10
images/caesar_salad/1834267.jpg,6
images/chocolate_cake/2174801.jpg,13
images/french_fries/602637.jpg,26
images/baklava/1447402.jpg,1
images/falafel/1057875.jpg,23
images/cup_cakes/2450774.jpg,18
images/crab_cakes/866251.jpg,16
images/eggs_benedict/2486617.jpg,21
images/donuts/3766515.jpg,19
images/edamame/2193881.jpg,20
images/bruschetta/364301.jpg,5
images/churros/2713091.jpg,14
images/cheesecake/3267121.jpg,11
images/beignets/1180200.jpg,4
images/foie_gras/149983.jpg,25
images/donuts/3123848.jpg,19
images/fish_and_chips/1923647.jpg,24
images/falafel/2419395.jpg,23
images/caesar_salad/1234445.jpg,6
images/churros/1431470.jpg,14
images/eggs_benedict/1588787.jpg,21
images/chocolate_cake/3690549.jpg,13
images/cheesecake/745664.jpg,11
images/eggs_benedict/2526121.jpg,21
images/eggs_benedict/2282149.jpg,21
images/churros/680069.jpg,14
images/bruschetta/1607884.jpg,5
images/apple_pie/3633369.jpg,0
images/carrot_cake/3682075.jpg,9
images/falafel/2102451.jpg,23
images/baklava/3354419.jpg,1
images/cannoli/2676919.jpg,7
images/chicken_wings/174692.jpg,12
images/french_fries/443143.jpg,26
images/falafel/1791995.jpg,23
images/donuts/1641848.jpg,19
images/cannoli/3880510.jpg,7
images/cannoli/1499412.jpg,7
images/carrot_cake/125957.jpg,9
images/french_fries/3069835.jpg,26
images/creme_brulee/3705854.jpg,17
images/crab_cakes/797937.jpg,16
images/bruschetta/1075531.jpg,5
images/baklava/1319301.jpg,1
images/baklava/3778027.jpg,1
images/bruschetta/726930.jpg,5
images/chocolate_cake/1750037.jpg,13
images/crab_cakes/2897885.jpg,16
images/cannoli/2517030.jpg,7
images/chicken_wings/2816983.jpg,12
images/churros/2359058.jpg,14
images/apple_pie/2320000.jpg,0
images/donuts/518923.jpg,19
images/beef_carpaccio/1882837.jpg,2
images/crab_cakes/2348345.jpg,16
images/chocolate_cake/2818561.jpg,13
images/donuts/1275668.jpg,19
images/cup_cakes/2772730.jpg,18
images/caprese_salad/1263144.jpg,8
images/beef_carpaccio/2224419.jpg,2
images/falafel/3689251.jpg,23
images/chocolate_cake/3427783.jpg,13
images/creme_brulee/2496889.jpg,17
images/chicken_wings/1817884.jpg,12
images/beef_carpaccio/2918491.jpg,2
images/fish_and_chips/3149157.jpg,24
images/cup_cakes/35914.jpg,18
images/beignets/1034823.jpg,4
images/baklava/1080762.jpg,1
images/fish_and_chips/637644.jpg,24
images/foie_gras/1599908.jpg,25
images/bruschetta/1905725.jpg,5
images/caesar_salad/2923477.jpg,6
images/beet_salad/2353523.jpg,3
images/chocolate_cake/2681589.jpg,13
images/escargots/609549.jpg,22
images/creme_brulee/1207812.jpg,17
images/fish_and_chips/407005.jpg,24
images/caprese_salad/1342651.jpg,8
images/cup_cakes/1028773.jpg,18
images/donuts/756993.jpg,19
images/french_fries/2149566.jpg,26
images/beignets/1869263.jpg,4
images/beignets/2933632.jpg,4
images/cheese_plate/1149136.jpg,10
images/creme_brulee/74641.jpg,17
images/carrot_cake/1731288.jpg,9
images/falafel/3368546.jpg,23
images/churros/2497560.jpg,14
images/club_sandwich/1441678.jpg,15
images/apple_pie/693210.jpg,0
images/falafel/598753.jpg,23
images/carrot_cake/164347.jpg,9
images/cannoli/144231.jpg,7
images/french_fries/483574.jpg,26
images/eggs_benedict/198957.jpg,21
images/club_sandwich/1842997.jpg,15
images/crab_cakes/1890191.jpg,16
images/bruschetta/931178.jpg,5
images/falafel/2705875.jpg,23
images/creme_brulee/742636.jpg,17
images/carrot_cake/2752503.jpg,9
images/chicken_wings/39265.jpg,12
images/fish_and_chips/1811496.jpg,24
images/foie_gras/1541511.jpg,25
images/cup_cakes/369649.jpg,18
images/caesar_salad/2939998.jpg,6
images/cup_cakes/801744.jpg,18
images/foie_gras/196435.jpg,25
images/falafel/86681.jpg,23
images/carrot_cake/33902.jpg,9
images/eggs_benedict/2644524.jpg,21
images/club_sandwich/783435.jpg,15
images/apple_pie/2853890.jpg,0
images/caprese_salad/133367.jpg,8
images/donuts/137585.jpg,19
images/cup_cakes/2318651.jpg,18
images/baklava/3654850.jpg,1
images/club_sandwich/504378.jpg,15
images/cannoli/3897254.jpg,7
images/french_fries/3728345.jpg,26
images/falafel/2803201.jpg,23
images/baklava/2694279.jpg,1
images/creme_brulee/3381567.jpg,17
images/falafel/146351.jpg,23
images/eggs_benedict/1266289.jpg,21
images/cup_cakes/3429805.jpg,18
images/french_fries/3342829.jpg,26
images/cup_cakes/2653736.jpg,18
images/cannoli/324449.jpg,7
images/cup_cakes/1097999.jpg,18
images/beignets/3806816.jpg,4
images/bruschetta/3422245.jpg,5
images/chocolate_cake/1304467.jpg,13
images/beet_salad/1173705.jpg,3
images/cheesecake/3611151.jpg,11
images/foie_gras/1771743.jpg,25
images/donuts/2661496.jpg,19
images/beignets/2899933.jpg,4
images/chicken_wings/2419604.jpg,12
images/edamame/1228254.jpg,20
images/beignets/2141306.jpg,4
images/chicken_wings/788545.jpg,12
images/falafel/3260367.jpg,23
images/cup_cakes/2838796.jpg,18
images/chicken_wings/1102767.jpg,12
images/crab_cakes/2447531.jpg,16
images/beef_carpaccio/776057.jpg,2
images/donuts/1031654.jpg,19
images/bruschetta/3177096.jpg,5
images/donuts/3903470.jpg,19
images/caesar_salad/3744588.jpg,6
images/chicken_wings/492056.jpg,12
images/eggs_benedict/1954934.jpg,21
images/edamame/3581860.jpg,20
images/chicken_wings/2190100.jpg,12
images/cannoli/3617041.jpg,7
images/escargots/1394953.jpg,22
images/beef_carpaccio/2082007.jpg,2
images/eggs_benedict/1637934.jpg,21
images/baklava/3889053.jpg,1
images/caesar_salad/3588012.jpg,6
images/churros/1378981.jpg,14
images/eggs_benedict/2318829.jpg,21
images/cannoli/1362309.jpg,7
images/carrot_cake/2236504.jpg,9
images/fish_and_chips/173256.jpg,24
images/bruschetta/617001.jpg,5
images/cup_cakes/2238554.jpg,18
images/cheesecake/3915954.jpg,11
images/churros/1061830.jpg,14
images/chicken_wings/1012615.jpg,12
images/falafel/3882357.jpg,23
images/carrot_cake/2235454.jpg,9
images/cheesecake/3900070.jpg,11
images/caprese_salad/75083.jpg,8
images/falafel/892305.jpg,23
images/carrot_cake/2752659.jpg,9
images/beignets/2498140.jpg,4
images/cup_cakes/355018.jpg,18
images/beef_carpaccio/794401.jpg,2
images/cup_cakes/348212.jpg,18
images/carrot_cake/866640.jpg,9
images/cheese_plate/864835.jpg,10
images/crab_cakes/1440801.jpg,16
images/creme_brulee/496760.jpg,17
images/french_fries/3622622.jpg,26
images/escargots/3468454.jpg,22
images/creme_brulee/1355536.jpg,17
images/chicken_wings/772600.jpg,12
images/caprese_salad/3008907.jpg,8
images/bruschetta/713493.jpg,5
images/apple_pie/2163544.jpg,0
images/donuts/582209.jpg,19
images/cannoli/2981877.jpg,7
images/falafel/3072092.jpg,23
images/eggs_benedict/228344.jpg,21
images/club_sandwich/1844943.jpg,15
images/carrot_cake/1458084.jpg,9
images/bruschetta/1365611.jpg,5
images/chocolate_cake/1631581.jpg,13
images/carrot_cake/3467308.jpg,9
images/crab_cakes/2833295.jpg,16
images/cup_cakes/71410.jpg,18
images/chicken_wings/3407407.jpg,12
images/fish_and_chips/1015916.jpg,24
images/foie_gras/790777.jpg,25
images/french_fries/3195201.jpg,26
images/escargots/1020422.jpg,22
images/crab_cakes/1511645.jpg,16
images/escargots/359145.jpg,22
images/creme_brulee/1529411.jpg,17
images/apple_pie/3461245.jpg,0
images/apple_pie/2839261.jpg,0
images/eggs_benedict/1676632.jpg,21
images/beet_salad/3808954.jpg,3
images/foie_gras/2325009.jpg,25
images/caprese_salad/1184460.jpg,8
images/beet_salad/2881036.jpg,3
images/caprese_salad/2085887.jpg,8
images/edamame/1832203.jpg,20
images/baklava/3768678.jpg,1
images/escargots/1286946.jpg,22
images/falafel/3793688.jpg,23
images/beignets/79149.jpg,4
images/churros/776000.jpg,14
images/eggs_benedict/462593.jpg,21
images/falafel/2239096.jpg,23
images/cheesecake/38622.jpg,11
images/beef_carpaccio/2239288.jpg,2
images/cup_cakes/618877.jpg,18
images/cup_cakes/2582503.jpg,18
images/donuts/1539730.jpg,19
images/cheese_plate/3686443.jpg,10
images/chocolate_cake/3543733.jpg,13
images/beignets/52440.jpg,4
images/cannoli/617210.jpg,7
images/donuts/859772.jpg,19
images/caesar_salad/1307643.jpg,6
images/foie_gras/1902259.jpg,25
images/creme_brulee/2131844.jpg,17
images/cup_cakes/690022.jpg,18
images/cup_cakes/2539286.jpg,18
images/falafel/585805.jpg,23
images/chicken_wings/2309572.jpg,12
images/fish_and_chips/1566646.jpg,24
images/cup_cakes/555239.jpg,18
images/edamame/3631341.jpg,20
images/beignets/2149914.jpg,4
images/foie_gras/3741535.jpg,25
images/foie_gras/403493.jpg,25
images/baklava/317841.jpg,1
images/creme_brulee/1875810.jpg,17
images/carrot_cake/1820254.jpg,9
images/chocolate_cake/2537017.jpg,13
images/beef_carpaccio/19705.jpg,2
images/cannoli/1380763.jpg,7
images/churros/1995090.jpg,14
images/beignets/2358653.jpg,4
images/caprese_salad/2432233.jpg,8
images/cheese_plate/1596054.jpg,10
images/chocolate_cake/1104843.jpg,13
images/foie_gras/1672756.jpg,25
images/foie_gras/418259.jpg,25
images/cup_cakes/1776994.jpg,18
images/caprese_salad/2312032.jpg,8
images/beignets/3723694.jpg,4
images/apple_pie/157083.jpg,0
images/apple_pie/884504.jpg,0
images/beet_salad/2985511.jpg,3
images/carrot_cake/598292.jpg,9
images/bruschetta/3921893.jpg,5
images/foie_gras/3638850.jpg,25
images/falafel/635717.jpg,23
images/escargots/88877.jpg,22
images/chocolate_cake/726626.jpg,13
images/cannoli/293390.jpg,7
images/churros/664049.jpg,14
images/falafel/3078386.jpg,23
images/chicken_wings/1538012.jpg,12
images/french_fries/2015613.jpg,26
images/french_fries/782182.jpg,26
images/crab_cakes/2441583.jpg,16
images/escargots/2043995.jpg,22
images/fish_and_chips/3340230.jpg,24
images/caprese_salad/884690.jpg,8
images/cup_cakes/1505013.jpg,18
images/carrot_cake/1441332.jpg,9
images/escargots/1376753.jpg,22
images/creme_brulee/3415607.jpg,17
images/bruschetta/1526591.jpg,5
images/chocolate_cake/2656187.jpg,13
images/cheesecake/1949233.jpg,11
images/club_sandwich/819992.jpg,15
images/chicken_wings/249723.jpg,12
images/chicken_wings/2774516.jpg,12
images/crab_cakes/1460338.jpg,16
images/creme_brulee/988854.jpg,17
images/baklava/2410206.jpg,1
images/caprese_salad/1734638.jpg,8
images/churros/3297337.jpg,14
images/chocolate_cake/1596779.jpg,13
images/cannoli/2210687.jpg,7
images/escargots/1788763.jpg,22
images/club_sandwich/118916.jpg,15
images/fish_and_chips/1677201.jpg,24
images/caesar_salad/3118908.jpg,6
images/donuts/408643.jpg,19
images/escargots/1518549.jpg,22
images/baklava/150879.jpg,1
images/foie_gras/2808949.jpg,25
images/eggs_benedict/400123.jpg,21
images/eggs_benedict/98373.jpg,21
images/cheese_plate/3334558.jpg,10
images/donuts/2157609.jpg,19
images/beignets/3447383.jpg,4
images/bruschetta/902325.jpg,5
images/creme_brulee/2369615.jpg,17
images/caesar_salad/1891838.jpg,6
images/donuts/2922320.jpg,19
images/caprese_salad/1030908.jpg,8
images/apple_pie/136256.jpg,0
images/beet_salad/1217698.jpg,3
images/cannoli/3747363.jpg,7
images/cup_cakes/106501.jpg,18
images/donuts/234991.jpg,19
images/bruschetta/796847.jpg,5
images/beignets/3189065.jpg,4
images/bruschetta/575963.jpg,5
images/falafel/3399895.jpg,23
images/chocolate_cake/175748.jpg,13
images/foie_gras/1665621.jpg,25
images/eggs_benedict/1979223.jpg,21
images/crab_cakes/1797642.jpg,16
images/beet_salad/3118092.jpg,3
images/donuts/2649404.jpg,19
images/chicken_wings/727913.jpg,12
images/cheese_plate/2764969.jpg,10
images/club_sandwich/1630538.jpg,15
images/crab_cakes/1706202.jpg,16
images/chocolate_cake/1012239.jpg,13
images/chocolate_cake/3096113.jpg,13
images/edamame/3255279.jpg,20
images/edamame/288773.jpg,20
images/carrot_cake/3531520.jpg,9
images/beet_salad/3492732.jpg,3
images/eggs_benedict/349502.jpg,21
images/french_fries/2503834.jpg,26
images/edamame/3869100.jpg,20
images/churros/3554113.jpg,14
images/eggs_benedict/3234301.jpg,21
images/edamame/1429039.jpg,20
images/bruschetta/3355284.jpg,5
images/cheesecake/1725587.jpg,11
images/foie_gras/3529301.jpg,25
images/chocolate_cake/601217.jpg,13
images/foie_gras/3382988.jpg,25
images/beet_salad/2198453.jpg,3
images/escargots/3547563.jpg,22
images/falafel/1516396.jpg,23
images/baklava/2068554.jpg,1
images/fish_and_chips/1347837.jpg,24
images/beef_carpaccio/1916354.jpg,2
images/baklava/1988719.jpg,1
images/caesar_salad/823016.jpg,6
images/fish_and_chips/3780455.jpg,24
images/crab_cakes/838515.jpg,16
images/apple_pie/2909139.jpg,0
images/cup_cakes/67469.jpg,18
images/eggs_benedict/323906.jpg,21
images/carrot_cake/51311.jpg,9
images/club_sandwich/3204285.jpg,15
images/beignets/1360771.jpg,4
images/cannoli/1057676.jpg,7
images/french_fries/872550.jpg,26
images/chicken_wings/2790738.jpg,12
images/eggs_benedict/768879.jpg,21
images/edamame/3346459.jpg,20
images/foie_gras/3226907.jpg,25
images/churros/1399266.jpg,14
images/creme_brulee/666374.jpg,17
images/beignets/2386472.jpg,4
images/beignets/2221782.jpg,4
images/escargots/3591614.jpg,22
images/caprese_salad/3472988.jpg,8
images/cannoli/2318360.jpg,7
images/bruschetta/1056494.jpg,5
images/chocolate_cake/3544250.jpg,13
images/churros/3822614.jpg,14
images/edamame/2650438.jpg,20
images/cheesecake/3725540.jpg,11
images/cheese_plate/699408.jpg,10
images/creme_brulee/3315681.jpg,17
images/beignets/1002850.jpg,4
images/beet_salad/3384112.jpg,3
images/caesar_salad/2018388.jpg,6
images/cup_cakes/913886.jpg,18
images/churros/2463252.jpg,14
images/fish_and_chips/2503977.jpg,24
images/carrot_cake/3360327.jpg,9
images/falafel/269459.jpg,23
images/donuts/2975172.jpg,19
images/caesar_salad/291324.jpg,6
images/crab_cakes/811156.jpg,16
images/beef_carpaccio/3601506.jpg,2
images/edamame/3089687.jpg,20
images/carrot_cake/1452452.jpg,9
images/beef_carpaccio/3066825.jpg,2
images/carrot_cake/1753495.jpg,9
images/chocolate_cake/104030.jpg,13
images/donuts/1135840.jpg,19
images/cheesecake/882135.jpg,11
images/beet_salad/3426018.jpg,3
images/apple_pie/1815947.jpg,0
images/caesar_salad/2568397.jpg,6
images/beet_salad/3587575.jpg,3
images/falafel/1459034.jpg,23
images/churros/943865.jpg,14
images/beet_salad/902962.jpg,3
images/caprese_salad/1958437.jpg,8
images/beet_salad/303707.jpg,3
images/cheesecake/3434716.jpg,11
images/donuts/3464223.jpg,19
images/escargots/809828.jpg,22
images/escargots/3894721.jpg,22
images/donuts/2528050.jpg,19
images/cannoli/687518.jpg,7
images/churros/280963.jpg,14
images/chocolate_cake/3651162.jpg,13
images/caprese_salad/1249613.jpg,8
images/cheese_plate/2292958.jpg,10
images/beignets/3452291.jpg,4
images/bruschetta/1982171.jpg,5
images/fish_and_chips/2656495.jpg,24
images/chicken_wings/383999.jpg,12
images/bruschetta/2867231.jpg,5
images/caprese_salad/936246.jpg,8
images/donuts/363907.jpg,19
images/foie_gras/1729368.jpg,25
images/edamame/2293955.jpg,20
images/creme_brulee/896028.jpg,17
images/foie_gras/2356197.jpg,25
images/cheesecake/1590158.jpg,11
images/club_sandwich/2165272.jpg,15
images/apple_pie/490047.jpg,0
images/beef_carpaccio/3472502.jpg,2
images/apple_pie/1990658.jpg,0
images/chicken_wings/76354.jpg,12
images/donuts/196569.jpg,19
images/fish_and_chips/97086.jpg,24
images/beet_salad/3432484.jpg,3
images/cannoli/3581911.jpg,7
images/creme_brulee/1884611.jpg,17
images/crab_cakes/3822388.jpg,16
images/cheesecake/2260095.jpg,11
images/bruschetta/1682366.jpg,5
images/apple_pie/299931.jpg,0
images/chocolate_cake/2482120.jpg,13
images/chicken_wings/1228237.jpg,12
images/cup_cakes/3213560.jpg,18
images/french_fries/3708309.jpg,26
images/eggs_benedict/2835193.jpg,21
images/crab_cakes/3402533.jpg,16
images/churros/1864508.jpg,14
images/cheesecake/3199981.jpg,11
images/beignets/2541549.jpg,4
images/escargots/88503.jpg,22
images/foie_gras/859453.jpg,25
images/creme_brulee/2422456.jpg,17
images/apple_pie/3708396.jpg,0
images/beef_carpaccio/698635.jpg,2
images/carrot_cake/1452060.jpg,9
images/chicken_wings/1347449.jpg,12
images/beet_salad/627359.jpg,3
images/escargots/3150880.jpg,22
images/french_fries/2903605.jpg,26
images/bruschetta/3736443.jpg,5
images/donuts/2840499.jpg,19
images/donuts/3082703.jpg,19
images/french_fries/366349.jpg,26
images/escargots/3901913.jpg,22
images/beet_salad/2092567.jpg,3
images/falafel/466611.jpg,23
images/escargots/2661203.jpg,22
images/chocolate_cake/1779025.jpg,13
images/cup_cakes/2301209.jpg,18
images/club_sandwich/2124027.jpg,15
images/baklava/182908.jpg,1
images/caprese_salad/3220459.jpg,8
images/baklava/3851065.jpg,1
images/chicken_wings/656718.jpg,12
images/eggs_benedict/56601.jpg,21
images/foie_gras/1408862.jpg,25
images/beet_salad/1282428.jpg,3
images/apple_pie/1429866.jpg,0
images/escargots/1684019.jpg,22
images/falafel/1964864.jpg,23
images/apple_pie/1077610.jpg,0
images/fish_and_chips/925849.jpg,24
images/cannoli/3434673.jpg,7
images/caprese_salad/297661.jpg,8
images/beignets/234562.jpg,4
images/beef_carpaccio/1736023.jpg,2
images/bruschetta/902576.jpg,5
images/creme_brulee/3829590.jpg,17
images/cheese_plate/864825.jpg,10
images/beef_carpaccio/1222478.jpg,2
images/eggs_benedict/2072109.jpg,21
images/chocolate_cake/2697806.jpg,13
images/apple_pie/2379223.jpg,0
images/cheesecake/3824062.jpg,11
images/cup_cakes/2314937.jpg,18
images/chicken_wings/1699238.jpg,12
images/crab_cakes/2157871.jpg,16
images/creme_brulee/2404802.jpg,17
images/caesar_salad/3449096.jpg,6
images/eggs_benedict/1922607.jpg,21
images/cup_cakes/230593.jpg,18
images/fish_and_chips/2756991.jpg,24
images/club_sandwich/165094.jpg,15
images/club_sandwich/1948954.jpg,15
images/carrot_cake/244667.jpg,9
images/edamame/43646.jpg,20
images/donuts/2661491.jpg,19
images/beet_salad/440479.jpg,3
images/creme_brulee/1072368.jpg,17
images/caesar_salad/3512052.jpg,6
images/creme_brulee/3189539.jpg,17
images/fish_and_chips/2309890.jpg,24
images/chicken_wings/834669.jpg,12
images/caprese_salad/507359.jpg,8
images/escargots/1620610.jpg,22
images/club_sandwich/2081818.jpg,15
images/churros/384446.jpg,14
images/falafel/1718384.jpg,23
images/cup_cakes/3310015.jpg,18
images/eggs_benedict/365087.jpg,21
images/bruschetta/62108.jpg,5
images/chicken_wings/1568515.jpg,12
images/baklava/295046.jpg,1
images/french_fries/143994.jpg,26
images/beignets/1296128.jpg,4
images/chicken_wings/2647303.jpg,12
images/bruschetta/3496454.jpg,5
images/cheesecake/2071574.jpg,11
images/cheesecake/2103699.jpg,11
images/french_fries/2952319.jpg,26
images/cheesecake/1583451.jpg,11
images/cheese_plate/2666673.jpg,10
images/caesar_salad/2164203.jpg,6
images/cheese_plate/250945.jpg,10
images/crab_cakes/1460600.jpg,16
images/beef_carpaccio/1728686.jpg,2
images/french_fries/1443088.jpg,26
images/chicken_wings/123202.jpg,12
images/fish_and_chips/3031400.jpg,24
images/falafel/3089742.jpg,23
images/cheesecake/3688698.jpg,11
images/chicken_wings/969586.jpg,12
images/club_sandwich/3507210.jpg,15
images/cheesecake/1756729.jpg,11
images/churros/3629038.jpg,14
images/baklava/1432026.jpg,1
images/edamame/4321.jpg,20
images/cup_cakes/166543.jpg,18
images/apple_pie/2764233.jpg,0
images/baklava/3645013.jpg,1
images/donuts/1131919.jpg,19
images/beet_salad/1928278.jpg,3
images/foie_gras/3843001.jpg,25
images/crab_cakes/2946144.jpg,16
images/eggs_benedict/3186731.jpg,21
images/cannoli/1819956.jpg,7
images/cup_cakes/3646129.jpg,18
images/apple_pie/3805347.jpg,0
images/crab_cakes/1334296.jpg,16
images/cannoli/247922.jpg,7
images/bruschetta/3692447.jpg,5
images/crab_cakes/486886.jpg,16
images/apple_pie/3549466.jpg,0
images/caesar_salad/3671604.jpg,6
images/foie_gras/310353.jpg,25
images/cannoli/1808339.jpg,7
images/falafel/2474174.jpg,23
images/beet_salad/1757299.jpg,3
images/cup_cakes/2861945.jpg,18
images/beef_carpaccio/77054.jpg,2
images/foie_gras/9160.jpg,25
images/bruschetta/2519765.jpg,5
images/donuts/794521.jpg,19
images/foie_gras/1698719.jpg,25
images/chocolate_cake/2906322.jpg,13
images/beef_carpaccio/466766.jpg,2
images/cannoli/358377.jpg,7
images/french_fries/2740844.jpg,26
images/fish_and_chips/1942144.jpg,24
images/fish_and_chips/3243309.jpg,24
images/beef_carpaccio/1473719.jpg,2
images/beef_carpaccio/2211025.jpg,2
images/edamame/1288190.jpg,20
images/falafel/3884402.jpg,23
images/cheese_plate/2770537.jpg,10
images/baklava/67320.jpg,1
images/caprese_salad/1613252.jpg,8
images/beet_salad/2106413.jpg,3
images/baklava/2418077.jpg,1
images/cannoli/186127.jpg,7
images/chocolate_cake/3000726.jpg,13
images/cheesecake/1871868.jpg,11
images/chocolate_cake/1377583.jpg,13
images/caesar_salad/3637443.jpg,6
images/cheese_plate/3117937.jpg,10
images/caprese_salad/3372716.jpg,8
images/beet_salad/810538.jpg,3
images/foie_gras/302051.jpg,25
images/beignets/758352.jpg,4
images/bruschetta/2616303.jpg,5
images/creme_brulee/885093.jpg,17
images/escargots/1910214.jpg,22
images/beef_carpaccio/1013939.jpg,2
images/carrot_cake/357108.jpg,9
images/donuts/875318.jpg,19
images/donuts/2938515.jpg,19
images/baklava/1859309.jpg,1
images/caesar_salad/2151978.jpg,6
images/beignets/3119239.jpg,4
images/cannoli/544821.jpg,7
images/eggs_benedict/245722.jpg,21
images/beet_salad/3104065.jpg,3
images/caesar_salad/3307691.jpg,6
images/eggs_benedict/2807778.jpg,21
images/creme_brulee/2975347.jpg,17
images/caprese_salad/798683.jpg,8
images/beef_carpaccio/217698.jpg,2
images/foie_gras/546651.jpg,25
images/caprese_salad/1894518.jpg,8
images/cannoli/1213672.jpg,7
images/apple_pie/2724897.jpg,0
images/beet_salad/3363469.jpg,3
images/beignets/698757.jpg,4
images/creme_brulee/841424.jpg,17
images/baklava/3690616.jpg,1
images/cannoli/1089515.jpg,7
images/edamame/1358862.jpg,20
images/cup_cakes/2733645.jpg,18
images/churros/3066612.jpg,14
images/caprese_salad/3029521.jpg,8
images/creme_brulee/60805.jpg,17
images/baklava/2144347.jpg,1
images/beet_salad/3529810.jpg,3
images/bruschetta/1531086.jpg,5
images/club_sandwich/581932.jpg,15
images/cheese_plate/1914525.jpg,10
images/cheese_plate/2388130.jpg,10
images/beignets/1276384.jpg,4
images/apple_pie/1815972.jpg,0
images/carrot_cake/272013.jpg,9
images/french_fries/573932.jpg,26
images/apple_pie/2751755.jpg,0
images/cheesecake/358018.jpg,11
images/beignets/3179597.jpg,4
images/caprese_salad/3484794.jpg,8
images/eggs_benedict/339230.jpg,21
images/bruschetta/2626162.jpg,5
images/cannoli/3631205.jpg,7
images/cheesecake/929004.jpg,11
images/cannoli/271470.jpg,7
images/beignets/1776761.jpg,4
images/beignets/3446121.jpg,4
images/carrot_cake/2036706.jpg,9
images/edamame/3073801.jpg,20
images/carrot_cake/148324.jpg,9
images/baklava/3009508.jpg,1
images/caprese_salad/463024.jpg,8
images/creme_brulee/930285.jpg,17
images/cheesecake/2940339.jpg,11
images/french_fries/3325881.jpg,26
images/caprese_salad/1846489.jpg,8
images/eggs_benedict/2664593.jpg,21
images/club_sandwich/2509330.jpg,15
images/cheesecake/42503.jpg,11
images/french_fries/3061304.jpg,26
images/bruschetta/1857065.jpg,5
images/french_fries/370033.jpg,26
images/cannoli/3319479.jpg,7
images/foie_gras/3670183.jpg,25
images/chocolate_cake/2302760.jpg,13
images/crab_cakes/3158822.jpg,16
images/beef_carpaccio/1663789.jpg,2
images/churros/2842152.jpg,14
images/club_sandwich/3376038.jpg,15
images/club_sandwich/1402597.jpg,15
images/falafel/2812887.jpg,23
images/carrot_cake/313320.jpg,9
images/beet_salad/770262.jpg,3
images/baklava/3455436.jpg,1
images/cheese_plate/1608974.jpg,10
images/carrot_cake/2033596.jpg,9
images/eggs_benedict/2993583.jpg,21
images/chicken_wings/66914.jpg,12
images/bruschetta/3539418.jpg,5
images/beet_salad/1176731.jpg,3
images/fish_and_chips/5705.jpg,24
images/edamame/229466.jpg,20
images/baklava/3584585.jpg,1
images/foie_gras/1189009.jpg,25
images/french_fries/375233.jpg,26
images/donuts/1310485.jpg,19
images/carrot_cake/373479.jpg,9
images/edamame/2035309.jpg,20
images/baklava/909899.jpg,1
images/churros/2167393.jpg,14
images/club_sandwich/26160.jpg,15
images/churros/1849640.jpg,14
images/crab_cakes/1396130.jpg,16
images/beef_carpaccio/2062049.jpg,2
images/falafel/1611924.jpg,23
images/cup_cakes/134293.jpg,18
images/bruschetta/141729.jpg,5
images/churros/1743495.jpg,14
images/beef_carpaccio/2294418.jpg,2
images/carrot_cake/2064872.jpg,9
images/edamame/3500038.jpg,20
images/escargots/995450.jpg,22
images/crab_cakes/3174774.jpg,16
images/fish_and_chips/2508219.jpg,24
images/beignets/2701580.jpg,4
images/caesar_salad/1462824.jpg,6
images/cannoli/3659976.jpg,7
images/beet_salad/1149995.jpg,3
images/cheese_plate/2034392.jpg,10
images/chicken_wings/288978.jpg,12
images/club_sandwich/293702.jpg,15
images/apple_pie/3192077.jpg,0
images/caesar_salad/3190573.jpg,6
images/falafel/437621.jpg,23
images/donuts/2349280.jpg,19
images/eggs_benedict/152547.jpg,21
images/beet_salad/3189302.jpg,3
images/foie_gras/98353.jpg,25
images/foie_gras/3479343.jpg,25
images/carrot_cake/3134291.jpg,9
images/escargots/1882342.jpg,22
images/cheese_plate/2906703.jpg,10
images/baklava/1692534.jpg,1
images/french_fries/1813453.jpg,26
images/chicken_wings/2723856.jpg,12
images/carrot_cake/525971.jpg,9
images/carrot_cake/3832563.jpg,9
images/caesar_salad/150152.jpg,6
images/cannoli/992416.jpg,7
images/cup_cakes/3164042.jpg,18
images/escargots/3146936.jpg,22
images/baklava/3059870.jpg,1
images/french_fries/1074446.jpg,26
images/chocolate_cake/3440460.jpg,13
images/beet_salad/3090163.jpg,3
images/baklava/1117620.jpg,1
images/beef_carpaccio/1674540.jpg,2
images/cheese_plate/2364686.jpg,10
images/escargots/1827340.jpg,22
images/eggs_benedict/1749955.jpg,21
images/cheese_plate/2626514.jpg,10
images/beef_carpaccio/1420367.jpg,2
images/foie_gras/1170882.jpg,25
images/caprese_salad/2421010.jpg,8
images/cheese_plate/3651355.jpg,10
images/cheesecake/1707618.jpg,11
images/churros/2002940.jpg,14
images/eggs_benedict/3910021.jpg,21
images/donuts/1513440.jpg,19
images/beet_salad/1661792.jpg,3
images/donuts/520733.jpg,19
images/caprese_salad/3795556.jpg,8
images/club_sandwich/3793018.jpg,15
images/beef_carpaccio/861285.jpg,2
images/cup_cakes/1615927.jpg,18
images/club_sandwich/3833944.jpg,15
images/french_fries/123929.jpg,26
images/eggs_benedict/3845826.jpg,21
images/chocolate_cake/1735822.jpg,13
images/falafel/476327.jpg,23
images/cannoli/1364929.jpg,7
images/churros/2704666.jpg,14
images/beignets/234134.jpg,4
images/donuts/1658464.jpg,19
images/caprese_salad/2259601.jpg,8
images/eggs_benedict/2644765.jpg,21
images/cheese_plate/1926439.jpg,10
images/cheesecake/2554570.jpg,11
images/escargots/996455.jpg,22
images/cheesecake/2029634.jpg,11
images/caesar_salad/501807.jpg,6
images/cup_cakes/20377.jpg,18
images/beignets/1778077.jpg,4
images/baklava/1228534.jpg,1
images/churros/3846374.jpg,14
images/bruschetta/3725753.jpg,5
images/caprese_salad/2179482.jpg,8
images/cheesecake/3614194.jpg,11
images/cannoli/3830551.jpg,7
images/cannoli/3921790.jpg,7
images/club_sandwich/172594.jpg,15
images/caesar_salad/540853.jpg,6
images/beet_salad/2595905.jpg,3
images/cannoli/3002709.jpg,7
images/fish_and_chips/2079760.jpg,24
images/cheese_plate/60460.jpg,10
images/churros/2539667.jpg,14
images/club_sandwich/3064357.jpg,15
images/beignets/541563.jpg,4
images/carrot_cake/3650100.jpg,9
images/beef_carpaccio/1568046.jpg,2
images/carrot_cake/1566964.jpg,9
images/escargots/1608570.jpg,22
images/foie_gras/35694.jpg,25
images/beet_salad/1003501.jpg,3
images/cup_cakes/1889487.jpg,18
images/creme_brulee/1850110.jpg,17
images/bruschetta/1565037.jpg,5
images/edamame/3900830.jpg,20
images/club_sandwich/3134919.jpg,15
images/edamame/1129866.jpg,20
images/cheese_plate/858092.jpg,10
images/escargots/3316378.jpg,22
images/apple_pie/1072416.jpg,0
images/cheese_plate/498962.jpg,10
images/cheesecake/3274778.jpg,11
images/carrot_cake/150658.jpg,9
images/falafel/1979709.jpg,23
images/donuts/3014911.jpg,19
images/chicken_wings/2888541.jpg,12
images/cannoli/2181278.jpg,7
images/carrot_cake/512048.jpg,9
images/french_fries/3447353.jpg,26
images/cannoli/129808.jpg,7
images/creme_brulee/380408.jpg,17
images/bruschetta/227901.jpg,5
images/cannoli/871667.jpg,7
images/chocolate_cake/1024366.jpg,13
images/crab_cakes/1197697.jpg,16
images/bruschetta/848012.jpg,5
images/chocolate_cake/250947.jpg,13
images/club_sandwich/970294.jpg,15
images/cheesecake/259259.jpg,11
images/crab_cakes/3672246.jpg,16
images/crab_cakes/1762901.jpg,16
images/edamame/2937161.jpg,20
images/eggs_benedict/630175.jpg,21
images/cheese_plate/1368868.jpg,10
images/french_fries/612646.jpg,26
images/foie_gras/1757625.jpg,25
images/fish_and_chips/742698.jpg,24
images/eggs_benedict/1111472.jpg,21
images/creme_brulee/339700.jpg,17
images/french_fries/374001.jpg,26
images/donuts/1866881.jpg,19
images/cheesecake/1023543.jpg,11
images/eggs_benedict/3760410.jpg,21
images/chocolate_cake/3010472.jpg,13
images/beet_salad/1024783.jpg,3
images/bruschetta/2381015.jpg,5
images/club_sandwich/3224134.jpg,15
images/foie_gras/1575186.jpg,25
images/beignets/3001641.jpg,4
images/creme_brulee/2262132.jpg,17
images/eggs_benedict/3357314.jpg,21
images/french_fries/2062301.jpg,26
images/caesar_salad/112733.jpg,6
images/caprese_salad/1847628.jpg,8
images/cheesecake/3904520.jpg,11
images/crab_cakes/2741150.jpg,16
images/baklava/2667777.jpg,1
images/cheesecake/2202394.jpg,11
images/baklava/1881388.jpg,1
images/edamame/2979095.jpg,20
images/fish_and_chips/2716861.jpg,24
images/beignets/14824.jpg,4
images/cannoli/3592838.jpg,7
images/baklava/3403791.jpg,1
images/french_fries/1133382.jpg,26
images/beet_salad/2354083.jpg,3
images/baklava/3681797.jpg,1
images/cheesecake/1354889.jpg,11
images/club_sandwich/1411682.jpg,15
images/apple_pie/1397313.jpg,0
images/french_fries/2833974.jpg,26
images/baklava/2208073.jpg,1
images/caesar_salad/3865100.jpg,6
images/baklava/3517946.jpg,1
images/falafel/929328.jpg,23
images/chocolate_cake/1147965.jpg,13
images/beef_carpaccio/1092672.jpg,2
images/caesar_salad/209350.jpg,6
images/falafel/3207013.jpg,23
images/beignets/935415.jpg,4
images/caesar_salad/3594213.jpg,6
images/beet_salad/1005864.jpg,3
images/chocolate_cake/3698195.jpg,13
images/fish_and_chips/248457.jpg,24
images/cup_cakes/470383.jpg,18
images/donuts/2209979.jpg,19
images/carrot_cake/3216129.jpg,9
images/bruschetta/1623765.jpg,5
images/eggs_benedict/2326753.jpg,21
images/caesar_salad/932014.jpg,6
images/falafel/3562334.jpg,23
images/caprese_salad/3885777.jpg,8
images/caesar_salad/2959935.jpg,6
images/cannoli/748867.jpg,7
images/baklava/1089062.jpg,1
images/caesar_salad/2112568.jpg,6
images/edamame/3133389.jpg,20
images/beet_salad/2646473.jpg,3
images/falafel/681390.jpg,23
images/french_fries/1439886.jpg,26
images/apple_pie/1484086.jpg,0
images/cheesecake/391930.jpg,11
images/carrot_cake/3905684.jpg,9
images/cannoli/1324978.jpg,7
images/baklava/1327644.jpg,1
images/creme_brulee/212134.jpg,17
images/beef_carpaccio/3698441.jpg,2
images/beet_salad/3144497.jpg,3
images/beef_carpaccio/3865235.jpg,2
images/bruschetta/1029070.jpg,5
images/club_sandwich/1708192.jpg,15
images/foie_gras/2060190.jpg,25
images/beignets/3825349.jpg,4
images/chicken_wings/2966637.jpg,12
images/cheese_plate/286905.jpg,10
images/cannoli/2283394.jpg,7
images/chicken_wings/2424594.jpg,12
images/cup_cakes/753000.jpg,18
images/donuts/2036733.jpg,19
images/chicken_wings/2885883.jpg,12
images/foie_gras/3152189.jpg,25
images/carrot_cake/2265125.jpg,9
images/beet_salad/2596593.jpg,3
images/beignets/657739.jpg,4
images/eggs_benedict/3257679.jpg,21
images/fish_and_chips/1611179.jpg,24
images/bruschetta/1510287.jpg,5
images/beignets/783227.jpg,4
images/falafel/1988894.jpg,23
images/falafel/3556569.jpg,23
images/bruschetta/2482988.jpg,5
images/carrot_cake/1743264.jpg,9
images/beignets/333412.jpg,4
images/eggs_benedict/1039716.jpg,21
images/eggs_benedict/3310939.jpg,21
images/bruschetta/2360802.jpg,5
images/falafel/3803343.jpg,23
images/baklava/2566349.jpg,1
images/donuts/87216.jpg,19
images/cup_cakes/529481.jpg,18
images/eggs_benedict/2438066.jpg,21
images/falafel/2040478.jpg,23
images/beignets/3422202.jpg,4
images/cheese_plate/440491.jpg,10
images/crab_cakes/1375154.jpg,16
images/beignets/2918175.jpg,4
images/foie_gras/1684394.jpg,25
images/chicken_wings/3473903.jpg,12
images/chocolate_cake/3516897.jpg,13
images/cannoli/3076608.jpg,7
images/apple_pie/1340287.jpg,0
images/creme_brulee/3211060.jpg,17
images/churros/244069.jpg,14
images/falafel/691557.jpg,23
images/chocolate_cake/3862402.jpg,13
images/cup_cakes/959259.jpg,18
images/donuts/1774835.jpg,19
images/club_sandwich/2928051.jpg,15
images/edamame/1100986.jpg,20
images/chicken_wings/2349384.jpg,12
images/cup_cakes/1489401.jpg,18
images/churros/538282.jpg,14
images/chocolate_cake/3231160.jpg,13
images/fish_and_chips/1313090.jpg,24
images/club_sandwich/727652.jpg,15
images/apple_pie/3365558.jpg,0
images/club_sandwich/2063266.jpg,15
images/creme_brulee/59534.jpg,17
images/creme_brulee/1720048.jpg,17
images/chocolate_cake/1319942.jpg,13
images/chocolate_cake/2479257.jpg,13
images/caesar_salad/3814311.jpg,6
images/chocolate_cake/3155200.jpg,13
images/churros/3882299.jpg,14
images/caesar_salad/1655562.jpg,6
images/crab_cakes/1641932.jpg,16
images/crab_cakes/2942368.jpg,16
images/fish_and_chips/3655902.jpg,24
images/carrot_cake/1085558.jpg,9
images/edamame/2921528.jpg,20
images/apple_pie/1361950.jpg,0
images/bruschetta/2166595.jpg,5
images/caprese_salad/3862031.jpg,8
images/eggs_benedict/1013425.jpg,21
images/cheese_plate/1846941.jpg,10
images/donuts/1360217.jpg,19
images/beignets/343347.jpg,4
images/apple_pie/2698889.jpg,0
images/edamame/1960387.jpg,20
images/apple_pie/23893.jpg,0
images/beef_carpaccio/681097.jpg,2
images/chicken_wings/2425119.jpg,12
images/chocolate_cake/381453.jpg,13
images/donuts/2686952.jpg,19
images/chocolate_cake/2304038.jpg,13
images/eggs_benedict/3236457.jpg,21
images/beignets/1349039.jpg,4
images/falafel/472356.jpg,23
images/cheesecake/124545.jpg,11
images/foie_gras/588777.jpg,25
images/cheese_plate/2993488.jpg,10
images/beet_salad/1781213.jpg,3
images/donuts/1740980.jpg,19
images/falafel/527223.jpg,23
images/french_fries/2661893.jpg,26
images/churros/679673.jpg,14
images/carrot_cake/3628735.jpg,9
images/beef_carpaccio/1209166.jpg,2
images/cheese_plate/3921698.jpg,10
images/churros/1697967.jpg,14
images/eggs_benedict/3222188.jpg,21
images/cup_cakes/1321330.jpg,18
images/escargots/2176562.jpg,22
images/eggs_benedict/3529558.jpg,21
images/churros/578101.jpg,14
images/cheese_plate/33684.jpg,10
images/creme_brulee/530417.jpg,17
images/creme_brulee/699755.jpg,17
images/baklava/3256382.jpg,1
images/apple_pie/3913827.jpg,0
images/cheesecake/2733864.jpg,11
images/chicken_wings/2462498.jpg,12
images/foie_gras/2687794.jpg,25
images/french_fries/2214673.jpg,26
images/escargots/496293.jpg,22
images/caesar_salad/474292.jpg,6
images/french_fries/3688281.jpg,26
images/falafel/2267733.jpg,23
images/cheese_plate/1009069.jpg,10
images/chicken_wings/2638576.jpg,12
images/eggs_benedict/3857305.jpg,21
images/cheesecake/2881161.jpg,11
images/beignets/2537504.jpg,4
images/creme_brulee/3828409.jpg,17
images/beef_carpaccio/2227816.jpg,2
images/beet_salad/1672518.jpg,3
images/fish_and_chips/1063525.jpg,24
images/donuts/1471597.jpg,19
images/caprese_salad/1792002.jpg,8
images/donuts/487742.jpg,19
images/beef_carpaccio/2224490.jpg,2
images/cannoli/2812514.jpg,7
images/beet_salad/1024061.jpg,3
images/carrot_cake/1683768.jpg,9
images/falafel/2191679.jpg,23
images/edamame/1378606.jpg,20
images/falafel/1114641.jpg,23
images/bruschetta/2314900.jpg,5
images/donuts/1108817.jpg,19
images/fish_and_chips/2604922.jpg,24
images/fish_and_chips/2484873.jpg,24
images/chicken_wings/414061.jpg,12
images/cup_cakes/807814.jpg,18
images/donuts/205830.jpg,19
images/chocolate_cake/2480326.jpg,13
images/cup_cakes/60474.jpg,18
images/foie_gras/3665138.jpg,25
images/beef_carpaccio/1891545.jpg,2
images/cannoli/3795196.jpg,7
images/baklava/2523553.jpg,1
images/french_fries/3368541.jpg,26
images/carrot_cake/695410.jpg,9
images/baklava/209463.jpg,1
images/cup_cakes/892875.jpg,18
images/foie_gras/3862219.jpg,25
images/foie_gras/2804772.jpg,25
images/caprese_salad/648661.jpg,8
images/chicken_wings/3756335.jpg,12
images/falafel/89814.jpg,23
images/caesar_salad/18688.jpg,6
images/edamame/873826.jpg,20
images/donuts/254939.jpg,19
images/cup_cakes/692133.jpg,18
images/beef_carpaccio/1725130.jpg,2
images/apple_pie/2819833.jpg,0
images/donuts/257317.jpg,19
images/cup_cakes/255398.jpg,18
images/carrot_cake/2680298.jpg,9
images/chicken_wings/3899777.jpg,12
images/caprese_salad/783076.jpg,8
images/cannoli/375740.jpg,7
images/cheesecake/3616238.jpg,11
images/crab_cakes/2269291.jpg,16
images/chicken_wings/1432342.jpg,12
images/crab_cakes/355503.jpg,16
images/foie_gras/3609374.jpg,25
images/edamame/254581.jpg,20
images/crab_cakes/1772537.jpg,16
images/cannoli/1729486.jpg,7
images/caesar_salad/805370.jpg,6
images/crab_cakes/1945853.jpg,16
images/cheese_plate/2237473.jpg,10
images/beef_carpaccio/984068.jpg,2
images/donuts/608315.jpg,19
images/cannoli/1424651.jpg,7
images/baklava/3117752.jpg,1
images/foie_gras/273464.jpg,25
images/club_sandwich/345660.jpg,15
images/chocolate_cake/703162.jpg,13
images/chocolate_cake/730069.jpg,13
images/apple_pie/3915887.jpg,0
images/cannoli/2877555.jpg,7
images/cheesecake/1127783.jpg,11
images/cheesecake/2032871.jpg,11
images/fish_and_chips/1168170.jpg,24
images/club_sandwich/683900.jpg,15
images/bruschetta/2886671.jpg,5
images/cup_cakes/1996308.jpg,18
images/crab_cakes/1598415.jpg,16
images/cannoli/2612632.jpg,7
images/beignets/151069.jpg,4
images/cheese_plate/3584747.jpg,10
images/baklava/1201665.jpg,1
images/donuts/3098879.jpg,19
images/caesar_salad/3686850.jpg,6
images/carrot_cake/3573391.jpg,9
images/beef_carpaccio/2640676.jpg,2
images/eggs_benedict/3573358.jpg,21
images/baklava/829347.jpg,1
images/beef_carpaccio/3849063.jpg,2
images/cheesecake/3082642.jpg,11
images/churros/2161860.jpg,14
images/donuts/2798595.jpg,19
images/creme_brulee/456372.jpg,17
images/eggs_benedict/3600013.jpg,21
images/bruschetta/1986313.jpg,5
images/eggs_benedict/3229538.jpg,21
images/creme_brulee/58605.jpg,17
images/eggs_benedict/2346874.jpg,21
images/apple_pie/3723561.jpg,0
images/edamame/3128167.jpg,20
images/crab_cakes/2441324.jpg,16
images/cheesecake/2986141.jpg,11
images/cup_cakes/2904223.jpg,18
images/cheesecake/84085.jpg,11
images/beef_carpaccio/321665.jpg,2
images/apple_pie/2303859.jpg,0
images/churros/2975534.jpg,14
images/eggs_benedict/2490773.jpg,21
images/creme_brulee/2642025.jpg,17
images/club_sandwich/1311560.jpg,15
images/falafel/328689.jpg,23
images/caesar_salad/2013029.jpg,6
images/chicken_wings/1679280.jpg,12
images/beef_carpaccio/662169.jpg,2
images/eggs_benedict/1028918.jpg,21
images/carrot_cake/1070211.jpg,9
images/cheese_plate/259345.jpg,10
images/club_sandwich/271014.jpg,15
images/beet_salad/479481.jpg,3
images/churros/2532463.jpg,14
images/falafel/176420.jpg,23
images/cheesecake/3572011.jpg,11
images/cannoli/1672637.jpg,7
images/caprese_salad/1909139.jpg,8
images/fish_and_chips/2698887.jpg,24
images/crab_cakes/1257440.jpg,16
images/edamame/2191520.jpg,20
images/donuts/492552.jpg,19
images/donuts/2826299.jpg,19
images/crab_cakes/1759711.jpg,16
images/creme_brulee/141449.jpg,17
images/baklava/2368777.jpg,1
images/apple_pie/1486972.jpg,0
images/chicken_wings/3226606.jpg,12
images/chocolate_cake/1255779.jpg,13
images/foie_gras/3680050.jpg,25
images/cannoli/7336.jpg,7
images/falafel/3518502.jpg,23
images/baklava/2835603.jpg,1
images/carrot_cake/950494.jpg,9
images/escargots/3287353.jpg,22
images/eggs_benedict/2190943.jpg,21
images/falafel/1461412.jpg,23
images/churros/2133256.jpg,14
images/eggs_benedict/2167941.jpg,21
images/foie_gras/2158037.jpg,25
images/churros/3168638.jpg,14
images/beet_salad/1951969.jpg,3
images/edamame/3243030.jpg,20
images/cup_cakes/2379220.jpg,18
images/beet_salad/1895979.jpg,3
images/beet_salad/3012983.jpg,3
images/cheesecake/3440780.jpg,11
images/caprese_salad/298717.jpg,8
images/beignets/3749819.jpg,4
images/cheesecake/2856960.jpg,11
images/escargots/1050469.jpg,22
images/bruschetta/1831703.jpg,5
images/chicken_wings/1750077.jpg,12
images/foie_gras/1832200.jpg,25
images/apple_pie/2840005.jpg,0
images/foie_gras/2090599.jpg,25
images/beet_salad/312439.jpg,3
images/falafel/2918916.jpg,23
images/cannoli/3204756.jpg,7
images/caesar_salad/2351960.jpg,6
images/cheesecake/736395.jpg,11
images/crab_cakes/1700485.jpg,16
images/club_sandwich/2639294.jpg,15
images/creme_brulee/2314433.jpg,17
images/apple_pie/1579774.jpg,0
images/creme_brulee/549253.jpg,17
images/donuts/2657742.jpg,19
images/caesar_salad/3265106.jpg,6
images/cheesecake/2243942.jpg,11
images/cup_cakes/1216325.jpg,18
images/club_sandwich/2961454.jpg,15
images/cheesecake/3123131.jpg,11
images/cannoli/939917.jpg,7
images/cheese_plate/38026.jpg,10
images/eggs_benedict/505300.jpg,21
images/beignets/2375542.jpg,4
images/escargots/1382145.jpg,22
images/foie_gras/484050.jpg,25
images/creme_brulee/190316.jpg,17
images/fish_and_chips/2865060.jpg,24
images/eggs_benedict/3484446.jpg,21
images/cannoli/2295498.jpg,7
images/cheese_plate/2974470.jpg,10
images/club_sandwich/182111.jpg,15
images/beignets/406840.jpg,4
images/escargots/2897159.jpg,22
images/edamame/627796.jpg,20
images/fish_and_chips/2918956.jpg,24
images/creme_brulee/132717.jpg,17
images/french_fries/1700344.jpg,26
images/chocolate_cake/1731474.jpg,13
images/churros/2371997.jpg,14
images/fish_and_chips/2372879.jpg,24
images/caesar_salad/2656764.jpg,6
images/donuts/629742.jpg,19
images/falafel/1668278.jpg,23
images/chicken_wings/3220565.jpg,12
images/fish_and_chips/2737696.jpg,24
images/carrot_cake/35062.jpg,9
images/chicken_wings/2070039.jpg,12
images/edamame/3818295.jpg,20
images/cheese_plate/1986973.jpg,10
images/bruschetta/839902.jpg,5
images/chocolate_cake/3670513.jpg,13
images/crab_cakes/3064740.jpg,16
images/donuts/1629773.jpg,19
images/cheese_plate/1469328.jpg,10
images/crab_cakes/2780623.jpg,16
images/churros/532363.jpg,14
images/cannoli/320393.jpg,7
images/chicken_wings/3693231.jpg,12
images/beet_salad/8508.jpg,3
images/chicken_wings/36256.jpg,12
images/apple_pie/2451702.jpg,0
images/club_sandwich/3298554.jpg,15
images/club_sandwich/3234908.jpg,15
images/eggs_benedict/2757934.jpg,21
images/chicken_wings/1344853.jpg,12
images/donuts/1948722.jpg,19
images/beignets/1471186.jpg,4
images/eggs_benedict/859519.jpg,21
images/eggs_benedict/2916221.jpg,21
images/chocolate_cake/2395739.jpg,13
images/eggs_benedict/1956912.jpg,21
images/cup_cakes/2884900.jpg,18
images/beet_salad/3799206.jpg,3
images/eggs_benedict/2258162.jpg,21
images/crab_cakes/2704452.jpg,16
images/beet_salad/3769634.jpg,3
images/escargots/2841564.jpg,22
images/french_fries/147628.jpg,26
images/carrot_cake/1363827.jpg,9
images/churros/553466.jpg,14
images/caesar_salad/151313.jpg,6
images/donuts/444911.jpg,19
images/churros/3029897.jpg,14
images/chicken_wings/3025924.jpg,12
images/caprese_salad/2884648.jpg,8
images/apple_pie/1344873.jpg,0
images/bruschetta/3439196.jpg,5
images/eggs_benedict/1922744.jpg,21
images/club_sandwich/1789039.jpg,15
images/cheesecake/1974808.jpg,11
images/beef_carpaccio/2944860.jpg,2
images/chicken_wings/359284.jpg,12
images/caprese_salad/1809604.jpg,8
images/escargots/2610015.jpg,22
images/chicken_wings/2012803.jpg,12
images/crab_cakes/3178841.jpg,16
images/cheesecake/2168296.jpg,11
images/crab_cakes/550362.jpg,16
images/caesar_salad/455796.jpg,6
images/caprese_salad/1681272.jpg,8
images/french_fries/1509620.jpg,26
images/creme_brulee/2606202.jpg,17
images/eggs_benedict/1557525.jpg,21
images/churros/2015378.jpg,14
images/creme_brulee/494434.jpg,17
images/beignets/3318942.jpg,4
images/chicken_wings/1316470.jpg,12
images/eggs_benedict/3007234.jpg,21
images/cup_cakes/47178.jpg,18
images/bruschetta/3427450.jpg,5
images/falafel/1793136.jpg,23
images/edamame/1166187.jpg,20
images/beignets/1393769.jpg,4
images/crab_cakes/947777.jpg,16
images/chicken_wings/2693804.jpg,12
images/cheesecake/3400204.jpg,11
images/chocolate_cake/258641.jpg,13
images/carrot_cake/1224921.jpg,9
images/cheese_plate/3803340.jpg,10
images/cheesecake/2505611.jpg,11
images/escargots/1351902.jpg,22
images/beet_salad/1929694.jpg,3
images/cannoli/2921916.jpg,7
images/beef_carpaccio/3714848.jpg,2
images/creme_brulee/1026621.jpg,17
images/chocolate_cake/2755635.jpg,13
images/cannoli/3519824.jpg,7
images/foie_gras/2721187.jpg,25
images/bruschetta/2449838.jpg,5
images/beef_carpaccio/2522462.jpg,2
images/creme_brulee/1196363.jpg,17
images/carrot_cake/1969405.jpg,9
images/cannoli/832870.jpg,7
images/cheese_plate/1581516.jpg,10
images/caesar_salad/1382142.jpg,6
images/creme_brulee/2585208.jpg,17
images/cup_cakes/382610.jpg,18
images/crab_cakes/2545683.jpg,16
images/falafel/843221.jpg,23
images/club_sandwich/2502531.jpg,15
images/club_sandwich/1159594.jpg,15
images/edamame/368556.jpg,20
images/beef_carpaccio/377157.jpg,2
images/cannoli/3692044.jpg,7
images/beignets/2574968.jpg,4
images/edamame/3653288.jpg,20
images/falafel/2168156.jpg,23
images/eggs_benedict/2577072.jpg,21
images/falafel/2655828.jpg,23
images/cheese_plate/3194435.jpg,10
images/cup_cakes/152190.jpg,18
images/edamame/1391233.jpg,20
images/apple_pie/1528623.jpg,0
images/beignets/1492424.jpg,4
images/beef_carpaccio/1598003.jpg,2
images/carrot_cake/610468.jpg,9
images/chocolate_cake/3035193.jpg,13
images/cheesecake/2481047.jpg,11
images/carrot_cake/1046933.jpg,9
images/beignets/2408456.jpg,4
images/french_fries/87020.jpg,26
images/escargots/3168418.jpg,22
images/edamame/3784803.jpg,20
images/baklava/1858825.jpg,1
images/fish_and_chips/3672318.jpg,24
images/creme_brulee/3211632.jpg,17
images/cheese_plate/499688.jpg,10
images/bruschetta/1689549.jpg,5
images/crab_cakes/1429185.jpg,16
images/bruschetta/3909216.jpg,5
images/bruschetta/2018456.jpg,5
images/escargots/3071305.jpg,22
images/apple_pie/3485833.jpg,0
images/cannoli/976837.jpg,7
images/cheese_plate/2806925.jpg,10
images/beignets/2478569.jpg,4
images/carrot_cake/302832.jpg,9
images/beef_carpaccio/2017982.jpg,2
images/caesar_salad/2973661.jpg,6
images/caprese_salad/442848.jpg,8
images/chicken_wings/2298994.jpg,12
images/cup_cakes/2460920.jpg,18
images/churros/2041073.jpg,14
images/crab_cakes/2062431.jpg,16
images/cheese_plate/2024907.jpg,10
images/cup_cakes/2373745.jpg,18
images/beet_salad/3500162.jpg,3
images/caesar_salad/1833559.jpg,6
images/beef_carpaccio/743316.jpg,2
images/creme_brulee/833976.jpg,17
images/apple_pie/2328227.jpg,0
images/bruschetta/2056234.jpg,5
images/eggs_benedict/469017.jpg,21
images/club_sandwich/1866409.jpg,15
images/apple_pie/551535.jpg,0
images/crab_cakes/2778048.jpg,16
images/fish_and_chips/3471132.jpg,24
images/cheese_plate/1919178.jpg,10
images/eggs_benedict/1266773.jpg,21
images/chocolate_cake/1115605.jpg,13
images/caprese_salad/362195.jpg,8
images/creme_brulee/3918987.jpg,17
images/apple_pie/360406.jpg,0
images/beet_salad/1860226.jpg,3
images/chicken_wings/3723738.jpg,12
images/carrot_cake/352997.jpg,9
images/beef_carpaccio/3658839.jpg,2
images/cheese_plate/1358652.jpg,10
images/chocolate_cake/136149.jpg,13
images/churros/48832.jpg,14
images/chicken_wings/517019.jpg,12
images/bruschetta/2289513.jpg,5
images/beef_carpaccio/2002122.jpg,2
images/cheesecake/1703386.jpg,11
images/carrot_cake/2671775.jpg,9
images/cup_cakes/493655.jpg,18
images/chicken_wings/1010547.jpg,12
images/churros/1723054.jpg,14
images/falafel/3221123.jpg,23
images/cannoli/3754036.jpg,7
images/club_sandwich/1301452.jpg,15
images/caprese_salad/2471226.jpg,8
images/fish_and_chips/950212.jpg,24
images/eggs_benedict/1880800.jpg,21
images/edamame/138679.jpg,20
images/crab_cakes/2126255.jpg,16
images/creme_brulee/2751082.jpg,17
images/baklava/3522819.jpg,1
images/beet_salad/2755142.jpg,3
images/cannoli/730051.jpg,7
images/crab_cakes/835687.jpg,16
images/carrot_cake/3681505.jpg,9
images/chocolate_cake/3705684.jpg,13
images/beignets/967268.jpg,4
images/baklava/1758057.jpg,1
images/cheese_plate/33559.jpg,10
images/crab_cakes/112548.jpg,16
images/chicken_wings/1768732.jpg,12
images/caprese_salad/2730842.jpg,8
images/eggs_benedict/2677250.jpg,21
images/chicken_wings/2218752.jpg,12
images/falafel/3343988.jpg,23
images/donuts/2456954.jpg,19
images/carrot_cake/2183537.jpg,9
images/falafel/344524.jpg,23
images/churros/681410.jpg,14
images/escargots/3051488.jpg,22
images/edamame/2524850.jpg,20
images/chicken_wings/2892854.jpg,12
images/beef_carpaccio/3639550.jpg,2
images/bruschetta/1674942.jpg,5
images/foie_gras/2748169.jpg,25
images/cup_cakes/1493009.jpg,18
images/creme_brulee/335611.jpg,17
images/chicken_wings/1130100.jpg,12
images/creme_brulee/559680.jpg,17
images/cup_cakes/959727.jpg,18
images/cheese_plate/82884.jpg,10
images/beet_salad/601161.jpg,3
images/beignets/487698.jpg,4
images/foie_gras/139942.jpg,25
images/cheese_plate/2677429.jpg,10
images/carrot_cake/1729176.jpg,9
images/french_fries/577360.jpg,26
images/falafel/3091590.jpg,23
images/carrot_cake/1736012.jpg,9
images/apple_pie/727825.jpg,0
images/baklava/1897024.jpg,1
images/escargots/3091323.jpg,22
images/churros/3698417.jpg,14
images/crab_cakes/1173581.jpg,16
images/chicken_wings/67011.jpg,12
images/club_sandwich/1856721.jpg,15
images/carrot_cake/345630.jpg,9
images/chicken_wings/1349542.jpg,12
images/apple_pie/1068632.jpg,0
images/caprese_salad/244248.jpg,8
images/cheese_plate/3680174.jpg,10
images/baklava/3168912.jpg,1
images/donuts/2809543.jpg,19
images/bruschetta/107730.jpg,5
images/bruschetta/3054977.jpg,5
images/caprese_salad/2128076.jpg,8
images/baklava/3061534.jpg,1
images/chicken_wings/513251.jpg,12
images/crab_cakes/1406454.jpg,16
images/caprese_salad/1149655.jpg,8
images/chocolate_cake/3899563.jpg,13
images/caesar_salad/437710.jpg,6
images/falafel/724863.jpg,23
images/cheese_plate/3851629.jpg,10
images/club_sandwich/3447119.jpg,15
images/chicken_wings/3133865.jpg,12
images/beet_salad/1248143.jpg,3
images/beet_salad/2940133.jpg,3
images/carrot_cake/48061.jpg,9
images/baklava/3608369.jpg,1
images/cheese_plate/280477.jpg,10
images/churros/245301.jpg,14
images/baklava/2903884.jpg,1
images/escargots/2536044.jpg,22
images/caesar_salad/1656483.jpg,6
images/churros/255168.jpg,14
images/club_sandwich/450316.jpg,15
images/french_fries/251128.jpg,26
images/cup_cakes/1329178.jpg,18
images/creme_brulee/2900090.jpg,17
images/chocolate_cake/989833.jpg,13
images/donuts/597737.jpg,19
images/cup_cakes/144601.jpg,18
images/crab_cakes/2674551.jpg,16
images/french_fries/565296.jpg,26
images/club_sandwich/3332069.jpg,15
images/bruschetta/3810259.jpg,5
images/eggs_benedict/1078046.jpg,21
images/beignets/2615363.jpg,4
images/donuts/191469.jpg,19
images/club_sandwich/358241.jpg,15
images/falafel/3372765.jpg,23
images/caprese_salad/2027585.jpg,8
images/beef_carpaccio/1648645.jpg,2
images/french_fries/911982.jpg,26
images/escargots/2633061.jpg,22
images/bruschetta/2664122.jpg,5
images/beef_carpaccio/318474.jpg,2
images/crab_cakes/3052965.jpg,16
images/cheese_plate/3615772.jpg,10
images/carrot_cake/3453489.jpg,9
images/french_fries/2910032.jpg,26
images/chocolate_cake/3783778.jpg,13
images/baklava/1351482.jpg,1
images/donuts/824524.jpg,19
images/churros/3071889.jpg,14
images/fish_and_chips/2949350.jpg,24
images/club_sandwich/3033892.jpg,15
images/caprese_salad/2085104.jpg,8
images/caesar_salad/1489870.jpg,6
images/chocolate_cake/1852358.jpg,13
images/bruschetta/1270144.jpg,5
images/cheese_plate/3182251.jpg,10
images/beignets/519873.jpg,4
images/creme_brulee/1754695.jpg,17
images/crab_cakes/762518.jpg,16
images/french_fries/828160.jpg,26
images/foie_gras/3523603.jpg,25
images/cannoli/2057800.jpg,7
images/chocolate_cake/2151962.jpg,13
images/beignets/3810426.jpg,4
images/caesar_salad/2754154.jpg,6
images/beignets/2551206.jpg,4
images/caprese_salad/1132660.jpg,8
images/baklava/2009038.jpg,1
images/beet_salad/513468.jpg,3
images/caesar_salad/3912473.jpg,6
images/eggs_benedict/3220654.jpg,21
images/chocolate_cake/1659210.jpg,13
images/chicken_wings/2746102.jpg,12
images/caesar_salad/3367770.jpg,6
images/escargots/2724907.jpg,22
images/baklava/3765756.jpg,1
images/caesar_salad/2059363.jpg,6
images/beignets/1617590.jpg,4
images/cup_cakes/1121779.jpg,18
images/beet_salad/1380319.jpg,3
images/edamame/2319384.jpg,20
images/beignets/219916.jpg,4
images/carrot_cake/1610312.jpg,9
images/beet_salad/1887196.jpg,3
images/caesar_salad/868705.jpg,6
images/french_fries/166821.jpg,26
images/escargots/2794928.jpg,22
images/escargots/2386946.jpg,22
images/caprese_salad/3352476.jpg,8
images/bruschetta/2017264.jpg,5
images/carrot_cake/35100.jpg,9
images/beignets/2393066.jpg,4
images/apple_pie/359419.jpg,0
images/apple_pie/3593810.jpg,0
images/chocolate_cake/1611968.jpg,13
images/caesar_salad/1044453.jpg,6
images/baklava/1542333.jpg,1
images/french_fries/1636661.jpg,26
images/caesar_salad/2161526.jpg,6
images/caprese_salad/2325541.jpg,8
images/eggs_benedict/2670913.jpg,21
images/cannoli/1361297.jpg,7
images/carrot_cake/3813121.jpg,9
images/french_fries/530277.jpg,26
images/eggs_benedict/3388350.jpg,21
images/club_sandwich/2204424.jpg,15
images/bruschetta/2409670.jpg,5
images/club_sandwich/1545015.jpg,15
images/fish_and_chips/3857109.jpg,24
images/crab_cakes/2926850.jpg,16
images/falafel/878750.jpg,23
images/escargots/34896.jpg,22
images/creme_brulee/895254.jpg,17
images/beef_carpaccio/1742266.jpg,2
images/club_sandwich/3240576.jpg,15
images/eggs_benedict/2528340.jpg,21
images/french_fries/3145574.jpg,26
images/cheesecake/2405944.jpg,11
images/escargots/3468444.jpg,22
images/foie_gras/1804551.jpg,25
images/cannoli/2633007.jpg,7
images/foie_gras/815094.jpg,25
images/baklava/1841134.jpg,1
images/fish_and_chips/1680852.jpg,24
images/falafel/3788032.jpg,23
images/churros/3856204.jpg,14
images/edamame/2483789.jpg,20
images/creme_brulee/3090900.jpg,17
images/beef_carpaccio/625990.jpg,2
images/cup_cakes/145993.jpg,18
images/churros/1086460.jpg,14
images/beet_salad/1171818.jpg,3
images/escargots/990994.jpg,22
images/french_fries/2565707.jpg,26
images/cheese_plate/1358950.jpg,10
images/beignets/2110504.jpg,4
images/baklava/2613653.jpg,1
images/french_fries/82946.jpg,26
images/beignets/1319666.jpg,4
images/beignets/3034743.jpg,4
images/club_sandwich/641225.jpg,15
images/crab_cakes/2103134.jpg,16
images/beignets/2323463.jpg,4
images/cannoli/2975049.jpg,7
images/club_sandwich/611153.jpg,15
images/chocolate_cake/2702642.jpg,13
images/cannoli/3691447.jpg,7
images/falafel/2301883.jpg,23
images/club_sandwich/3311402.jpg,15
images/carrot_cake/361465.jpg,9
images/beignets/2555987.jpg,4
images/falafel/192804.jpg,23
images/cup_cakes/1012836.jpg,18
images/baklava/2592238.jpg,1
images/carrot_cake/2904005.jpg,9
images/caesar_salad/1924777.jpg,6
images/cheese_plate/909033.jpg,10
images/french_fries/610504.jpg,26
images/foie_gras/1507487.jpg,25
images/escargots/1908961.jpg,22
images/edamame/309888.jpg,20
images/beignets/1618451.jpg,4
images/cheesecake/3586863.jpg,11
images/caesar_salad/569231.jpg,6
images/eggs_benedict/2958550.jpg,21
images/cup_cakes/2939061.jpg,18
images/cup_cakes/1027241.jpg,18
images/bruschetta/1183627.jpg,5
images/beignets/2655231.jpg,4
images/edamame/3166085.jpg,20
images/edamame/2294128.jpg,20
images/foie_gras/3328963.jpg,25
images/creme_brulee/3024133.jpg,17
images/eggs_benedict/799062.jpg,21
images/creme_brulee/787469.jpg,17
images/eggs_benedict/721876.jpg,21
images/fish_and_chips/2292798.jpg,24
images/creme_brulee/1225913.jpg,17
images/eggs_benedict/3247121.jpg,21
images/fish_and_chips/3172727.jpg,24
images/donuts/3409358.jpg,19
images/edamame/1609011.jpg,20
images/escargots/3679310.jpg,22
images/chicken_wings/3915395.jpg,12
images/foie_gras/2853095.jpg,25
images/beef_carpaccio/1997939.jpg,2
images/donuts/2828284.jpg,19
images/caesar_salad/707891.jpg,6
images/creme_brulee/2076856.jpg,17
images/cup_cakes/442203.jpg,18
images/beef_carpaccio/467172.jpg,2
images/french_fries/3835129.jpg,26
images/baklava/3201530.jpg,1
images/carrot_cake/3415793.jpg,9
images/donuts/34342.jpg,19
images/falafel/866632.jpg,23
images/edamame/363438.jpg,20
images/edamame/3651756.jpg,20
images/cup_cakes/1722278.jpg,18
images/crab_cakes/1151457.jpg,16
images/cheesecake/2651136.jpg,11
images/caesar_salad/620194.jpg,6
images/cannoli/540593.jpg,7
images/caesar_salad/3783596.jpg,6
images/bruschetta/2967652.jpg,5
images/carrot_cake/760253.jpg,9
images/eggs_benedict/2045550.jpg,21
images/cheesecake/2709436.jpg,11
images/cannoli/1462366.jpg,7
images/beet_salad/120442.jpg,3
images/chocolate_cake/486074.jpg,13
images/chicken_wings/3337622.jpg,12
images/cup_cakes/1613814.jpg,18
images/escargots/2226429.jpg,22
images/apple_pie/2983047.jpg,0
images/edamame/1000653.jpg,20
images/eggs_benedict/2153543.jpg,21
images/cannoli/2828201.jpg,7
images/creme_brulee/624714.jpg,17
images/beet_salad/2975639.jpg,3
images/escargots/1809261.jpg,22
images/caprese_salad/2135742.jpg,8
images/apple_pie/1028787.jpg,0
images/donuts/72078.jpg,19
images/cheesecake/1083139.jpg,11
images/chicken_wings/1192978.jpg,12
images/apple_pie/2847214.jpg,0
images/chicken_wings/1552240.jpg,12
images/cheese_plate/1976426.jpg,10
images/cheesecake/1592451.jpg,11
images/foie_gras/363457.jpg,25
images/beignets/2786548.jpg,4
images/cannoli/1982944.jpg,7
images/beignets/3391395.jpg,4
images/eggs_benedict/3225684.jpg,21
images/french_fries/1447440.jpg,26
images/beef_carpaccio/2535555.jpg,2
images/chicken_wings/2266971.jpg,12
images/escargots/105967.jpg,22
images/beignets/350629.jpg,4
images/cup_cakes/520817.jpg,18
images/escargots/1912414.jpg,22
images/churros/2702994.jpg,14
images/falafel/691956.jpg,23
images/fish_and_chips/3397374.jpg,24
images/french_fries/1361604.jpg,26
images/escargots/2314083.jpg,22
images/donuts/1174227.jpg,19
images/cup_cakes/3660452.jpg,18
images/chocolate_cake/3018713.jpg,13
images/beet_salad/173220.jpg,3
images/crab_cakes/741653.jpg,16
images/club_sandwich/621730.jpg,15
images/crab_cakes/1795725.jpg,16
images/apple_pie/127721.jpg,0
images/beignets/900650.jpg,4
images/bruschetta/3151399.jpg,5
images/fish_and_chips/893947.jpg,24
images/beef_carpaccio/1647730.jpg,2
images/creme_brulee/2178714.jpg,17
images/escargots/1548113.jpg,22
images/churros/2236356.jpg,14
images/club_sandwich/2686607.jpg,15
images/caesar_salad/88048.jpg,6
images/cheese_plate/1043942.jpg,10
images/donuts/2613819.jpg,19
images/eggs_benedict/276913.jpg,21
images/carrot_cake/465701.jpg,9
images/foie_gras/3135584.jpg,25
images/apple_pie/2239083.jpg,0
images/churros/1737797.jpg,14
images/baklava/2038447.jpg,1
images/fish_and_chips/864911.jpg,24
images/baklava/2489340.jpg,1
images/cheese_plate/864302.jpg,10
images/creme_brulee/2431083.jpg,17
images/french_fries/3307428.jpg,26
images/beignets/331872.jpg,4
images/donuts/3507649.jpg,19
images/bruschetta/3114331.jpg,5
images/beet_salad/1453845.jpg,3
images/chocolate_cake/2648775.jpg,13
images/crab_cakes/265730.jpg,16
images/carrot_cake/2311094.jpg,9
images/escargots/1521145.jpg,22
images/french_fries/3826077.jpg,26
images/foie_gras/3539506.jpg,25
images/churros/1245761.jpg,14
images/escargots/2822710.jpg,22
images/chicken_wings/2530411.jpg,12
images/cannoli/1534543.jpg,7
images/escargots/3714643.jpg,22
images/cheesecake/2969365.jpg,11
images/bruschetta/3858477.jpg,5
images/beignets/1687255.jpg,4
images/churros/1971765.jpg,14
images/cheese_plate/444531.jpg,10
images/caprese_salad/1269797.jpg,8
images/chocolate_cake/3047338.jpg,13
images/cannoli/2279525.jpg,7
images/fish_and_chips/2260362.jpg,24
images/foie_gras/1875160.jpg,25
images/beignets/936855.jpg,4
images/fish_and_chips/2206056.jpg,24
images/club_sandwich/2301714.jpg,15
images/club_sandwich/1893686.jpg,15
images/foie_gras/3846904.jpg,25
images/french_fries/1724805.jpg,26
images/caesar_salad/2650771.jpg,6
images/cheesecake/838793.jpg,11
images/carrot_cake/3289115.jpg,9
images/cheese_plate/123937.jpg,10
images/cup_cakes/2765955.jpg,18
images/fish_and_chips/2100794.jpg,24
images/cheesecake/1462232.jpg,11
images/churros/2168345.jpg,14
images/foie_gras/2734737.jpg,25
images/beet_salad/2705890.jpg,3
images/cup_cakes/1791199.jpg,18
images/chicken_wings/3877566.jpg,12
images/fish_and_chips/1472095.jpg,24
images/baklava/2094399.jpg,1
images/falafel/1462028.jpg,23
images/chocolate_cake/1980455.jpg,13
images/carrot_cake/779581.jpg,9
images/french_fries/3516519.jpg,26
images/beet_salad/908686.jpg,3
images/eggs_benedict/3033271.jpg,21
images/cannoli/1617872.jpg,7
images/baklava/2572755.jpg,1
images/falafel/1256348.jpg,23
images/eggs_benedict/563545.jpg,21
images/fish_and_chips/1082654.jpg,24
images/apple_pie/103801.jpg,0
images/french_fries/2250693.jpg,26
images/apple_pie/1886694.jpg,0
images/chicken_wings/1948210.jpg,12
images/beignets/1062952.jpg,4
images/eggs_benedict/642440.jpg,21
images/cheese_plate/3775642.jpg,10
images/foie_gras/2289968.jpg,25
images/eggs_benedict/3829387.jpg,21
images/french_fries/999328.jpg,26
images/eggs_benedict/219658.jpg,21
images/caprese_salad/2234940.jpg,8
images/chocolate_cake/3110671.jpg,13
images/donuts/3129294.jpg,19
images/caesar_salad/3113021.jpg,6
images/cup_cakes/3564124.jpg,18
images/beet_salad/937458.jpg,3
images/chocolate_cake/189987.jpg,13
images/apple_pie/2782633.jpg,0
images/french_fries/2957806.jpg,26
images/donuts/2572840.jpg,19
images/beignets/3718027.jpg,4
images/cannoli/1008331.jpg,7
images/french_fries/3574519.jpg,26
images/cup_cakes/3730968.jpg,18
images/apple_pie/936189.jpg,0
images/donuts/2594777.jpg,19
images/crab_cakes/1489516.jpg,16
images/crab_cakes/765096.jpg,16
images/donuts/1317898.jpg,19
images/cheesecake/2574796.jpg,11
images/french_fries/3552493.jpg,26
images/falafel/2707126.jpg,23
images/crab_cakes/1414552.jpg,16
images/beet_salad/2283249.jpg,3
images/apple_pie/2791334.jpg,0
images/creme_brulee/548814.jpg,17
images/beef_carpaccio/1282377.jpg,2
images/cup_cakes/3640964.jpg,18
images/beignets/1132594.jpg,4
images/french_fries/3223668.jpg,26
images/cannoli/1908436.jpg,7
images/apple_pie/3335126.jpg,0
images/crab_cakes/1836298.jpg,16
images/chicken_wings/1234835.jpg,12
images/apple_pie/3132437.jpg,0
images/cheesecake/3438209.jpg,11
images/donuts/264817.jpg,19
images/apple_pie/650815.jpg,0
images/creme_brulee/383361.jpg,17
images/creme_brulee/2380626.jpg,17
images/churros/1956786.jpg,14
images/beef_carpaccio/1575775.jpg,2
images/french_fries/10500.jpg,26
images/carrot_cake/1156181.jpg,9
images/cheesecake/1750456.jpg,11
images/escargots/2002901.jpg,22
images/baklava/2193566.jpg,1
images/edamame/2329940.jpg,20
images/falafel/3241674.jpg,23
images/beef_carpaccio/970563.jpg,2
images/caprese_salad/740205.jpg,8
images/beignets/198737.jpg,4
images/chicken_wings/216067.jpg,12
images/caprese_salad/94213.jpg,8
images/baklava/971742.jpg,1
images/beignets/39147.jpg,4
images/bruschetta/2524420.jpg,5
images/baklava/1758127.jpg,1
images/edamame/1852517.jpg,20
images/caesar_salad/3693969.jpg,6
images/donuts/568809.jpg,19
images/cannoli/2328345.jpg,7
images/edamame/1377282.jpg,20
images/foie_gras/69819.jpg,25
images/caprese_salad/1414175.jpg,8
images/beef_carpaccio/731242.jpg,2
images/chocolate_cake/3780966.jpg,13
images/creme_brulee/3837134.jpg,17
images/cannoli/2594391.jpg,7
images/beef_carpaccio/1797884.jpg,2
images/crab_cakes/2896949.jpg,16
images/edamame/2803276.jpg,20
images/falafel/2266066.jpg,23
images/edamame/153316.jpg,20
images/caesar_salad/3210339.jpg,6
images/cheesecake/3823810.jpg,11
images/creme_brulee/132682.jpg,17
images/crab_cakes/2430770.jpg,16
images/beignets/1098287.jpg,4
images/fish_and_chips/1916894.jpg,24
images/churros/2988332.jpg,14
images/fish_and_chips/2453607.jpg,24
images/chicken_wings/1467186.jpg,12
images/donuts/439848.jpg,19
images/falafel/1888763.jpg,23
images/french_fries/2413615.jpg,26
images/escargots/718677.jpg,22
images/club_sandwich/1648367.jpg,15
images/eggs_benedict/289695.jpg,21
images/cheesecake/3432925.jpg,11
images/fish_and_chips/2771852.jpg,24
images/caesar_salad/1853841.jpg,6
images/churros/2372341.jpg,14
images/french_fries/1617899.jpg,26
images/churros/1097647.jpg,14
images/eggs_benedict/1807332.jpg,21
images/caprese_salad/80514.jpg,8
images/beet_salad/2666060.jpg,3
images/creme_brulee/105870.jpg,17
images/creme_brulee/479717.jpg,17
images/cannoli/1217318.jpg,7
images/cannoli/1446392.jpg,7
images/cheese_plate/3124969.jpg,10
images/chicken_wings/3463181.jpg,12
images/cup_cakes/559710.jpg,18
images/donuts/254255.jpg,19
images/beet_salad/622607.jpg,3
images/beet_salad/2885055.jpg,3
images/caprese_salad/2275181.jpg,8
images/beet_salad/2569098.jpg,3
images/cheese_plate/120285.jpg,10
images/bruschetta/3432057.jpg,5
images/cannoli/1796779.jpg,7
images/donuts/2164792.jpg,19
images/chocolate_cake/314103.jpg,13
images/creme_brulee/3053363.jpg,17
images/chocolate_cake/483846.jpg,13
images/club_sandwich/2633266.jpg,15
images/cup_cakes/2381037.jpg,18
images/donuts/2023980.jpg,19
images/bruschetta/1414004.jpg,5
images/eggs_benedict/2678477.jpg,21
images/eggs_benedict/3917759.jpg,21
images/beignets/2050837.jpg,4
images/fish_and_chips/1590683.jpg,24
images/apple_pie/1830100.jpg,0
images/eggs_benedict/1136780.jpg,21
images/cannoli/1706697.jpg,7
images/beignets/2066813.jpg,4
images/eggs_benedict/2046435.jpg,21
images/cheesecake/1674131.jpg,11
images/cheesecake/3468925.jpg,11
images/fish_and_chips/964750.jpg,24
images/donuts/2634179.jpg,19
images/edamame/2056224.jpg,20
images/french_fries/2615826.jpg,26
images/caesar_salad/2397238.jpg,6
images/caprese_salad/1828313.jpg,8
images/foie_gras/2879410.jpg,25
images/fish_and_chips/3550882.jpg,24
images/cup_cakes/2090573.jpg,18
images/chicken_wings/1976717.jpg,12
images/french_fries/1345833.jpg,26
images/cup_cakes/125762.jpg,18
images/escargots/3421713.jpg,22
images/baklava/2987212.jpg,1
images/crab_cakes/1185208.jpg,16
images/bruschetta/1149072.jpg,5
images/churros/2895343.jpg,14
images/caprese_salad/1609252.jpg,8
images/chicken_wings/910496.jpg,12
images/chicken_wings/281244.jpg,12
images/cheesecake/3145903.jpg,11
images/falafel/2618884.jpg,23
images/falafel/1653496.jpg,23
images/caprese_salad/779396.jpg,8
images/cheese_plate/2427527.jpg,10
images/french_fries/2298765.jpg,26
images/beet_salad/1990111.jpg,3
images/churros/3001593.jpg,14
images/cheesecake/2901903.jpg,11
images/fish_and_chips/712481.jpg,24
images/creme_brulee/2174903.jpg,17
images/cannoli/3492515.jpg,7
images/french_fries/992636.jpg,26
images/cheesecake/374209.jpg,11
images/caprese_salad/3374413.jpg,8
images/edamame/338566.jpg,20
images/foie_gras/1198866.jpg,25
images/beef_carpaccio/2263597.jpg,2
images/beignets/61444.jpg,4
images/baklava/3420008.jpg,1
images/falafel/3464997.jpg,23
images/cheesecake/3519289.jpg,11
images/cannoli/682013.jpg,7
images/chicken_wings/414937.jpg,12
images/caesar_salad/2357604.jpg,6
images/cup_cakes/360142.jpg,18
images/chicken_wings/999062.jpg,12
images/carrot_cake/3339013.jpg,9
images/beet_salad/3149084.jpg,3
images/cheese_plate/3155635.jpg,10
images/crab_cakes/1688280.jpg,16
images/beet_salad/1263671.jpg,3
images/donuts/1199292.jpg,19
images/carrot_cake/1419679.jpg,9
images/bruschetta/389731.jpg,5
images/baklava/3158786.jpg,1
images/fish_and_chips/522248.jpg,24
images/carrot_cake/3020620.jpg,9
images/beef_carpaccio/2093250.jpg,2
images/escargots/1182023.jpg,22
images/escargots/3657206.jpg,22
images/cheese_plate/2622606.jpg,10
images/creme_brulee/835509.jpg,17
images/creme_brulee/3743063.jpg,17
images/eggs_benedict/311953.jpg,21
images/chocolate_cake/1429640.jpg,13
images/creme_brulee/1289532.jpg,17
images/club_sandwich/1894471.jpg,15
images/baklava/755421.jpg,1
images/donuts/2556686.jpg,19
images/beef_carpaccio/662269.jpg,2
images/cheesecake/1122445.jpg,11
images/apple_pie/1147371.jpg,0
images/bruschetta/3805917.jpg,5
images/chicken_wings/1249779.jpg,12
images/creme_brulee/998708.jpg,17
images/chicken_wings/1699230.jpg,12
images/falafel/2420205.jpg,23
images/foie_gras/3333593.jpg,25
images/cup_cakes/2165384.jpg,18
images/creme_brulee/2018170.jpg,17
images/edamame/2634319.jpg,20
images/apple_pie/2969119.jpg,0
images/eggs_benedict/1266698.jpg,21
images/falafel/294461.jpg,23
images/baklava/3780885.jpg,1
images/eggs_benedict/1200120.jpg,21
images/beef_carpaccio/1104286.jpg,2
images/club_sandwich/1523790.jpg,15
images/carrot_cake/2747133.jpg,9
images/cannoli/798667.jpg,7
images/beet_salad/2482528.jpg,3
images/creme_brulee/323195.jpg,17
images/donuts/3288327.jpg,19
images/cannoli/3655518.jpg,7
images/creme_brulee/2129148.jpg,17
images/beignets/609614.jpg,4
images/caprese_salad/2061503.jpg,8
images/cheese_plate/3769868.jpg,10
images/churros/2079919.jpg,14
images/club_sandwich/3228686.jpg,15
images/chocolate_cake/681725.jpg,13
images/beef_carpaccio/972502.jpg,2
images/apple_pie/879842.jpg,0
images/bruschetta/118883.jpg,5
images/french_fries/2219197.jpg,26
images/cheesecake/3399394.jpg,11
images/caprese_salad/2305706.jpg,8
images/crab_cakes/126781.jpg,16
images/edamame/480098.jpg,20
images/beef_carpaccio/3896605.jpg,2
images/carrot_cake/693519.jpg,9
images/beef_carpaccio/206027.jpg,2
images/cheesecake/2029824.jpg,11
images/eggs_benedict/936106.jpg,21
images/caesar_salad/1176809.jpg,6
images/beet_salad/189889.jpg,3
images/churros/1894553.jpg,14
images/cheese_plate/55739.jpg,10
images/donuts/606928.jpg,19
images/chocolate_cake/2117495.jpg,13
images/apple_pie/1047447.jpg,0
images/edamame/3211537.jpg,20
images/chocolate_cake/3839605.jpg,13
images/chocolate_cake/1060965.jpg,13
images/french_fries/3030853.jpg,26
images/fish_and_chips/1260416.jpg,24
images/creme_brulee/3690191.jpg,17
images/chicken_wings/3184537.jpg,12
images/caesar_salad/2393916.jpg,6
images/creme_brulee/401197.jpg,17
images/creme_brulee/648280.jpg,17
images/apple_pie/2581687.jpg,0
images/caprese_salad/2240035.jpg,8
images/beet_salad/1573100.jpg,3
images/falafel/337870.jpg,23
images/french_fries/3029784.jpg,26
images/edamame/2910259.jpg,20
images/beignets/3497791.jpg,4
images/eggs_benedict/795698.jpg,21
images/chicken_wings/3902675.jpg,12
images/chicken_wings/455747.jpg,12
images/creme_brulee/1065054.jpg,17
images/bruschetta/3915793.jpg,5
images/churros/317656.jpg,14
images/eggs_benedict/1679493.jpg,21
images/eggs_benedict/1856022.jpg,21
images/caesar_salad/3234477.jpg,6
images/crab_cakes/1634823.jpg,16
images/donuts/3414120.jpg,19
images/cannoli/1033496.jpg,7
images/club_sandwich/674170.jpg,15
images/baklava/1493417.jpg,1
images/churros/599963.jpg,14
images/creme_brulee/245163.jpg,17
images/apple_pie/3358059.jpg,0
images/french_fries/584998.jpg,26
images/cheesecake/3327507.jpg,11
images/beef_carpaccio/1905121.jpg,2
images/cheese_plate/1065984.jpg,10
images/cheese_plate/2506238.jpg,10
images/apple_pie/2961496.jpg,0
images/edamame/2482155.jpg,20
images/churros/3379425.jpg,14
images/falafel/2433261.jpg,23
images/caprese_salad/971861.jpg,8
images/apple_pie/2911777.jpg,0
images/edamame/2304068.jpg,20
images/donuts/2979231.jpg,19
images/club_sandwich/819598.jpg,15
images/chocolate_cake/2216361.jpg,13
images/beet_salad/2941936.jpg,3
images/caesar_salad/3315261.jpg,6
images/foie_gras/1767391.jpg,25
images/edamame/2285505.jpg,20
images/club_sandwich/1104022.jpg,15
images/cheesecake/2421513.jpg,11
images/baklava/729294.jpg,1
images/carrot_cake/2815227.jpg,9
images/caesar_salad/2850277.jpg,6
images/beet_salad/821309.jpg,3
images/caprese_salad/1041456.jpg,8
images/beet_salad/1100936.jpg,3
images/cannoli/2848394.jpg,7
images/cannoli/3920019.jpg,7
images/club_sandwich/2604192.jpg,15
images/beet_salad/1130682.jpg,3
images/french_fries/1394977.jpg,26
images/edamame/3154080.jpg,20
images/apple_pie/2068700.jpg,0
images/edamame/239734.jpg,20
images/carrot_cake/3841685.jpg,9
images/apple_pie/280199.jpg,0
images/cheese_plate/2258284.jpg,10
images/cheese_plate/2932928.jpg,10
images/cheese_plate/1684442.jpg,10
images/donuts/3296155.jpg,19
images/crab_cakes/2248784.jpg,16
images/cheesecake/2685394.jpg,11
images/caprese_salad/3436684.jpg,8
images/cheesecake/2202886.jpg,11
images/crab_cakes/2125472.jpg,16
images/beef_carpaccio/2269439.jpg,2
images/baklava/2343242.jpg,1
images/cannoli/2806617.jpg,7
images/bruschetta/2941107.jpg,5
images/donuts/2687638.jpg,19
images/escargots/1423433.jpg,22
images/club_sandwich/560501.jpg,15
images/caprese_salad/1714893.jpg,8
images/cup_cakes/2323830.jpg,18
images/creme_brulee/2610691.jpg,17
images/baklava/704827.jpg,1
images/cannoli/937235.jpg,7
images/fish_and_chips/2269736.jpg,24
images/baklava/1085107.jpg,1
images/donuts/979304.jpg,19
images/falafel/1846360.jpg,23
images/bruschetta/748802.jpg,5
images/edamame/368711.jpg,20
images/beef_carpaccio/1738400.jpg,2
images/club_sandwich/271690.jpg,15
images/club_sandwich/1984401.jpg,15
images/edamame/3370772.jpg,20
images/caprese_salad/2701433.jpg,8
images/french_fries/3893262.jpg,26
images/french_fries/1901621.jpg,26
images/cannoli/2777198.jpg,7
images/edamame/2561204.jpg,20
images/cheesecake/3543679.jpg,11
images/cup_cakes/120909.jpg,18
images/beignets/2055372.jpg,4
images/eggs_benedict/790951.jpg,21
images/chicken_wings/1716831.jpg,12
images/falafel/3272658.jpg,23
images/escargots/3057409.jpg,22
images/apple_pie/2721937.jpg,0
images/beignets/2650512.jpg,4
images/cannoli/538745.jpg,7
images/club_sandwich/1988360.jpg,15
images/beignets/530141.jpg,4
images/foie_gras/3005114.jpg,25
images/escargots/797797.jpg,22
images/beet_salad/3504462.jpg,3
images/falafel/1530002.jpg,23
images/carrot_cake/3148827.jpg,9
images/churros/2873690.jpg,14
images/caprese_salad/1805175.jpg,8
images/donuts/2661488.jpg,19
images/bruschetta/243736.jpg,5
images/cup_cakes/197054.jpg,18
images/chocolate_cake/656372.jpg,13
images/club_sandwich/2712122.jpg,15
images/escargots/1661396.jpg,22
images/foie_gras/288864.jpg,25
images/foie_gras/2051712.jpg,25
images/fish_and_chips/1799327.jpg,24
images/beignets/202889.jpg,4
images/chicken_wings/2401643.jpg,12
images/churros/599957.jpg,14
images/beignets/2060825.jpg,4
images/foie_gras/3502859.jpg,25
images/eggs_benedict/3462110.jpg,21
images/edamame/2798042.jpg,20
images/cheese_plate/1498365.jpg,10
images/beignets/882781.jpg,4
images/caprese_salad/954034.jpg,8
images/foie_gras/3626907.jpg,25
images/baklava/374166.jpg,1
images/creme_brulee/1513108.jpg,17
images/baklava/1445917.jpg,1
images/beignets/1064858.jpg,4
images/caprese_salad/2477645.jpg,8
images/beignets/63319.jpg,4
images/cannoli/3371166.jpg,7
images/churros/329316.jpg,14
images/foie_gras/271847.jpg,25
images/foie_gras/3295637.jpg,25
images/foie_gras/907242.jpg,25
images/bruschetta/3753375.jpg,5
images/edamame/614712.jpg,20
images/bruschetta/2417016.jpg,5
images/creme_brulee/1443364.jpg,17
images/churros/1746579.jpg,14
images/bruschetta/2050704.jpg,5
images/foie_gras/3330111.jpg,25
images/bruschetta/3185199.jpg,5
images/beignets/1569099.jpg,4
images/beignets/3565909.jpg,4
images/cannoli/809798.jpg,7
images/foie_gras/420956.jpg,25
images/chicken_wings/3912461.jpg,12
images/crab_cakes/2459541.jpg,16
images/cheese_plate/3441676.jpg,10
images/carrot_cake/2749105.jpg,9
images/baklava/1174313.jpg,1
images/cannoli/3155415.jpg,7
images/churros/1183750.jpg,14
images/beignets/3822298.jpg,4
images/cheese_plate/1179621.jpg,10
images/cheese_plate/864740.jpg,10
images/falafel/34649.jpg,23
images/falafel/2666983.jpg,23
images/creme_brulee/3198442.jpg,17
images/cheese_plate/3060515.jpg,10
images/french_fries/3139.jpg,26
images/beet_salad/501026.jpg,3
images/beignets/250043.jpg,4
images/creme_brulee/1736025.jpg,17
images/french_fries/3620351.jpg,26
images/foie_gras/1402073.jpg,25
images/baklava/3533697.jpg,1
images/chocolate_cake/3150326.jpg,13
images/cannoli/2281095.jpg,7
images/eggs_benedict/1691279.jpg,21
images/fish_and_chips/3149155.jpg,24
images/french_fries/528711.jpg,26
images/escargots/1429060.jpg,22
images/caesar_salad/2916513.jpg,6
images/churros/2139996.jpg,14
images/cup_cakes/773092.jpg,18
images/foie_gras/2862307.jpg,25
images/escargots/872817.jpg,22
images/eggs_benedict/1350880.jpg,21
images/edamame/2359397.jpg,20
images/fish_and_chips/3837512.jpg,24
images/bruschetta/3034651.jpg,5
images/chocolate_cake/2114016.jpg,13
images/club_sandwich/3231546.jpg,15
images/crab_cakes/1906332.jpg,16
images/chocolate_cake/1646662.jpg,13
images/edamame/2343069.jpg,20
images/beef_carpaccio/2202234.jpg,2
images/chicken_wings/2681816.jpg,12
images/donuts/2610039.jpg,19
images/chicken_wings/1537867.jpg,12
images/chicken_wings/3533706.jpg,12
images/baklava/462647.jpg,1
images/cup_cakes/2325994.jpg,18
images/chocolate_cake/1785383.jpg,13
images/caesar_salad/3224131.jpg,6
images/club_sandwich/264462.jpg,15
images/beet_salad/123616.jpg,3
images/cup_cakes/910093.jpg,18
images/falafel/3057330.jpg,23
images/chocolate_cake/2326455.jpg,13
images/bruschetta/3026915.jpg,5
images/caprese_salad/620047.jpg,8
images/cheese_plate/2685444.jpg,10
images/baklava/1687444.jpg,1
images/bruschetta/1707593.jpg,5
images/fish_and_chips/1035379.jpg,24
images/foie_gras/3300581.jpg,25
images/crab_cakes/3117141.jpg,16
images/creme_brulee/630823.jpg,17
images/club_sandwich/1174253.jpg,15
images/chicken_wings/3426712.jpg,12
images/foie_gras/3803552.jpg,25
images/eggs_benedict/299968.jpg,21
images/club_sandwich/3810026.jpg,15
images/carrot_cake/1463477.jpg,9
images/falafel/676581.jpg,23
images/beignets/2135071.jpg,4
images/churros/1517418.jpg,14
images/donuts/93779.jpg,19
images/beet_salad/2812281.jpg,3
images/carrot_cake/2931412.jpg,9
images/eggs_benedict/3782339.jpg,21
images/falafel/2024377.jpg,23
images/cup_cakes/2032794.jpg,18
images/falafel/3862012.jpg,23
images/baklava/1245651.jpg,1
images/donuts/839118.jpg,19
images/french_fries/3240152.jpg,26
images/french_fries/973682.jpg,26
images/chicken_wings/2099054.jpg,12
images/eggs_benedict/2513717.jpg,21
images/baklava/3577345.jpg,1
images/french_fries/2454970.jpg,26
images/baklava/3331750.jpg,1
images/cannoli/3457727.jpg,7
images/eggs_benedict/1982974.jpg,21
images/fish_and_chips/2601901.jpg,24
images/crab_cakes/1083092.jpg,16
images/donuts/2997149.jpg,19
images/french_fries/2730558.jpg,26
images/beef_carpaccio/1820875.jpg,2
images/donuts/1446027.jpg,19
images/crab_cakes/3330151.jpg,16
images/churros/2511021.jpg,14
images/foie_gras/2050735.jpg,25
images/churros/3289362.jpg,14
images/caesar_salad/1841183.jpg,6
images/edamame/1965906.jpg,20
images/falafel/2610907.jpg,23
images/donuts/185093.jpg,19
images/falafel/58440.jpg,23
images/creme_brulee/480234.jpg,17
images/fish_and_chips/3532744.jpg,24
images/churros/45579.jpg,14
images/cheesecake/2754377.jpg,11
images/cheese_plate/256631.jpg,10
images/chicken_wings/2574909.jpg,12
images/edamame/1564232.jpg,20
images/fish_and_chips/3755943.jpg,24
images/churros/2010867.jpg,14
images/eggs_benedict/2563868.jpg,21
images/fish_and_chips/517956.jpg,24
images/apple_pie/488508.jpg,0
images/crab_cakes/2078014.jpg,16
images/chicken_wings/2920214.jpg,12
images/carrot_cake/1837176.jpg,9
images/french_fries/659984.jpg,26
images/chicken_wings/723092.jpg,12
images/edamame/1734442.jpg,20
images/cup_cakes/1280350.jpg,18
images/beignets/902679.jpg,4
images/edamame/977684.jpg,20
images/chicken_wings/3054411.jpg,12
images/foie_gras/3052927.jpg,25
images/caprese_salad/68364.jpg,8
images/creme_brulee/415689.jpg,17
images/edamame/3325153.jpg,20
images/caprese_salad/316971.jpg,8
images/donuts/800732.jpg,19
images/bruschetta/3432013.jpg,5
images/beet_salad/256623.jpg,3
images/baklava/3518551.jpg,1
images/cannoli/2183274.jpg,7
images/escargots/2942670.jpg,22
images/apple_pie/3392444.jpg,0
images/churros/535346.jpg,14
images/escargots/2425907.jpg,22
images/edamame/2790728.jpg,20
images/caesar_salad/3479395.jpg,6
images/apple_pie/2725375.jpg,0
images/apple_pie/1946376.jpg,0
images/cheese_plate/510805.jpg,10
images/beef_carpaccio/1028573.jpg,2
images/edamame/2949915.jpg,20
images/caprese_salad/130032.jpg,8
images/beef_carpaccio/1838176.jpg,2
images/caprese_salad/3270466.jpg,8
images/caprese_salad/1642802.jpg,8
images/caprese_salad/602617.jpg,8
images/donuts/1378342.jpg,19
images/chicken_wings/3423923.jpg,12
images/apple_pie/1111062.jpg,0
images/cheesecake/1958627.jpg,11
images/chicken_wings/2754382.jpg,12
images/bruschetta/3755116.jpg,5
images/french_fries/3352770.jpg,26
images/cheese_plate/1971615.jpg,10
images/chocolate_cake/588077.jpg,13
images/apple_pie/2705419.jpg,0
images/baklava/3236360.jpg,1
images/cheese_plate/1323702.jpg,10
images/french_fries/792429.jpg,26
images/caprese_salad/3413788.jpg,8
images/foie_gras/1732914.jpg,25
images/fish_and_chips/2879070.jpg,24
images/cannoli/402108.jpg,7
images/donuts/2164787.jpg,19
images/creme_brulee/3025693.jpg,17
images/crab_cakes/1834151.jpg,16
images/crab_cakes/3606794.jpg,16
images/baklava/1468646.jpg,1
images/caprese_salad/1272924.jpg,8
images/cheesecake/3097796.jpg,11
images/caesar_salad/3791298.jpg,6
images/chicken_wings/2054901.jpg,12
images/chocolate_cake/1118824.jpg,13
images/fish_and_chips/504654.jpg,24
images/eggs_benedict/388858.jpg,21
images/beet_salad/763583.jpg,3
images/caesar_salad/388850.jpg,6
images/cheesecake/859143.jpg,11
images/creme_brulee/598351.jpg,17
images/chocolate_cake/1917378.jpg,13
images/creme_brulee/1828750.jpg,17
images/escargots/1250677.jpg,22
images/cup_cakes/2177827.jpg,18
images/donuts/2655219.jpg,19
images/club_sandwich/2227738.jpg,15
images/caesar_salad/2005616.jpg,6
images/creme_brulee/762799.jpg,17
images/foie_gras/815722.jpg,25
images/apple_pie/3452805.jpg,0
images/escargots/2924529.jpg,22
images/falafel/3298014.jpg,23
images/beef_carpaccio/1139546.jpg,2
images/carrot_cake/2292901.jpg,9
images/eggs_benedict/391165.jpg,21
images/cheesecake/1416009.jpg,11
images/fish_and_chips/2242345.jpg,24
images/beignets/730726.jpg,4
images/eggs_benedict/470370.jpg,21
images/beet_salad/3377790.jpg,3
images/beef_carpaccio/2213150.jpg,2
images/beet_salad/1904813.jpg,3
images/edamame/3393645.jpg,20
images/crab_cakes/1047202.jpg,16
images/donuts/215581.jpg,19
images/cup_cakes/167113.jpg,18
images/apple_pie/2245633.jpg,0
images/foie_gras/3381348.jpg,25
images/chicken_wings/386863.jpg,12
images/donuts/3776531.jpg,19
images/beet_salad/1342202.jpg,3
images/caesar_salad/3592217.jpg,6
images/churros/3423275.jpg,14
images/falafel/1632502.jpg,23
images/beignets/371188.jpg,4
images/edamame/3747327.jpg,20
images/caprese_salad/3899783.jpg,8
images/chocolate_cake/981278.jpg,13
images/caesar_salad/3712546.jpg,6
images/eggs_benedict/12041.jpg,21
images/cup_cakes/2601880.jpg,18
images/beef_carpaccio/362410.jpg,2
images/french_fries/1177340.jpg,26
images/caprese_salad/306415.jpg,8
images/caprese_salad/3848191.jpg,8
images/chicken_wings/1244110.jpg,12
images/cheese_plate/2295584.jpg,10
images/beignets/795001.jpg,4
images/crab_cakes/3545761.jpg,16
images/churros/50099.jpg,14
images/chicken_wings/3311168.jpg,12
images/fish_and_chips/2366728.jpg,24
images/caprese_salad/2736862.jpg,8
images/creme_brulee/2032786.jpg,17
images/chicken_wings/958649.jpg,12
images/churros/3724505.jpg,14
images/churros/3030442.jpg,14
images/beignets/1655915.jpg,4
images/cheese_plate/1550171.jpg,10
images/baklava/1973849.jpg,1
images/cup_cakes/1522574.jpg,18
images/club_sandwich/865174.jpg,15
images/falafel/3699908.jpg,23
images/falafel/1202579.jpg,23
images/crab_cakes/33540.jpg,16
images/beignets/2318292.jpg,4
images/falafel/3001698.jpg,23
images/cannoli/2366897.jpg,7
images/cheesecake/952846.jpg,11
images/club_sandwich/2862412.jpg,15
images/cup_cakes/987149.jpg,18
images/donuts/1781975.jpg,19
images/bruschetta/3546543.jpg,5
images/beignets/2121303.jpg,4
images/falafel/911173.jpg,23
images/caprese_salad/2323377.jpg,8
images/beet_salad/2696455.jpg,3
images/cheesecake/2240092.jpg,11
images/creme_brulee/2094201.jpg,17
images/carrot_cake/1727905.jpg,9
images/edamame/1879542.jpg,20
images/foie_gras/2193674.jpg,25
images/edamame/2692562.jpg,20
images/chocolate_cake/1933573.jpg,13
images/caprese_salad/779482.jpg,8
images/eggs_benedict/1019604.jpg,21
images/foie_gras/1957715.jpg,25
images/edamame/1778978.jpg,20
images/crab_cakes/3756101.jpg,16
images/chocolate_cake/149797.jpg,13
images/french_fries/547396.jpg,26
images/beet_salad/2902714.jpg,3
images/cup_cakes/2333245.jpg,18
images/apple_pie/175848.jpg,0
images/bruschetta/142836.jpg,5
images/churros/2217408.jpg,14
images/cheesecake/3568291.jpg,11
images/edamame/1298988.jpg,20
images/foie_gras/1175871.jpg,25
images/carrot_cake/2286737.jpg,9
images/cannoli/3652153.jpg,7
images/fish_and_chips/3337435.jpg,24
images/caesar_salad/3724045.jpg,6
images/cannoli/2252305.jpg,7
images/escargots/2367255.jpg,22
images/fish_and_chips/162295.jpg,24
images/donuts/2247724.jpg,19
images/cannoli/2878644.jpg,7
images/apple_pie/2825284.jpg,0
images/cheesecake/1317539.jpg,11
images/beet_salad/1867624.jpg,3
images/cheesecake/3740520.jpg,11
images/cup_cakes/421250.jpg,18
images/chocolate_cake/3167867.jpg,13
images/cheesecake/780915.jpg,11
images/churros/1078896.jpg,14
images/carrot_cake/1480481.jpg,9
images/club_sandwich/3498465.jpg,15
images/beef_carpaccio/2298516.jpg,2
images/beet_salad/2628099.jpg,3
images/edamame/1973890.jpg,20
images/edamame/601018.jpg,20
images/club_sandwich/762679.jpg,15
images/chicken_wings/1291088.jpg,12
images/caesar_salad/3319593.jpg,6
images/eggs_benedict/1621201.jpg,21
images/donuts/819764.jpg,19
images/falafel/2237994.jpg,23
images/cup_cakes/43060.jpg,18
images/edamame/2302023.jpg,20
images/caesar_salad/2668462.jpg,6
images/falafel/3920188.jpg,23
images/carrot_cake/3482533.jpg,9
images/falafel/3726645.jpg,23
images/bruschetta/2455008.jpg,5
images/creme_brulee/1426950.jpg,17
images/cheesecake/576604.jpg,11
images/chicken_wings/2968061.jpg,12
images/foie_gras/71461.jpg,25
images/beef_carpaccio/1362517.jpg,2
images/chocolate_cake/1463810.jpg,13
images/caprese_salad/2848138.jpg,8
images/chicken_wings/243585.jpg,12
images/edamame/360898.jpg,20
images/crab_cakes/1026455.jpg,16
images/beef_carpaccio/2034942.jpg,2
images/french_fries/2001959.jpg,26
images/cheese_plate/1793863.jpg,10
images/beef_carpaccio/898749.jpg,2
images/fish_and_chips/1360428.jpg,24
images/foie_gras/199384.jpg,25
images/fish_and_chips/2708407.jpg,24
images/carrot_cake/2658131.jpg,9
images/falafel/3355974.jpg,23
images/cup_cakes/2221683.jpg,18
images/falafel/995977.jpg,23
images/edamame/76528.jpg,20
images/beef_carpaccio/3026476.jpg,2
images/fish_and_chips/3418349.jpg,24
images/eggs_benedict/3659811.jpg,21
images/beet_salad/2541182.jpg,3
images/club_sandwich/1790367.jpg,15
images/cannoli/2438486.jpg,7
images/chocolate_cake/537929.jpg,13
images/caesar_salad/2126034.jpg,6
images/cheese_plate/3609452.jpg,10
images/french_fries/192632.jpg,26
images/eggs_benedict/1519620.jpg,21
images/beignets/647590.jpg,4
images/crab_cakes/185377.jpg,16
images/fish_and_chips/3797876.jpg,24
images/caprese_salad/389797.jpg,8
images/carrot_cake/62069.jpg,9
images/eggs_benedict/1656505.jpg,21
images/beef_carpaccio/1707984.jpg,2
images/caesar_salad/83828.jpg,6
images/apple_pie/2702725.jpg,0
images/caesar_salad/3627251.jpg,6
images/club_sandwich/2589613.jpg,15
images/club_sandwich/2162203.jpg,15
images/apple_pie/3508043.jpg,0
images/club_sandwich/1569490.jpg,15
images/eggs_benedict/61666.jpg,21
images/club_sandwich/3911032.jpg,15
images/creme_brulee/1127473.jpg,17
images/fish_and_chips/590470.jpg,24
images/chicken_wings/1789411.jpg,12
images/caesar_salad/3589253.jpg,6
images/cup_cakes/217639.jpg,18
images/club_sandwich/1045506.jpg,15
images/escargots/3565974.jpg,22
images/cheese_plate/498310.jpg,10
images/foie_gras/1507069.jpg,25
images/cannoli/1343977.jpg,7
images/carrot_cake/3404864.jpg,9
images/beef_carpaccio/1415166.jpg,2
images/cup_cakes/204858.jpg,18
images/apple_pie/3276340.jpg,0
images/churros/3394138.jpg,14
images/foie_gras/2973686.jpg,25
images/edamame/2127809.jpg,20
images/apple_pie/2621542.jpg,0
images/eggs_benedict/2169728.jpg,21
images/cannoli/3557145.jpg,7
images/baklava/2366922.jpg,1
images/creme_brulee/1591030.jpg,17
images/escargots/3714144.jpg,22
images/cheese_plate/549977.jpg,10
images/escargots/3075733.jpg,22
images/baklava/2924742.jpg,1
images/club_sandwich/2599627.jpg,15
images/bruschetta/733228.jpg,5
images/french_fries/3116766.jpg,26
images/cheese_plate/1266840.jpg,10
images/apple_pie/195087.jpg,0
images/eggs_benedict/73046.jpg,21
images/club_sandwich/799509.jpg,15
images/creme_brulee/388802.jpg,17
images/creme_brulee/113886.jpg,17
images/caesar_salad/341480.jpg,6
images/escargots/3828865.jpg,22
images/foie_gras/2619365.jpg,25
images/club_sandwich/2438386.jpg,15
images/french_fries/3102929.jpg,26
images/caprese_salad/14688.jpg,8
images/escargots/2630082.jpg,22
images/beet_salad/578524.jpg,3
images/crab_cakes/1195743.jpg,16
images/cannoli/957720.jpg,7
images/beef_carpaccio/40761.jpg,2
images/donuts/1672393.jpg,19
images/eggs_benedict/1792773.jpg,21
images/baklava/227669.jpg,1
images/cheese_plate/529716.jpg,10
images/caprese_salad/1165903.jpg,8
images/donuts/1138522.jpg,19
images/beignets/1428238.jpg,4
images/fish_and_chips/497629.jpg,24
images/chocolate_cake/1166782.jpg,13
images/chicken_wings/2166957.jpg,12
images/eggs_benedict/997623.jpg,21
images/donuts/1394995.jpg,19
images/baklava/1457256.jpg,1
images/donuts/266791.jpg,19
images/churros/1915687.jpg,14
images/churros/753342.jpg,14
images/donuts/1103380.jpg,19
images/cheese_plate/1916606.jpg,10
images/eggs_benedict/3088594.jpg,21
images/chocolate_cake/2128654.jpg,13
images/edamame/3156052.jpg,20
images/crab_cakes/1776813.jpg,16
images/cannoli/2600027.jpg,7
images/carrot_cake/3186916.jpg,9
images/club_sandwich/1029932.jpg,15
images/churros/1502812.jpg,14
images/churros/2891977.jpg,14
images/cheese_plate/1540157.jpg,10
images/cup_cakes/51424.jpg,18
images/cheese_plate/3430261.jpg,10
images/bruschetta/1261207.jpg,5
images/caesar_salad/2521424.jpg,6
images/fish_and_chips/2538669.jpg,24
images/caprese_salad/831647.jpg,8
images/falafel/32746.jpg,23
images/fish_and_chips/3216823.jpg,24
images/apple_pie/1617793.jpg,0
images/foie_gras/868325.jpg,25
images/beignets/832877.jpg,4
images/escargots/2730590.jpg,22
images/caesar_salad/3248599.jpg,6
images/beignets/2017066.jpg,4
images/creme_brulee/60199.jpg,17
images/edamame/1261956.jpg,20
images/bruschetta/2018603.jpg,5
images/beet_salad/1187701.jpg,3
images/creme_brulee/1600325.jpg,17
images/french_fries/3897130.jpg,26
images/chicken_wings/1575623.jpg,12
images/fish_and_chips/1519427.jpg,24
images/caprese_salad/3803451.jpg,8
images/creme_brulee/1836603.jpg,17
images/cheesecake/1123723.jpg,11
images/creme_brulee/3858602.jpg,17
images/club_sandwich/1589553.jpg,15
images/baklava/3482045.jpg,1
images/chicken_wings/306910.jpg,12
images/cheese_plate/1200033.jpg,10
images/crab_cakes/3755114.jpg,16
images/escargots/1399331.jpg,22
images/cup_cakes/3622157.jpg,18
images/falafel/43498.jpg,23
images/beef_carpaccio/3203268.jpg,2
images/beef_carpaccio/3703311.jpg,2
images/cheesecake/2188333.jpg,11
images/bruschetta/1481541.jpg,5
images/baklava/662939.jpg,1
images/beignets/1022290.jpg,4
images/beignets/1900295.jpg,4
images/caesar_salad/1392686.jpg,6
images/creme_brulee/739972.jpg,17
images/caesar_salad/1609182.jpg,6
images/beet_salad/1078947.jpg,3
images/beignets/2993714.jpg,4
images/escargots/1899056.jpg,22
images/carrot_cake/107734.jpg,9
images/creme_brulee/911836.jpg,17
images/beef_carpaccio/2197663.jpg,2
images/cannoli/726340.jpg,7
images/french_fries/2343991.jpg,26
images/beignets/483172.jpg,4
images/edamame/781627.jpg,20
images/apple_pie/3478976.jpg,0
images/caprese_salad/3655608.jpg,8
images/cannoli/3585609.jpg,7
images/cannoli/393172.jpg,7
images/cheesecake/1425392.jpg,11
images/caesar_salad/2029001.jpg,6
images/donuts/1285068.jpg,19
images/baklava/2371178.jpg,1
images/baklava/1217926.jpg,1
images/french_fries/3832957.jpg,26
images/apple_pie/1113017.jpg,0
images/club_sandwich/2016414.jpg,15
images/foie_gras/2138629.jpg,25
images/chocolate_cake/2225903.jpg,13
images/churros/3369165.jpg,14
images/beet_salad/2602208.jpg,3
images/escargots/808756.jpg,22
images/eggs_benedict/659702.jpg,21
images/caprese_salad/3162158.jpg,8
images/cheesecake/3837391.jpg,11
images/chocolate_cake/2589563.jpg,13
images/foie_gras/1959773.jpg,25
images/cup_cakes/3378732.jpg,18
images/beef_carpaccio/1890807.jpg,2
images/donuts/582566.jpg,19
images/escargots/1520685.jpg,22
images/cannoli/2980.jpg,7
images/foie_gras/1176321.jpg,25
images/caesar_salad/2546478.jpg,6
images/baklava/1977817.jpg,1
images/carrot_cake/3889387.jpg,9
images/cheesecake/1241400.jpg,11
images/french_fries/2601877.jpg,26
images/donuts/1497340.jpg,19
images/bruschetta/3076386.jpg,5
images/fish_and_chips/191445.jpg,24
images/cheesecake/869766.jpg,11
images/club_sandwich/1910999.jpg,15
images/falafel/3385868.jpg,23
images/baklava/769214.jpg,1
images/french_fries/796870.jpg,26
images/creme_brulee/709526.jpg,17
images/falafel/3659940.jpg,23
images/cup_cakes/89713.jpg,18
images/bruschetta/2515404.jpg,5
images/apple_pie/2434963.jpg,0
images/escargots/1327524.jpg,22
images/caesar_salad/401536.jpg,6
images/beet_salad/3285000.jpg,3
images/escargots/1280385.jpg,22
images/beignets/634889.jpg,4
images/cannoli/2567134.jpg,7
images/french_fries/1219252.jpg,26
images/fish_and_chips/2072610.jpg,24
images/foie_gras/2431565.jpg,25
images/carrot_cake/2925284.jpg,9
images/beet_salad/318343.jpg,3
images/foie_gras/302753.jpg,25
images/caesar_salad/560457.jpg,6
images/club_sandwich/1677425.jpg,15
images/donuts/91540.jpg,19
images/edamame/627386.jpg,20
images/bruschetta/1148516.jpg,5
images/beef_carpaccio/2673804.jpg,2
images/caesar_salad/2480646.jpg,6
images/carrot_cake/3918631.jpg,9
images/cannoli/91738.jpg,7
images/apple_pie/2200328.jpg,0
images/falafel/25564.jpg,23
images/chicken_wings/908140.jpg,12
images/edamame/2125297.jpg,20
images/eggs_benedict/243613.jpg,21
images/chicken_wings/3136027.jpg,12
images/churros/735220.jpg,14
images/eggs_benedict/836140.jpg,21
images/beef_carpaccio/1260454.jpg,2
images/caprese_salad/3524597.jpg,8
images/cheesecake/2322601.jpg,11
images/caprese_salad/2721496.jpg,8
images/club_sandwich/3345837.jpg,15
images/creme_brulee/649471.jpg,17
images/chocolate_cake/2518457.jpg,13
images/churros/330739.jpg,14
images/crab_cakes/3693920.jpg,16
images/fish_and_chips/3512193.jpg,24
images/bruschetta/679949.jpg,5
images/chicken_wings/2445186.jpg,12
images/baklava/2397226.jpg,1
images/carrot_cake/36876.jpg,9
images/chocolate_cake/753921.jpg,13
images/carrot_cake/859435.jpg,9
images/caprese_salad/1887644.jpg,8
images/falafel/2018817.jpg,23
images/cup_cakes/2997384.jpg,18
images/creme_brulee/1337968.jpg,17
images/cannoli/200848.jpg,7
images/eggs_benedict/736693.jpg,21
images/carrot_cake/1020148.jpg,9
images/beignets/2885220.jpg,4
images/fish_and_chips/1746664.jpg,24
images/beet_salad/457324.jpg,3
images/french_fries/3137998.jpg,26
images/cheesecake/2447343.jpg,11
images/creme_brulee/2151983.jpg,17
images/beet_salad/300392.jpg,3
images/fish_and_chips/1814341.jpg,24
images/bruschetta/603240.jpg,5
images/cup_cakes/1317600.jpg,18
images/cup_cakes/2018881.jpg,18
images/french_fries/2836915.jpg,26
images/chocolate_cake/1695723.jpg,13
images/carrot_cake/14551.jpg,9
images/chicken_wings/1786755.jpg,12
images/baklava/1720866.jpg,1
images/churros/1630055.jpg,14
images/beignets/1034417.jpg,4
images/cheesecake/3541634.jpg,11
images/fish_and_chips/3615912.jpg,24
images/baklava/597581.jpg,1
images/beet_salad/406905.jpg,3
images/creme_brulee/255960.jpg,17
images/eggs_benedict/1698029.jpg,21
images/eggs_benedict/1061588.jpg,21
images/foie_gras/2859612.jpg,25
images/foie_gras/2437642.jpg,25
images/cannoli/2502615.jpg,7
images/escargots/584016.jpg,22
images/beet_salad/381208.jpg,3
images/cheesecake/1926.jpg,11
images/cheesecake/1800646.jpg,11
images/chicken_wings/3252604.jpg,12
images/creme_brulee/2450661.jpg,17
images/chocolate_cake/3074593.jpg,13
images/cup_cakes/3471613.jpg,18
images/baklava/1132486.jpg,1
images/bruschetta/3625366.jpg,5
images/falafel/3382413.jpg,23
images/apple_pie/3551588.jpg,0
images/carrot_cake/3804961.jpg,9
images/escargots/3401386.jpg,22
images/chicken_wings/1905627.jpg,12
images/caesar_salad/517093.jpg,6
images/apple_pie/3708762.jpg,0
images/cheese_plate/806123.jpg,10
images/beignets/2023848.jpg,4
images/cannoli/2768099.jpg,7
images/donuts/2392914.jpg,19
images/beet_salad/2265116.jpg,3
images/carrot_cake/2001689.jpg,9
images/falafel/2032021.jpg,23
images/churros/1972869.jpg,14
images/bruschetta/369264.jpg,5
images/chocolate_cake/3412186.jpg,13
images/caprese_salad/1048582.jpg,8
images/cup_cakes/2479691.jpg,18
images/churros/625610.jpg,14
images/cannoli/1418734.jpg,7
images/caesar_salad/904878.jpg,6
images/bruschetta/446521.jpg,5
images/donuts/842931.jpg,19
images/club_sandwich/3874680.jpg,15
images/beignets/1554546.jpg,4
images/chicken_wings/776732.jpg,12
images/caesar_salad/3859202.jpg,6
images/creme_brulee/2474386.jpg,17
images/apple_pie/1995380.jpg,0
images/falafel/3068924.jpg,23
images/caesar_salad/3717414.jpg,6
images/beignets/459486.jpg,4
images/chocolate_cake/2442288.jpg,13
images/bruschetta/980384.jpg,5
images/french_fries/353437.jpg,26
images/churros/3853943.jpg,14
images/apple_pie/3252424.jpg,0
images/eggs_benedict/590291.jpg,21
images/foie_gras/3420699.jpg,25
images/foie_gras/3027767.jpg,25
images/cup_cakes/1818986.jpg,18
images/eggs_benedict/932840.jpg,21
images/edamame/684957.jpg,20
images/churros/790399.jpg,14
images/cheese_plate/1828944.jpg,10
images/beef_carpaccio/966494.jpg,2
images/beet_salad/2601956.jpg,3
images/creme_brulee/1480707.jpg,17
images/cheese_plate/2376367.jpg,10
images/club_sandwich/1322050.jpg,15
images/carrot_cake/351082.jpg,9
images/club_sandwich/536784.jpg,15
images/donuts/3846229.jpg,19
images/chocolate_cake/149810.jpg,13
images/bruschetta/1885359.jpg,5
images/eggs_benedict/1530799.jpg,21
images/donuts/1954438.jpg,19
images/carrot_cake/615138.jpg,9
images/edamame/3361055.jpg,20
images/creme_brulee/3593080.jpg,17
images/cheesecake/1748224.jpg,11
images/chicken_wings/3483441.jpg,12
images/baklava/107830.jpg,1
images/foie_gras/1679262.jpg,25
images/chocolate_cake/2025649.jpg,13
images/apple_pie/1487150.jpg,0
images/club_sandwich/1289502.jpg,15
images/chicken_wings/2075225.jpg,12
images/baklava/1513651.jpg,1
images/caprese_salad/1969906.jpg,8
images/beef_carpaccio/792439.jpg,2
images/chocolate_cake/3686868.jpg,13
images/beef_carpaccio/3186605.jpg,2
images/churros/3589834.jpg,14
images/foie_gras/948979.jpg,25
images/beef_carpaccio/1578151.jpg,2
images/cheesecake/1985467.jpg,11
images/eggs_benedict/208408.jpg,21
images/chocolate_cake/449197.jpg,13
images/club_sandwich/2225361.jpg,15
images/beef_carpaccio/2081072.jpg,2
images/foie_gras/1771264.jpg,25
images/cup_cakes/134301.jpg,18
images/baklava/566507.jpg,1
images/apple_pie/224785.jpg,0
images/caprese_salad/810241.jpg,8
images/falafel/1450.jpg,23
images/club_sandwich/1507874.jpg,15
images/french_fries/478232.jpg,26
images/creme_brulee/2758181.jpg,17
images/chicken_wings/1479296.jpg,12
images/eggs_benedict/3644892.jpg,21
images/cannoli/125648.jpg,7
images/chicken_wings/271664.jpg,12
images/falafel/2253570.jpg,23
images/beef_carpaccio/1573594.jpg,2
images/beignets/2132176.jpg,4
images/caesar_salad/1722315.jpg,6
images/edamame/1258489.jpg,20
images/beef_carpaccio/493226.jpg,2
images/club_sandwich/2081422.jpg,15
images/beet_salad/3731720.jpg,3
images/cheesecake/2549099.jpg,11
images/cheesecake/2739450.jpg,11
images/beet_salad/1342964.jpg,3
images/edamame/676461.jpg,20
images/chocolate_cake/51717.jpg,13
images/fish_and_chips/421373.jpg,24
images/edamame/3580860.jpg,20
images/edamame/3483434.jpg,20
images/beef_carpaccio/3898424.jpg,2
images/bruschetta/2759748.jpg,5
images/baklava/1044163.jpg,1
images/caesar_salad/3374324.jpg,6
images/creme_brulee/2203302.jpg,17
images/escargots/2339066.jpg,22
images/caprese_salad/2195911.jpg,8
images/eggs_benedict/349978.jpg,21
images/eggs_benedict/106227.jpg,21
images/carrot_cake/2238258.jpg,9
images/caprese_salad/2357950.jpg,8
images/club_sandwich/3456149.jpg,15
images/foie_gras/2005169.jpg,25
images/chicken_wings/3159739.jpg,12
images/bruschetta/907469.jpg,5
images/fish_and_chips/2967524.jpg,24
images/creme_brulee/2673272.jpg,17
images/caprese_salad/2701785.jpg,8
images/club_sandwich/2118189.jpg,15
images/caprese_salad/3763781.jpg,8
images/chocolate_cake/2533462.jpg,13
images/donuts/325885.jpg,19
images/cup_cakes/505976.jpg,18
images/caprese_salad/3409474.jpg,8
images/cup_cakes/114735.jpg,18
images/cheese_plate/564853.jpg,10
images/falafel/153552.jpg,23
images/escargots/1409799.jpg,22
images/beet_salad/132686.jpg,3
images/cheesecake/1349038.jpg,11
images/cheese_plate/3294190.jpg,10
images/carrot_cake/1201674.jpg,9
images/beef_carpaccio/2414627.jpg,2
images/apple_pie/1074856.jpg,0
images/cannoli/3538625.jpg,7
images/creme_brulee/439066.jpg,17
images/cup_cakes/247962.jpg,18
images/donuts/612553.jpg,19
images/french_fries/3881337.jpg,26
images/crab_cakes/1799672.jpg,16
images/crab_cakes/454514.jpg,16
images/falafel/2438806.jpg,23
images/cheesecake/301407.jpg,11
images/eggs_benedict/3357710.jpg,21
images/beet_salad/1784096.jpg,3
images/crab_cakes/497621.jpg,16
images/baklava/473273.jpg,1
images/baklava/925074.jpg,1
images/chocolate_cake/2958075.jpg,13
images/baklava/1736490.jpg,1
images/beet_salad/3379002.jpg,3
images/chocolate_cake/2809530.jpg,13
images/eggs_benedict/2167783.jpg,21
images/creme_brulee/1579080.jpg,17
images/eggs_benedict/1545635.jpg,21
images/falafel/1840574.jpg,23
images/crab_cakes/287432.jpg,16
images/beet_salad/148815.jpg,3
images/fish_and_chips/3334165.jpg,24
images/escargots/3583046.jpg,22
images/foie_gras/506320.jpg,25
images/cheese_plate/842305.jpg,10
images/creme_brulee/2630472.jpg,17
images/edamame/95354.jpg,20
images/escargots/177273.jpg,22
images/crab_cakes/1060915.jpg,16
images/beet_salad/1016430.jpg,3
images/baklava/567973.jpg,1
images/apple_pie/1581853.jpg,0
images/churros/3607340.jpg,14
images/carrot_cake/2897809.jpg,9
images/caesar_salad/1655236.jpg,6
images/caesar_salad/1844036.jpg,6
images/french_fries/3832935.jpg,26
images/french_fries/631606.jpg,26
images/french_fries/1129645.jpg,26
images/french_fries/2733482.jpg,26
images/caesar_salad/1539075.jpg,6
images/cup_cakes/416954.jpg,18
images/cannoli/2813197.jpg,7
images/club_sandwich/2287401.jpg,15
images/bruschetta/1333827.jpg,5
images/falafel/3666091.jpg,23
images/foie_gras/1073688.jpg,25
images/bruschetta/3295231.jpg,5
images/churros/3913219.jpg,14
images/cheese_plate/71673.jpg,10
images/churros/2037510.jpg,14
images/bruschetta/18511.jpg,5
images/falafel/1276083.jpg,23
images/edamame/2977323.jpg,20
images/cup_cakes/549886.jpg,18
images/crab_cakes/1218613.jpg,16
images/crab_cakes/1826615.jpg,16
images/creme_brulee/1378396.jpg,17
images/caprese_salad/1931588.jpg,8
images/beignets/2216452.jpg,4
images/falafel/2128610.jpg,23
images/chicken_wings/461442.jpg,12
images/caesar_salad/15081.jpg,6
images/french_fries/1049122.jpg,26
images/fish_and_chips/305528.jpg,24
images/club_sandwich/295220.jpg,15
images/french_fries/60306.jpg,26
images/edamame/3901327.jpg,20
images/club_sandwich/2767736.jpg,15
images/donuts/710829.jpg,19
images/donuts/1388568.jpg,19
images/cup_cakes/1650155.jpg,18
images/french_fries/1656352.jpg,26
images/fish_and_chips/424363.jpg,24
images/baklava/3822113.jpg,1
images/eggs_benedict/219544.jpg,21
images/cheese_plate/1584094.jpg,10
images/edamame/3654124.jpg,20
images/donuts/693160.jpg,19
images/escargots/3686263.jpg,22
images/edamame/2426525.jpg,20
images/beet_salad/1006123.jpg,3
images/fish_and_chips/2232596.jpg,24
images/chicken_wings/982894.jpg,12
images/edamame/2685362.jpg,20
images/escargots/1158549.jpg,22
images/baklava/1438216.jpg,1
images/edamame/965396.jpg,20
images/apple_pie/2735451.jpg,0
images/cannoli/806443.jpg,7
images/caesar_salad/1348253.jpg,6
images/falafel/1360332.jpg,23
images/foie_gras/2318517.jpg,25
images/foie_gras/1484896.jpg,25
images/caprese_salad/2898073.jpg,8
images/cheesecake/1692172.jpg,11
images/caesar_salad/2857487.jpg,6
images/caprese_salad/1092179.jpg,8
images/eggs_benedict/595044.jpg,21
images/bruschetta/405905.jpg,5
images/cheesecake/570321.jpg,11
images/beet_salad/2707938.jpg,3
images/beignets/1532945.jpg,4
images/beignets/664866.jpg,4
images/carrot_cake/3011050.jpg,9
images/beignets/2871249.jpg,4
images/club_sandwich/2380249.jpg,15
images/caesar_salad/3897712.jpg,6
images/beet_salad/479052.jpg,3
images/creme_brulee/805888.jpg,17
images/edamame/2051244.jpg,20
images/eggs_benedict/1184050.jpg,21
images/chocolate_cake/3552805.jpg,13
images/eggs_benedict/2422792.jpg,21
images/apple_pie/2224273.jpg,0
images/crab_cakes/167088.jpg,16
images/beef_carpaccio/2125731.jpg,2
images/baklava/1685291.jpg,1
images/churros/1449993.jpg,14
images/crab_cakes/1949301.jpg,16
images/french_fries/2821467.jpg,26
images/caesar_salad/3828001.jpg,6
images/chocolate_cake/1474255.jpg,13
images/foie_gras/2264640.jpg,25
images/crab_cakes/889170.jpg,16
images/beignets/3386140.jpg,4
images/foie_gras/3473853.jpg,25
images/cheese_plate/3910057.jpg,10
images/churros/3230233.jpg,14
images/creme_brulee/2758711.jpg,17
images/caprese_salad/266680.jpg,8
images/beet_salad/180899.jpg,3
images/donuts/2423745.jpg,19
images/baklava/1795930.jpg,1
images/crab_cakes/1495532.jpg,16
images/creme_brulee/822926.jpg,17
images/chocolate_cake/2460275.jpg,13
images/caprese_salad/2112505.jpg,8
images/fish_and_chips/2682567.jpg,24
images/baklava/1554510.jpg,1
images/bruschetta/1376289.jpg,5
images/chocolate_cake/3044354.jpg,13
images/bruschetta/2064792.jpg,5
images/cheesecake/2313285.jpg,11
images/caprese_salad/1772095.jpg,8
images/club_sandwich/3221622.jpg,15
images/cheesecake/1102384.jpg,11
images/french_fries/531883.jpg,26
images/foie_gras/271392.jpg,25
images/chicken_wings/1487184.jpg,12
images/foie_gras/3404665.jpg,25
images/fish_and_chips/3363991.jpg,24
images/carrot_cake/2758945.jpg,9
images/club_sandwich/3616498.jpg,15
images/carrot_cake/993626.jpg,9
images/beignets/1453517.jpg,4
images/bruschetta/3668714.jpg,5
images/falafel/162306.jpg,23
images/crab_cakes/3876656.jpg,16
images/caprese_salad/2519830.jpg,8
images/churros/1594137.jpg,14
images/cup_cakes/1607618.jpg,18
images/cheese_plate/3693838.jpg,10
images/churros/2380450.jpg,14
images/creme_brulee/3868924.jpg,17
images/baklava/3274737.jpg,1
images/cheese_plate/452590.jpg,10
images/apple_pie/3670548.jpg,0
images/cup_cakes/2185101.jpg,18
images/cheesecake/1389466.jpg,11
images/cheesecake/3722228.jpg,11
images/french_fries/2001882.jpg,26
images/falafel/2097788.jpg,23
images/donuts/3486756.jpg,19
images/cheesecake/248453.jpg,11
images/carrot_cake/1263657.jpg,9
images/churros/1189105.jpg,14
images/beignets/2805868.jpg,4
images/creme_brulee/1152525.jpg,17
images/chocolate_cake/2614325.jpg,13
images/apple_pie/2486622.jpg,0
images/caprese_salad/1740323.jpg,8
images/creme_brulee/2602002.jpg,17
images/chicken_wings/1267124.jpg,12
images/french_fries/2521012.jpg,26
images/eggs_benedict/41441.jpg,21
images/fish_and_chips/691890.jpg,24
images/creme_brulee/1060681.jpg,17
images/foie_gras/1639760.jpg,25
images/fish_and_chips/140212.jpg,24
images/escargots/641.jpg,22
images/churros/2735230.jpg,14
images/cup_cakes/406021.jpg,18
images/carrot_cake/3301470.jpg,9
images/escargots/2552614.jpg,22
images/caprese_salad/822695.jpg,8
images/fish_and_chips/3470365.jpg,24
images/foie_gras/780626.jpg,25
images/crab_cakes/2112598.jpg,16
images/baklava/130220.jpg,1
images/bruschetta/2965006.jpg,5
images/escargots/1307018.jpg,22
images/escargots/3778393.jpg,22
images/carrot_cake/652435.jpg,9
images/donuts/122287.jpg,19
images/foie_gras/66733.jpg,25
images/caesar_salad/2184085.jpg,6
images/caesar_salad/217539.jpg,6
images/cup_cakes/1666276.jpg,18
images/caesar_salad/2217599.jpg,6
images/cup_cakes/1707175.jpg,18
images/baklava/648198.jpg,1
images/eggs_benedict/535020.jpg,21
images/caesar_salad/70283.jpg,6
images/cannoli/1618048.jpg,7
images/baklava/335538.jpg,1
images/chicken_wings/2190013.jpg,12
images/edamame/2263853.jpg,20
images/caesar_salad/268859.jpg,6
images/bruschetta/531632.jpg,5
images/escargots/2056451.jpg,22
images/beef_carpaccio/3722996.jpg,2
images/bruschetta/3156753.jpg,5
images/french_fries/1209297.jpg,26
images/caesar_salad/2037494.jpg,6
images/donuts/94874.jpg,19
images/eggs_benedict/3414570.jpg,21
images/beet_salad/2950897.jpg,3
images/chocolate_cake/2052405.jpg,13
images/fish_and_chips/100703.jpg,24
images/donuts/2892362.jpg,19
images/carrot_cake/1658580.jpg,9
images/cannoli/1492785.jpg,7
images/churros/3723114.jpg,14
images/caprese_salad/2818900.jpg,8
images/carrot_cake/530938.jpg,9
images/caesar_salad/560093.jpg,6
images/foie_gras/831047.jpg,25
images/caesar_salad/2895075.jpg,6
images/foie_gras/1659999.jpg,25
images/french_fries/2536896.jpg,26
images/edamame/1530694.jpg,20
images/cheese_plate/3908443.jpg,10
images/donuts/551689.jpg,19
images/french_fries/416728.jpg,26
images/fish_and_chips/372667.jpg,24
images/club_sandwich/836401.jpg,15
images/baklava/689207.jpg,1
images/beignets/2775006.jpg,4
images/donuts/3126988.jpg,19
images/french_fries/3426819.jpg,26
images/cheesecake/3267352.jpg,11
images/french_fries/3199467.jpg,26
images/carrot_cake/3147937.jpg,9
images/french_fries/2146228.jpg,26
images/french_fries/2550720.jpg,26
images/caprese_salad/988341.jpg,8
images/chicken_wings/3697101.jpg,12
images/chicken_wings/2066275.jpg,12
images/caesar_salad/3516177.jpg,6
images/chocolate_cake/641712.jpg,13
images/falafel/1286955.jpg,23
images/beignets/3291410.jpg,4
images/beet_salad/3401830.jpg,3
images/cheese_plate/1679469.jpg,10
images/apple_pie/3805050.jpg,0
images/falafel/1748580.jpg,23
images/apple_pie/589712.jpg,0
images/crab_cakes/2719151.jpg,16
images/cannoli/1909458.jpg,7
images/churros/326731.jpg,14
images/beef_carpaccio/1176733.jpg,2
images/cheesecake/449664.jpg,11
images/chicken_wings/2783759.jpg,12
images/carrot_cake/154537.jpg,9
images/bruschetta/440365.jpg,5
images/french_fries/2607081.jpg,26
images/cup_cakes/520027.jpg,18
images/fish_and_chips/95332.jpg,24
images/cheesecake/2438063.jpg,11
images/caprese_salad/416792.jpg,8
images/crab_cakes/316065.jpg,16
images/chicken_wings/1457393.jpg,12
images/carrot_cake/1391211.jpg,9
images/beef_carpaccio/1216433.jpg,2
images/crab_cakes/952010.jpg,16
images/edamame/3406444.jpg,20
images/beignets/2179454.jpg,4
images/donuts/3067129.jpg,19
images/donuts/1690052.jpg,19
images/eggs_benedict/2448483.jpg,21
images/chocolate_cake/2813816.jpg,13
images/apple_pie/1391393.jpg,0
images/cheese_plate/70257.jpg,10
images/eggs_benedict/2369755.jpg,21
images/creme_brulee/256252.jpg,17
images/cup_cakes/3576146.jpg,18
images/donuts/2104146.jpg,19
images/churros/3523714.jpg,14
images/donuts/3410482.jpg,19
images/beet_salad/2389468.jpg,3
images/eggs_benedict/2921629.jpg,21
images/cheesecake/2265323.jpg,11
images/crab_cakes/2729292.jpg,16
images/beet_salad/464918.jpg,3
images/cheesecake/670188.jpg,11
images/caesar_salad/283679.jpg,6
images/cheese_plate/882543.jpg,10
images/churros/3077911.jpg,14
images/beef_carpaccio/3516037.jpg,2
images/chicken_wings/2689181.jpg,12
images/apple_pie/1038694.jpg,0
images/chicken_wings/1472638.jpg,12
images/beet_salad/1148191.jpg,3
images/caesar_salad/2203741.jpg,6
images/crab_cakes/1211020.jpg,16
images/beignets/3350688.jpg,4
images/fish_and_chips/2739298.jpg,24
images/creme_brulee/1447258.jpg,17
images/cheesecake/776803.jpg,11
images/carrot_cake/3152598.jpg,9
images/foie_gras/504194.jpg,25
images/cup_cakes/1344662.jpg,18
images/donuts/1873021.jpg,19
images/crab_cakes/19849.jpg,16
images/french_fries/10897.jpg,26
images/caesar_salad/196112.jpg,6
images/donuts/2330100.jpg,19
images/beet_salad/3317765.jpg,3
images/falafel/749117.jpg,23
images/churros/3507685.jpg,14
images/cannoli/3355791.jpg,7
images/cheese_plate/1998540.jpg,10
images/baklava/125910.jpg,1
images/cannoli/530621.jpg,7
images/churros/3008612.jpg,14
images/cheese_plate/557682.jpg,10
images/caesar_salad/1176565.jpg,6
images/baklava/2186251.jpg,1
images/apple_pie/2075376.jpg,0
images/eggs_benedict/1878854.jpg,21
images/chocolate_cake/2014837.jpg,13
images/foie_gras/576319.jpg,25
images/fish_and_chips/2188688.jpg,24
images/donuts/1931237.jpg,19
images/foie_gras/2049622.jpg,25
images/beet_salad/1502446.jpg,3
images/cup_cakes/20827.jpg,18
images/falafel/1489507.jpg,23
images/club_sandwich/619271.jpg,15
images/fish_and_chips/2445191.jpg,24
images/caprese_salad/3276821.jpg,8
images/french_fries/2644820.jpg,26
images/baklava/2278334.jpg,1
images/fish_and_chips/1495386.jpg,24
images/chicken_wings/1498974.jpg,12
images/escargots/1924083.jpg,22
images/cannoli/1209704.jpg,7
images/caprese_salad/35612.jpg,8
images/cheesecake/1017408.jpg,11
images/cheesecake/3032644.jpg,11
images/edamame/2173115.jpg,20
images/caprese_salad/3503864.jpg,8
images/chocolate_cake/2968148.jpg,13
images/cheesecake/3031568.jpg,11
images/churros/1064040.jpg,14
images/caesar_salad/830005.jpg,6
images/donuts/2222589.jpg,19
images/creme_brulee/1881427.jpg,17
images/bruschetta/3761603.jpg,5
images/donuts/3186107.jpg,19
images/chocolate_cake/3112266.jpg,13
images/apple_pie/246113.jpg,0
images/caesar_salad/2385405.jpg,6
images/carrot_cake/3164039.jpg,9
images/beet_salad/552908.jpg,3
images/baklava/3340929.jpg,1
images/chocolate_cake/295007.jpg,13
images/cup_cakes/1261625.jpg,18
images/cheese_plate/3604738.jpg,10
images/club_sandwich/276411.jpg,15
images/crab_cakes/2732583.jpg,16
images/cheesecake/3590444.jpg,11
images/cup_cakes/347803.jpg,18
images/churros/1004234.jpg,14
images/cup_cakes/1929292.jpg,18
images/beignets/3297971.jpg,4
images/cheese_plate/2041402.jpg,10
images/foie_gras/1998632.jpg,25
images/cup_cakes/2648418.jpg,18
images/caesar_salad/903843.jpg,6
images/bruschetta/1594539.jpg,5
images/beignets/534810.jpg,4
images/apple_pie/1766910.jpg,0
images/baklava/1138047.jpg,1
images/cup_cakes/334193.jpg,18
images/cannoli/3523308.jpg,7
images/apple_pie/2030311.jpg,0
images/escargots/1676845.jpg,22
images/cheesecake/455155.jpg,11
images/carrot_cake/3360180.jpg,9
images/eggs_benedict/3022604.jpg,21
images/falafel/3655456.jpg,23
images/french_fries/2208648.jpg,26
images/beef_carpaccio/718333.jpg,2
images/eggs_benedict/2183543.jpg,21
images/beef_carpaccio/3132282.jpg,2
images/cheesecake/3017989.jpg,11
images/falafel/2305163.jpg,23
images/beef_carpaccio/3561588.jpg,2
images/caesar_salad/3257917.jpg,6
images/cheesecake/3447412.jpg,11
images/cheese_plate/3582443.jpg,10
images/club_sandwich/1840706.jpg,15
images/churros/2167538.jpg,14
images/chocolate_cake/2938191.jpg,13
images/eggs_benedict/772216.jpg,21
images/french_fries/2628143.jpg,26
images/chicken_wings/3170697.jpg,12
images/foie_gras/1204036.jpg,25
images/club_sandwich/592658.jpg,15
images/french_fries/1348209.jpg,26
images/chocolate_cake/3102746.jpg,13
images/caprese_salad/2386576.jpg,8
images/crab_cakes/2048031.jpg,16
images/cannoli/1619046.jpg,7
images/foie_gras/3307914.jpg,25
images/beef_carpaccio/3272465.jpg,2
images/french_fries/768719.jpg,26
images/cup_cakes/2026494.jpg,18
images/french_fries/3359887.jpg,26
images/chicken_wings/2045188.jpg,12
images/baklava/1784.jpg,1
images/caesar_salad/1687999.jpg,6
images/beef_carpaccio/366693.jpg,2
images/caesar_salad/1870216.jpg,6
images/crab_cakes/1283749.jpg,16
images/creme_brulee/124749.jpg,17
images/club_sandwich/3527444.jpg,15
images/donuts/812107.jpg,19
images/cup_cakes/3785226.jpg,18
images/crab_cakes/3605007.jpg,16
images/eggs_benedict/443855.jpg,21
images/caprese_salad/849041.jpg,8
images/club_sandwich/789781.jpg,15
images/foie_gras/952007.jpg,25
images/baklava/2693084.jpg,1
images/baklava/453550.jpg,1
images/foie_gras/1620047.jpg,25
images/beet_salad/3568296.jpg,3
images/apple_pie/208041.jpg,0
images/beignets/1996069.jpg,4
images/caesar_salad/1167058.jpg,6
images/escargots/580962.jpg,22
images/caprese_salad/2614140.jpg,8
images/club_sandwich/882772.jpg,15
images/fish_and_chips/3511879.jpg,24
images/churros/1605831.jpg,14
images/caprese_salad/2373157.jpg,8
images/apple_pie/3799430.jpg,0
images/cannoli/1878084.jpg,7
images/cheese_plate/931555.jpg,10
images/edamame/2789682.jpg,20
images/churros/3377245.jpg,14
images/crab_cakes/1333507.jpg,16
images/escargots/3136676.jpg,22
images/churros/3026243.jpg,14
images/french_fries/223944.jpg,26
images/beef_carpaccio/2083896.jpg,2
images/chocolate_cake/1632607.jpg,13
images/caesar_salad/228897.jpg,6
images/beet_salad/1171684.jpg,3
images/chicken_wings/55356.jpg,12
images/foie_gras/1748210.jpg,25
images/chocolate_cake/2531666.jpg,13
images/escargots/2434910.jpg,22
images/apple_pie/2929448.jpg,0
images/apple_pie/2591737.jpg,0
images/french_fries/3012487.jpg,26
images/escargots/3591930.jpg,22
images/cup_cakes/158034.jpg,18
images/cheesecake/3406925.jpg,11
images/chicken_wings/3751888.jpg,12
images/caesar_salad/3209040.jpg,6
images/beet_salad/2191461.jpg,3
images/escargots/2782974.jpg,22
images/cheese_plate/1442554.jpg,10
images/cannoli/726697.jpg,7
images/cup_cakes/525612.jpg,18
images/cheese_plate/3091366.jpg,10
images/club_sandwich/3739055.jpg,15
images/bruschetta/2298889.jpg,5
images/cup_cakes/1368304.jpg,18
images/beef_carpaccio/2379591.jpg,2
images/caesar_salad/2528543.jpg,6
images/falafel/3816353.jpg,23
images/cup_cakes/153172.jpg,18
images/edamame/3301986.jpg,20
images/cannoli/3581943.jpg,7
images/caprese_salad/67912.jpg,8
images/donuts/204298.jpg,19
images/club_sandwich/1416922.jpg,15
images/edamame/929593.jpg,20
images/chicken_wings/1558241.jpg,12
images/cup_cakes/3895399.jpg,18
images/baklava/3841998.jpg,1
images/cannoli/3764870.jpg,7
images/foie_gras/1577695.jpg,25
images/beef_carpaccio/1837540.jpg,2
images/caesar_salad/3276429.jpg,6
images/edamame/2230705.jpg,20
images/escargots/3254313.jpg,22
images/eggs_benedict/3189606.jpg,21
images/crab_cakes/122869.jpg,16
images/beef_carpaccio/1859387.jpg,2
images/beef_carpaccio/1932385.jpg,2
images/donuts/3269104.jpg,19
images/bruschetta/2237873.jpg,5
images/beef_carpaccio/405691.jpg,2
images/carrot_cake/2059472.jpg,9
images/caesar_salad/3274011.jpg,6
images/beignets/1294951.jpg,4
images/crab_cakes/362785.jpg,16
images/cheese_plate/341204.jpg,10
images/crab_cakes/2008566.jpg,16
images/cheese_plate/834799.jpg,10
images/escargots/3200722.jpg,22
images/churros/1842309.jpg,14
images/falafel/3058851.jpg,23
images/cheese_plate/2782488.jpg,10
images/churros/3173153.jpg,14
images/chicken_wings/3805983.jpg,12
images/beignets/1332253.jpg,4
images/cannoli/455483.jpg,7
images/edamame/3539445.jpg,20
images/club_sandwich/864823.jpg,15
images/baklava/2691178.jpg,1
images/edamame/553826.jpg,20
images/carrot_cake/1463382.jpg,9
images/falafel/2327185.jpg,23
images/apple_pie/591398.jpg,0
images/club_sandwich/3340875.jpg,15
images/edamame/2122841.jpg,20
images/bruschetta/62067.jpg,5
images/beet_salad/1654173.jpg,3
images/donuts/708597.jpg,19
images/beignets/1631091.jpg,4
images/apple_pie/957090.jpg,0
images/edamame/3378383.jpg,20
images/creme_brulee/1997128.jpg,17
images/chocolate_cake/2697591.jpg,13
images/cheesecake/1356247.jpg,11
images/cheesecake/1001446.jpg,11
images/caesar_salad/3138677.jpg,6
images/caesar_salad/3053187.jpg,6
images/chocolate_cake/3396004.jpg,13
images/cheesecake/2294871.jpg,11
images/bruschetta/2098793.jpg,5
images/caprese_salad/2042313.jpg,8
images/french_fries/1571407.jpg,26
images/beignets/35164.jpg,4
images/foie_gras/2700006.jpg,25
images/falafel/909117.jpg,23
images/cannoli/1880934.jpg,7
images/foie_gras/1476544.jpg,25
images/creme_brulee/335674.jpg,17
images/eggs_benedict/2944065.jpg,21
images/falafel/3015624.jpg,23
images/cup_cakes/272530.jpg,18
images/caprese_salad/1473449.jpg,8
images/caesar_salad/2214485.jpg,6
images/club_sandwich/1418469.jpg,15
images/churros/2515615.jpg,14
images/foie_gras/651184.jpg,25
images/cheese_plate/1575813.jpg,10
images/cup_cakes/715425.jpg,18
images/crab_cakes/944840.jpg,16
images/beef_carpaccio/116895.jpg,2
images/churros/934551.jpg,14
images/edamame/3318857.jpg,20
images/escargots/3105393.jpg,22
images/cheese_plate/126834.jpg,10
images/beet_salad/519568.jpg,3
images/churros/1501410.jpg,14
images/baklava/3678786.jpg,1
images/cup_cakes/422570.jpg,18
images/cheese_plate/2494543.jpg,10
images/churros/555461.jpg,14
images/beet_salad/1372465.jpg,3
images/cup_cakes/2972486.jpg,18
images/caprese_salad/506058.jpg,8
images/creme_brulee/1586127.jpg,17
images/escargots/2400709.jpg,22
images/escargots/678403.jpg,22
images/fish_and_chips/3385498.jpg,24
images/beignets/1363942.jpg,4
images/fish_and_chips/379055.jpg,24
images/caprese_salad/416703.jpg,8
images/donuts/3534974.jpg,19
images/creme_brulee/798636.jpg,17
images/chicken_wings/693809.jpg,12
images/chicken_wings/946294.jpg,12
images/donuts/1611255.jpg,19
images/carrot_cake/1965292.jpg,9
images/french_fries/266364.jpg,26
images/crab_cakes/3068010.jpg,16
images/crab_cakes/1258581.jpg,16
images/cannoli/1240403.jpg,7
images/escargots/2141872.jpg,22
images/apple_pie/523810.jpg,0
images/baklava/1805154.jpg,1
images/beet_salad/3664242.jpg,3
images/carrot_cake/335943.jpg,9
images/crab_cakes/911468.jpg,16
images/creme_brulee/773732.jpg,17
images/chocolate_cake/201452.jpg,13
images/french_fries/2622969.jpg,26
images/beef_carpaccio/3048557.jpg,2
images/beignets/1589187.jpg,4
images/eggs_benedict/3750526.jpg,21
images/french_fries/3656250.jpg,26
images/beet_salad/614519.jpg,3
images/apple_pie/2785030.jpg,0
images/chocolate_cake/1012759.jpg,13
images/crab_cakes/937161.jpg,16
images/cheese_plate/2813437.jpg,10
images/caprese_salad/2959915.jpg,8
images/caesar_salad/972863.jpg,6
images/carrot_cake/3818593.jpg,9
images/cannoli/2281345.jpg,7
images/falafel/94008.jpg,23
images/bruschetta/2993950.jpg,5
images/cheese_plate/1182396.jpg,10
images/cheesecake/1725779.jpg,11
images/club_sandwich/3746593.jpg,15
images/falafel/2628288.jpg,23
images/churros/1834472.jpg,14
images/french_fries/3843922.jpg,26
images/french_fries/51368.jpg,26
images/donuts/395421.jpg,19
images/cheesecake/3096890.jpg,11
images/donuts/1658121.jpg,19
images/falafel/964530.jpg,23
images/caprese_salad/3166331.jpg,8
images/crab_cakes/614444.jpg,16
images/caprese_salad/1479287.jpg,8
images/falafel/1560269.jpg,23
images/fish_and_chips/751324.jpg,24
images/edamame/2496958.jpg,20
images/cheese_plate/2219.jpg,10
images/escargots/3174311.jpg,22
images/chocolate_cake/2437841.jpg,13
images/fish_and_chips/3904780.jpg,24
images/fish_and_chips/2860752.jpg,24
images/foie_gras/2686450.jpg,25
images/bruschetta/3173075.jpg,5
images/crab_cakes/382576.jpg,16
images/carrot_cake/971546.jpg,9
images/creme_brulee/283503.jpg,17
images/creme_brulee/225131.jpg,17
images/caprese_salad/727262.jpg,8
images/fish_and_chips/3322515.jpg,24
images/baklava/2718099.jpg,1
images/baklava/2015707.jpg,1
images/cheese_plate/1310542.jpg,10
images/donuts/1800883.jpg,19
images/caesar_salad/721281.jpg,6
images/edamame/2157980.jpg,20
images/caprese_salad/1960432.jpg,8
images/chocolate_cake/1916905.jpg,13
images/cheese_plate/1255044.jpg,10
images/caesar_salad/2626210.jpg,6
images/falafel/2853851.jpg,23
images/creme_brulee/59461.jpg,17
images/churros/1802940.jpg,14
images/crab_cakes/1162049.jpg,16
images/cheese_plate/301353.jpg,10
images/crab_cakes/2807901.jpg,16
images/cannoli/1007970.jpg,7
images/donuts/140847.jpg,19
images/carrot_cake/1273030.jpg,9
images/bruschetta/944378.jpg,5
images/beef_carpaccio/2018146.jpg,2
images/french_fries/2936284.jpg,26
images/baklava/2929554.jpg,1
images/cheese_plate/1933717.jpg,10
images/crab_cakes/3614983.jpg,16
images/foie_gras/2934111.jpg,25
images/french_fries/3583553.jpg,26
images/caesar_salad/682984.jpg,6
images/bruschetta/74398.jpg,5
images/chicken_wings/1260379.jpg,12
images/edamame/1272701.jpg,20
images/caesar_salad/1479179.jpg,6
images/caesar_salad/444418.jpg,6
images/bruschetta/3790644.jpg,5
images/cannoli/63180.jpg,7
images/escargots/574829.jpg,22
images/caprese_salad/1193312.jpg,8
images/creme_brulee/1081059.jpg,17
images/chicken_wings/1884178.jpg,12
images/crab_cakes/2837953.jpg,16
images/bruschetta/2250920.jpg,5
images/creme_brulee/2275365.jpg,17
images/apple_pie/128259.jpg,0
images/beef_carpaccio/2111830.jpg,2
images/beet_salad/1907971.jpg,3
images/cup_cakes/3479955.jpg,18
images/falafel/1120179.jpg,23
images/apple_pie/960233.jpg,0
images/chicken_wings/2888281.jpg,12
images/churros/3867252.jpg,14
images/carrot_cake/2343982.jpg,9
images/french_fries/2307202.jpg,26
images/caesar_salad/3261516.jpg,6
images/beignets/1255775.jpg,4
images/cheese_plate/3618345.jpg,10
images/escargots/245739.jpg,22
images/baklava/3848001.jpg,1
images/caesar_salad/1000016.jpg,6
images/foie_gras/71471.jpg,25
images/apple_pie/934503.jpg,0
images/french_fries/2705078.jpg,26
images/caesar_salad/3069630.jpg,6
images/foie_gras/2320861.jpg,25
images/baklava/3188535.jpg,1
images/baklava/3363412.jpg,1
images/creme_brulee/3422590.jpg,17
images/club_sandwich/3622416.jpg,15
images/apple_pie/1142597.jpg,0
images/beignets/2216778.jpg,4
images/cup_cakes/2296274.jpg,18
images/falafel/2382955.jpg,23
images/falafel/595302.jpg,23
images/creme_brulee/500462.jpg,17
images/churros/2589343.jpg,14
images/caprese_salad/746305.jpg,8
images/apple_pie/182745.jpg,0
images/fish_and_chips/3087407.jpg,24
images/beet_salad/2259920.jpg,3
images/bruschetta/2391460.jpg,5
images/fish_and_chips/2988646.jpg,24
images/apple_pie/156078.jpg,0
images/french_fries/3623578.jpg,26
images/falafel/3530947.jpg,23
images/edamame/1941694.jpg,20
images/beignets/3527474.jpg,4
images/french_fries/3549099.jpg,26
images/foie_gras/2905305.jpg,25
images/bruschetta/466716.jpg,5
images/beet_salad/2265230.jpg,3
images/edamame/2154083.jpg,20
images/chocolate_cake/1362117.jpg,13
images/falafel/102463.jpg,23
images/crab_cakes/2780770.jpg,16
images/creme_brulee/1975677.jpg,17
images/cheese_plate/1478541.jpg,10
images/bruschetta/907138.jpg,5
images/caprese_salad/3748801.jpg,8
images/falafel/3789344.jpg,23
images/cup_cakes/604776.jpg,18
images/caprese_salad/732732.jpg,8
images/carrot_cake/1969310.jpg,9
images/carrot_cake/1978789.jpg,9
images/beignets/99712.jpg,4
images/apple_pie/1818676.jpg,0
images/caesar_salad/20940.jpg,6
images/foie_gras/2951385.jpg,25
images/cheesecake/1374014.jpg,11
images/creme_brulee/3504013.jpg,17
images/fish_and_chips/3879054.jpg,24
images/club_sandwich/1306501.jpg,15
images/eggs_benedict/148636.jpg,21
images/carrot_cake/727427.jpg,9
images/cannoli/226444.jpg,7
images/eggs_benedict/3452803.jpg,21
images/apple_pie/1931301.jpg,0
images/foie_gras/235773.jpg,25
images/creme_brulee/2239029.jpg,17
images/edamame/3813744.jpg,20
images/falafel/2595058.jpg,23
images/donuts/2512779.jpg,19
images/creme_brulee/1016490.jpg,17
images/club_sandwich/3428342.jpg,15
images/beet_salad/3147642.jpg,3
images/foie_gras/873597.jpg,25
images/caesar_salad/2109508.jpg,6
images/carrot_cake/163547.jpg,9
images/bruschetta/192955.jpg,5
images/churros/261203.jpg,14
images/beet_salad/3237576.jpg,3
images/fish_and_chips/554726.jpg,24
images/cup_cakes/1893421.jpg,18
images/cannoli/310147.jpg,7
images/eggs_benedict/472724.jpg,21
images/french_fries/913020.jpg,26
images/club_sandwich/3057548.jpg,15
images/french_fries/110385.jpg,26
images/churros/1989544.jpg,14
images/eggs_benedict/1667340.jpg,21
images/apple_pie/403084.jpg,0
images/eggs_benedict/2100134.jpg,21
images/falafel/3749022.jpg,23
images/cup_cakes/1265596.jpg,18
images/crab_cakes/894322.jpg,16
images/beet_salad/1149741.jpg,3
images/cannoli/1437304.jpg,7
images/eggs_benedict/3419276.jpg,21
images/cheesecake/3186198.jpg,11
images/eggs_benedict/3088141.jpg,21
images/french_fries/187087.jpg,26
images/beignets/2720453.jpg,4
images/bruschetta/537494.jpg,5
images/eggs_benedict/2376014.jpg,21
images/chocolate_cake/2536730.jpg,13
images/carrot_cake/2850073.jpg,9
images/apple_pie/339921.jpg,0
images/beef_carpaccio/3683582.jpg,2
images/foie_gras/1679009.jpg,25
images/beignets/3767212.jpg,4
images/beignets/2955571.jpg,4
images/beet_salad/3839269.jpg,3
images/fish_and_chips/3525033.jpg,24
images/falafel/616754.jpg,23
images/cheese_plate/790514.jpg,10
images/caesar_salad/3229216.jpg,6
images/escargots/3816428.jpg,22
images/caesar_salad/274409.jpg,6
images/fish_and_chips/2985503.jpg,24
images/french_fries/2819952.jpg,26
images/escargots/1036454.jpg,22
images/cheese_plate/198373.jpg,10
images/cup_cakes/745628.jpg,18
images/crab_cakes/2044958.jpg,16
images/falafel/2117115.jpg,23
images/creme_brulee/1418015.jpg,17
images/crab_cakes/709578.jpg,16
images/escargots/3060444.jpg,22
images/crab_cakes/2685469.jpg,16
images/club_sandwich/3540693.jpg,15
images/apple_pie/2373323.jpg,0
images/escargots/2337567.jpg,22
images/chicken_wings/2949583.jpg,12
images/falafel/3110595.jpg,23
images/cup_cakes/2985985.jpg,18
images/apple_pie/2527163.jpg,0
images/creme_brulee/3046835.jpg,17
images/beignets/367110.jpg,4
images/apple_pie/2656095.jpg,0
images/eggs_benedict/659566.jpg,21
images/cheesecake/584166.jpg,11
images/baklava/1838368.jpg,1
images/beef_carpaccio/3529727.jpg,2
images/carrot_cake/3452327.jpg,9
images/beignets/3883428.jpg,4
images/apple_pie/1109597.jpg,0
images/cheesecake/936503.jpg,11
images/escargots/3676585.jpg,22
images/escargots/2233331.jpg,22
images/french_fries/2239352.jpg,26
images/baklava/3691584.jpg,1
images/edamame/708677.jpg,20
images/beet_salad/1255152.jpg,3
images/cheese_plate/2245975.jpg,10
images/cheesecake/1888668.jpg,11
images/edamame/2275716.jpg,20
images/eggs_benedict/2932780.jpg,21
images/caesar_salad/2476637.jpg,6
images/cup_cakes/1504350.jpg,18
images/caprese_salad/1367455.jpg,8
images/falafel/3016588.jpg,23
images/beef_carpaccio/858001.jpg,2
images/foie_gras/158939.jpg,25
images/foie_gras/1302658.jpg,25
images/creme_brulee/3317127.jpg,17
images/apple_pie/420643.jpg,0
images/caprese_salad/3483668.jpg,8
images/club_sandwich/1380229.jpg,15
images/chocolate_cake/800835.jpg,13
images/cup_cakes/540120.jpg,18
images/donuts/42050.jpg,19
images/chicken_wings/3370781.jpg,12
images/cannoli/2958093.jpg,7
images/cheese_plate/463715.jpg,10
images/carrot_cake/3241399.jpg,9
images/cheesecake/1304340.jpg,11
images/apple_pie/2740775.jpg,0
images/caesar_salad/498492.jpg,6
images/french_fries/2082676.jpg,26
images/fish_and_chips/969510.jpg,24
images/creme_brulee/292538.jpg,17
images/edamame/2287143.jpg,20
images/beignets/840684.jpg,4
images/carrot_cake/313705.jpg,9
images/edamame/2563328.jpg,20
images/carrot_cake/251354.jpg,9
images/escargots/2685692.jpg,22
images/bruschetta/1530866.jpg,5
images/beet_salad/3329010.jpg,3
images/churros/2442141.jpg,14
images/churros/3816744.jpg,14
images/caprese_salad/1582792.jpg,8
images/apple_pie/3327221.jpg,0
images/cheesecake/2363100.jpg,11
images/french_fries/854901.jpg,26
images/cup_cakes/1044152.jpg,18
images/falafel/1587332.jpg,23
images/falafel/3886287.jpg,23
images/beef_carpaccio/2380338.jpg,2
images/beignets/1374331.jpg,4
images/donuts/718628.jpg,19
images/bruschetta/1815828.jpg,5
images/foie_gras/3717069.jpg,25
images/escargots/754055.jpg,22
images/caesar_salad/744202.jpg,6
images/fish_and_chips/2398521.jpg,24
images/edamame/3800272.jpg,20
images/carrot_cake/1758171.jpg,9
images/creme_brulee/1874674.jpg,17
images/chicken_wings/3333895.jpg,12
images/beef_carpaccio/3491746.jpg,2
images/baklava/3772448.jpg,1
images/bruschetta/851116.jpg,5
images/falafel/1626639.jpg,23
images/crab_cakes/3499793.jpg,16
images/eggs_benedict/768436.jpg,21
images/beignets/1073049.jpg,4
images/donuts/2031472.jpg,19
images/escargots/684137.jpg,22
images/donuts/42051.jpg,19
images/cheese_plate/1877687.jpg,10
images/creme_brulee/2680133.jpg,17
images/baklava/1196728.jpg,1
images/bruschetta/2481314.jpg,5
images/caprese_salad/878828.jpg,8
images/foie_gras/3677569.jpg,25
images/beet_salad/3275941.jpg,3
images/cheese_plate/1698142.jpg,10
images/carrot_cake/2621482.jpg,9
images/french_fries/2956993.jpg,26
images/creme_brulee/2155362.jpg,17
images/beef_carpaccio/2698359.jpg,2
images/churros/1013460.jpg,14
images/chocolate_cake/181339.jpg,13
images/beet_salad/1123489.jpg,3
images/beef_carpaccio/945594.jpg,2
images/cheesecake/3844925.jpg,11
images/falafel/906230.jpg,23
images/beef_carpaccio/1888322.jpg,2
images/donuts/1030973.jpg,19
images/crab_cakes/3707229.jpg,16
images/fish_and_chips/1265554.jpg,24
images/fish_and_chips/141802.jpg,24
images/bruschetta/2807366.jpg,5
images/cheesecake/3490386.jpg,11
images/cannoli/3395127.jpg,7
images/baklava/3769622.jpg,1
images/edamame/2613435.jpg,20
images/apple_pie/1289014.jpg,0
images/bruschetta/1443850.jpg,5
images/foie_gras/3251854.jpg,25
images/falafel/1738304.jpg,23
images/carrot_cake/3088610.jpg,9
images/fish_and_chips/794402.jpg,24
images/fish_and_chips/1288628.jpg,24
images/creme_brulee/734015.jpg,17
images/carrot_cake/1749092.jpg,9
images/cup_cakes/3691610.jpg,18
images/cheesecake/3834149.jpg,11
images/churros/3602024.jpg,14
images/cheese_plate/1064873.jpg,10
images/falafel/1885526.jpg,23
images/beet_salad/2077233.jpg,3
images/carrot_cake/2464542.jpg,9
images/falafel/774393.jpg,23
images/cup_cakes/816897.jpg,18
images/club_sandwich/3545370.jpg,15
images/creme_brulee/138478.jpg,17
images/churros/1633106.jpg,14
images/chocolate_cake/124347.jpg,13
images/carrot_cake/1085004.jpg,9
images/beef_carpaccio/2420375.jpg,2
images/french_fries/1694219.jpg,26
images/donuts/1304537.jpg,19
images/falafel/2815685.jpg,23
images/french_fries/3659782.jpg,26
images/carrot_cake/3343141.jpg,9
images/caprese_salad/1365923.jpg,8
images/cheesecake/3377918.jpg,11
images/club_sandwich/2996039.jpg,15
images/apple_pie/3574591.jpg,0
images/cheesecake/3104876.jpg,11
images/baklava/2583085.jpg,1
images/club_sandwich/2517219.jpg,15
images/club_sandwich/2212653.jpg,15
images/baklava/2755406.jpg,1
images/fish_and_chips/1820501.jpg,24
images/bruschetta/1565664.jpg,5
images/beet_salad/1510527.jpg,3
images/crab_cakes/1724771.jpg,16
images/eggs_benedict/694807.jpg,21
images/cheese_plate/2645020.jpg,10
images/falafel/420975.jpg,23
images/apple_pie/668603.jpg,0
images/donuts/1585592.jpg,19
images/caesar_salad/1916135.jpg,6
images/chicken_wings/2955247.jpg,12
images/crab_cakes/2338809.jpg,16
images/beef_carpaccio/1176593.jpg,2
images/donuts/2479096.jpg,19
images/beet_salad/2873098.jpg,3
images/creme_brulee/815204.jpg,17
images/fish_and_chips/1506981.jpg,24
images/french_fries/2348229.jpg,26
images/foie_gras/865452.jpg,25
images/club_sandwich/30537.jpg,15
images/caprese_salad/3917386.jpg,8
images/crab_cakes/2485973.jpg,16
images/beef_carpaccio/2879476.jpg,2
images/churros/1822128.jpg,14
images/bruschetta/3474663.jpg,5
images/baklava/2999408.jpg,1
images/falafel/2955769.jpg,23
images/apple_pie/1185654.jpg,0
images/bruschetta/1287307.jpg,5
images/cheese_plate/3552648.jpg,10
images/creme_brulee/2125938.jpg,17
images/apple_pie/2189388.jpg,0
images/beet_salad/1631314.jpg,3
images/club_sandwich/2800341.jpg,15
images/falafel/1833317.jpg,23
images/beef_carpaccio/754565.jpg,2
images/cannoli/3735187.jpg,7
images/falafel/363682.jpg,23
images/apple_pie/2374771.jpg,0
images/caprese_salad/2432060.jpg,8
images/club_sandwich/1253628.jpg,15
images/carrot_cake/2436195.jpg,9
images/carrot_cake/3515965.jpg,9
images/french_fries/1521274.jpg,26
images/cheesecake/1418849.jpg,11
images/crab_cakes/1745900.jpg,16
images/escargots/1645492.jpg,22
images/donuts/2173762.jpg,19
images/escargots/142596.jpg,22
images/edamame/1361274.jpg,20
images/apple_pie/333800.jpg,0
images/falafel/1592839.jpg,23
images/carrot_cake/305825.jpg,9
images/foie_gras/1957584.jpg,25
images/donuts/208382.jpg,19
images/beet_salad/1334577.jpg,3
images/creme_brulee/1788378.jpg,17
images/cup_cakes/3343578.jpg,18
images/baklava/869971.jpg,1
images/cheesecake/1248580.jpg,11
images/creme_brulee/663909.jpg,17
images/fish_and_chips/3025244.jpg,24
images/caprese_salad/2548008.jpg,8
images/edamame/2204418.jpg,20
images/chocolate_cake/3722155.jpg,13
images/chocolate_cake/3288526.jpg,13
images/donuts/2476954.jpg,19
images/creme_brulee/3020031.jpg,17
images/foie_gras/71779.jpg,25
images/creme_brulee/323668.jpg,17
images/cup_cakes/1761381.jpg,18
images/escargots/3568752.jpg,22
images/beet_salad/2551321.jpg,3
images/beignets/1320580.jpg,4
images/eggs_benedict/123193.jpg,21
images/chicken_wings/111683.jpg,12
images/cup_cakes/508089.jpg,18
images/cup_cakes/271202.jpg,18
images/french_fries/773394.jpg,26
images/cheese_plate/2865214.jpg,10
images/eggs_benedict/2024080.jpg,21
images/cheesecake/638192.jpg,11
images/falafel/2269044.jpg,23
images/caprese_salad/810169.jpg,8
images/escargots/2286018.jpg,22
images/churros/3192296.jpg,14
images/apple_pie/380024.jpg,0
images/cheesecake/519369.jpg,11
images/cheesecake/1696582.jpg,11
images/apple_pie/3545924.jpg,0
images/churros/182224.jpg,14
images/donuts/1855579.jpg,19
images/bruschetta/3678160.jpg,5
images/churros/1086967.jpg,14
images/beignets/3447414.jpg,4
images/cheese_plate/23703.jpg,10
images/edamame/176887.jpg,20
images/club_sandwich/1782847.jpg,15
images/cheese_plate/1067737.jpg,10
images/donuts/828010.jpg,19
images/apple_pie/1026328.jpg,0
images/cannoli/1729081.jpg,7
images/cheese_plate/3765562.jpg,10
images/donuts/2912306.jpg,19
images/club_sandwich/3741646.jpg,15
images/donuts/2532710.jpg,19
images/beet_salad/1062993.jpg,3
images/apple_pie/292333.jpg,0
images/beignets/2317347.jpg,4
images/eggs_benedict/901461.jpg,21
images/cheesecake/2429171.jpg,11
images/beef_carpaccio/1244594.jpg,2
images/beet_salad/3553901.jpg,3
images/eggs_benedict/2128102.jpg,21
images/apple_pie/3687109.jpg,0
images/creme_brulee/1173593.jpg,17
images/beef_carpaccio/2699403.jpg,2
images/french_fries/2361623.jpg,26
images/french_fries/1199754.jpg,26
images/carrot_cake/3855103.jpg,9
images/cannoli/2679829.jpg,7
images/carrot_cake/3505406.jpg,9
images/bruschetta/3437632.jpg,5
images/cheese_plate/3294092.jpg,10
images/eggs_benedict/1497970.jpg,21
images/cannoli/697867.jpg,7
images/club_sandwich/1639142.jpg,15
images/eggs_benedict/2993824.jpg,21
images/cheesecake/3207232.jpg,11
images/caprese_salad/1512300.jpg,8
images/donuts/3124075.jpg,19
images/baklava/1739946.jpg,1
images/cheesecake/1061989.jpg,11
images/eggs_benedict/2256980.jpg,21
images/french_fries/2823936.jpg,26
images/escargots/2394471.jpg,22
images/churros/1122259.jpg,14
images/fish_and_chips/270106.jpg,24
images/cup_cakes/1280762.jpg,18
images/carrot_cake/3358593.jpg,9
images/chocolate_cake/2272683.jpg,13
images/baklava/3832465.jpg,1
images/foie_gras/1836532.jpg,25
images/eggs_benedict/2076667.jpg,21
images/creme_brulee/1297752.jpg,17
images/caesar_salad/3244439.jpg,6
images/chicken_wings/3809149.jpg,12
images/cheese_plate/1659108.jpg,10
images/apple_pie/2496124.jpg,0
images/bruschetta/3407704.jpg,5
images/escargots/1398654.jpg,22
images/bruschetta/679885.jpg,5
images/beignets/1530659.jpg,4
images/donuts/286125.jpg,19
images/cheesecake/1435236.jpg,11
images/club_sandwich/1985407.jpg,15
images/foie_gras/1983155.jpg,25
images/apple_pie/1327259.jpg,0
images/cheese_plate/2199692.jpg,10
images/escargots/3087422.jpg,22
images/creme_brulee/1876006.jpg,17
images/cannoli/1104773.jpg,7
images/beignets/2769339.jpg,4
images/bruschetta/2258663.jpg,5
images/caprese_salad/2424478.jpg,8
images/fish_and_chips/1953827.jpg,24
images/chocolate_cake/3633035.jpg,13
images/caprese_salad/2126718.jpg,8
images/french_fries/3167615.jpg,26
images/french_fries/2121537.jpg,26
images/cheesecake/3610230.jpg,11
images/cup_cakes/656196.jpg,18
images/baklava/65891.jpg,1
images/caprese_salad/840846.jpg,8
images/french_fries/1929717.jpg,26
images/churros/1750440.jpg,14
images/bruschetta/3266827.jpg,5
images/baklava/1548485.jpg,1
images/beet_salad/3277479.jpg,3
images/bruschetta/3585467.jpg,5
images/chicken_wings/926734.jpg,12
images/caesar_salad/1282431.jpg,6
images/caesar_salad/647748.jpg,6
images/chocolate_cake/3698572.jpg,13
images/cheese_plate/1943099.jpg,10
images/churros/2227644.jpg,14
images/cheesecake/2033647.jpg,11
images/beef_carpaccio/3843943.jpg,2
images/chicken_wings/3241767.jpg,12
images/fish_and_chips/1477023.jpg,24
images/beignets/864389.jpg,4
images/caprese_salad/2233296.jpg,8
images/french_fries/2773035.jpg,26
images/beef_carpaccio/795452.jpg,2
images/chocolate_cake/1835084.jpg,13
images/escargots/2343213.jpg,22
images/caesar_salad/1062767.jpg,6
images/beet_salad/15302.jpg,3
images/escargots/717248.jpg,22
images/chicken_wings/2375289.jpg,12
images/club_sandwich/497811.jpg,15
images/beignets/232502.jpg,4
images/french_fries/2892637.jpg,26
images/bruschetta/714223.jpg,5
images/club_sandwich/2751756.jpg,15
images/edamame/3213278.jpg,20
images/fish_and_chips/3860849.jpg,24
images/falafel/1170368.jpg,23
images/chocolate_cake/566709.jpg,13
images/chocolate_cake/19102.jpg,13
images/churros/3303373.jpg,14
images/cheesecake/1926737.jpg,11
images/falafel/3494818.jpg,23
images/chicken_wings/1104527.jpg,12
images/cheesecake/3278890.jpg,11
images/crab_cakes/1276832.jpg,16
images/edamame/2870696.jpg,20
images/cheese_plate/2375938.jpg,10
images/crab_cakes/1937700.jpg,16
images/foie_gras/2117995.jpg,25
images/chicken_wings/3102584.jpg,12
images/bruschetta/75527.jpg,5
images/club_sandwich/2929799.jpg,15
images/french_fries/3854016.jpg,26
images/cheese_plate/3688702.jpg,10
images/french_fries/3048661.jpg,26
images/carrot_cake/1690954.jpg,9
images/churros/3479518.jpg,14
images/caesar_salad/481033.jpg,6
images/club_sandwich/1232408.jpg,15
images/cup_cakes/1628004.jpg,18
images/cup_cakes/2939333.jpg,18
images/caprese_salad/720007.jpg,8
images/beet_salad/1352411.jpg,3
images/foie_gras/2665181.jpg,25
images/edamame/504221.jpg,20
images/chocolate_cake/2104087.jpg,13
images/beef_carpaccio/652070.jpg,2
images/fish_and_chips/852434.jpg,24
images/chicken_wings/509719.jpg,12
images/caesar_salad/337884.jpg,6
images/cannoli/391064.jpg,7
images/escargots/3787295.jpg,22
images/carrot_cake/590875.jpg,9
images/donuts/2164163.jpg,19
images/french_fries/3450772.jpg,26
images/cheesecake/1431315.jpg,11
images/beef_carpaccio/1844947.jpg,2
images/chicken_wings/1042758.jpg,12
images/beef_carpaccio/1834023.jpg,2
images/chicken_wings/2446886.jpg,12
images/churros/95735.jpg,14
images/edamame/2927973.jpg,20
images/cheesecake/3900431.jpg,11
images/cheese_plate/1745424.jpg,10
images/cannoli/3898017.jpg,7
images/beef_carpaccio/1958684.jpg,2
images/creme_brulee/818324.jpg,17
images/chicken_wings/3727721.jpg,12
images/bruschetta/1270421.jpg,5
images/edamame/1320015.jpg,20
images/cannoli/3177782.jpg,7
images/french_fries/3765135.jpg,26
images/chocolate_cake/2178401.jpg,13
images/beignets/450900.jpg,4
images/cheese_plate/741545.jpg,10
images/club_sandwich/1477279.jpg,15
images/beet_salad/3125472.jpg,3
images/baklava/630115.jpg,1
images/caesar_salad/1973032.jpg,6
images/donuts/2126395.jpg,19
images/bruschetta/2339609.jpg,5
images/caesar_salad/3141313.jpg,6
images/chicken_wings/3403327.jpg,12
images/churros/3882570.jpg,14
images/beet_salad/1305837.jpg,3
images/fish_and_chips/2295961.jpg,24
images/edamame/2558508.jpg,20
images/falafel/3692255.jpg,23
images/eggs_benedict/2895800.jpg,21
images/beignets/922003.jpg,4
images/foie_gras/1680736.jpg,25
images/donuts/2887204.jpg,19
images/cheese_plate/2579577.jpg,10
images/cheese_plate/2415573.jpg,10
images/beet_salad/346154.jpg,3
images/cannoli/3653631.jpg,7
images/caprese_salad/55596.jpg,8
images/donuts/1655360.jpg,19
images/donuts/1702381.jpg,19
images/falafel/1440040.jpg,23
images/escargots/3441042.jpg,22
images/beignets/1260507.jpg,4
images/beef_carpaccio/125924.jpg,2
images/chocolate_cake/2307500.jpg,13
images/club_sandwich/232820.jpg,15
images/beef_carpaccio/859482.jpg,2
images/edamame/3555531.jpg,20
images/donuts/790142.jpg,19
images/edamame/3152528.jpg,20
images/fish_and_chips/1868988.jpg,24
images/carrot_cake/907270.jpg,9
images/apple_pie/1700578.jpg,0
images/cheesecake/1954335.jpg,11
images/club_sandwich/2934672.jpg,15
images/donuts/2208341.jpg,19
images/cup_cakes/1976170.jpg,18
images/cannoli/3223312.jpg,7
images/donuts/1286854.jpg,19
images/beignets/45869.jpg,4
images/beet_salad/104294.jpg,3
images/falafel/2383820.jpg,23
images/cup_cakes/3187905.jpg,18
images/foie_gras/1511324.jpg,25
images/bruschetta/390949.jpg,5
images/caesar_salad/2170748.jpg,6
images/chicken_wings/1923909.jpg,12
images/cannoli/1021048.jpg,7
images/edamame/745235.jpg,20
images/bruschetta/2130527.jpg,5
images/creme_brulee/3111833.jpg,17
images/cheesecake/1086179.jpg,11
images/cheese_plate/1400346.jpg,10
images/crab_cakes/3472601.jpg,16
images/eggs_benedict/2173678.jpg,21
images/churros/1684148.jpg,14
images/bruschetta/314594.jpg,5
images/chocolate_cake/3678976.jpg,13
images/churros/3897252.jpg,14
images/beet_salad/2335023.jpg,3
images/apple_pie/2682484.jpg,0
images/escargots/2540229.jpg,22
images/falafel/3145303.jpg,23
images/edamame/2502946.jpg,20
images/caesar_salad/62832.jpg,6
images/beef_carpaccio/1131576.jpg,2
images/escargots/1298161.jpg,22
images/churros/3104514.jpg,14
images/donuts/613632.jpg,19
images/french_fries/2641001.jpg,26
images/eggs_benedict/1042507.jpg,21
images/beet_salad/2258206.jpg,3
images/caesar_salad/1399346.jpg,6
images/cheese_plate/1353151.jpg,10
images/baklava/2829208.jpg,1
images/falafel/689161.jpg,23
images/cheese_plate/3159443.jpg,10
images/eggs_benedict/1953539.jpg,21
images/caesar_salad/1807261.jpg,6
images/donuts/1473652.jpg,19
images/caprese_salad/592898.jpg,8
images/edamame/1183623.jpg,20
images/cannoli/446479.jpg,7
images/cannoli/1175380.jpg,7
images/cheese_plate/2511424.jpg,10
images/cheese_plate/3434024.jpg,10
images/crab_cakes/1388725.jpg,16
images/chocolate_cake/1405871.jpg,13
images/chicken_wings/978023.jpg,12
images/donuts/1710975.jpg,19
images/chocolate_cake/3257568.jpg,13
images/foie_gras/1728781.jpg,25
images/creme_brulee/2612181.jpg,17
images/escargots/2409832.jpg,22
images/creme_brulee/1066151.jpg,17
images/club_sandwich/3819720.jpg,15
images/crab_cakes/1348407.jpg,16
images/cannoli/1682334.jpg,7
images/beet_salad/786873.jpg,3
images/churros/2911512.jpg,14
images/cheese_plate/3025891.jpg,10
images/creme_brulee/3104218.jpg,17
images/chicken_wings/1477804.jpg,12
images/beignets/1425688.jpg,4
images/carrot_cake/731629.jpg,9
images/chicken_wings/912306.jpg,12
images/chicken_wings/76731.jpg,12
images/eggs_benedict/590952.jpg,21
images/eggs_benedict/1809584.jpg,21
images/bruschetta/188930.jpg,5
images/beignets/2782322.jpg,4
images/churros/3243415.jpg,14
images/carrot_cake/2142811.jpg,9
images/cheese_plate/3456848.jpg,10
images/churros/644455.jpg,14
images/bruschetta/582293.jpg,5
images/club_sandwich/3527885.jpg,15
images/apple_pie/2040919.jpg,0
images/beet_salad/389257.jpg,3
images/edamame/461492.jpg,20
images/caprese_salad/2380295.jpg,8
images/carrot_cake/1647784.jpg,9
images/edamame/1974196.jpg,20
images/apple_pie/657618.jpg,0
images/creme_brulee/545230.jpg,17
images/bruschetta/858370.jpg,5
images/cheese_plate/3841189.jpg,10
images/chocolate_cake/454806.jpg,13
images/cup_cakes/2612040.jpg,18
images/beet_salad/3284106.jpg,3
images/beignets/3446049.jpg,4
images/carrot_cake/3240019.jpg,9
images/foie_gras/1576711.jpg,25
images/crab_cakes/1221996.jpg,16
images/bruschetta/1469711.jpg,5
images/fish_and_chips/2935394.jpg,24
images/cheese_plate/1102817.jpg,10
images/baklava/1031470.jpg,1
images/club_sandwich/712027.jpg,15
images/crab_cakes/2651235.jpg,16
images/baklava/3351812.jpg,1
images/beet_salad/1617168.jpg,3
images/escargots/394399.jpg,22
images/caesar_salad/185911.jpg,6
images/fish_and_chips/835253.jpg,24
images/bruschetta/3370902.jpg,5
images/eggs_benedict/2841572.jpg,21
images/edamame/509195.jpg,20
images/cheesecake/1624837.jpg,11
images/foie_gras/3030466.jpg,25
images/carrot_cake/1003032.jpg,9
images/french_fries/1958884.jpg,26
images/cheese_plate/1597172.jpg,10
images/cheesecake/443543.jpg,11
images/churros/494193.jpg,14
images/beef_carpaccio/2352346.jpg,2
images/beet_salad/3607099.jpg,3
images/baklava/65017.jpg,1
images/baklava/424826.jpg,1
images/eggs_benedict/3389222.jpg,21
images/fish_and_chips/250985.jpg,24
images/donuts/2842.jpg,19
images/fish_and_chips/3419631.jpg,24
images/bruschetta/1900581.jpg,5
images/churros/1499881.jpg,14
images/beignets/921747.jpg,4
images/bruschetta/692779.jpg,5
images/caesar_salad/499895.jpg,6
images/fish_and_chips/1556438.jpg,24
images/chocolate_cake/3761798.jpg,13
images/baklava/3429064.jpg,1
images/edamame/623851.jpg,20
images/caprese_salad/743441.jpg,8
images/foie_gras/2833855.jpg,25
images/bruschetta/2651682.jpg,5
images/bruschetta/1410763.jpg,5
images/cannoli/2848101.jpg,7
images/foie_gras/3896024.jpg,25
images/cannoli/2803929.jpg,7
images/chicken_wings/3738524.jpg,12
images/donuts/1817136.jpg,19
images/falafel/3282694.jpg,23
images/cheesecake/1626857.jpg,11
images/eggs_benedict/2697417.jpg,21
images/creme_brulee/672039.jpg,17
images/cup_cakes/1925517.jpg,18
images/falafel/1306416.jpg,23
images/beef_carpaccio/3014981.jpg,2
images/cup_cakes/1899360.jpg,18
images/cheesecake/510488.jpg,11
images/cheesecake/2993992.jpg,11
images/caesar_salad/3314255.jpg,6
images/churros/915843.jpg,14
images/caesar_salad/3823988.jpg,6
images/chicken_wings/1411266.jpg,12
images/cheese_plate/898384.jpg,10
images/falafel/2439386.jpg,23
images/cannoli/231249.jpg,7
images/creme_brulee/1146019.jpg,17
images/chicken_wings/2157839.jpg,12
images/creme_brulee/2929251.jpg,17
images/club_sandwich/775791.jpg,15
images/beef_carpaccio/2730174.jpg,2
images/escargots/463666.jpg,22
images/falafel/947221.jpg,23
images/churros/3384419.jpg,14
images/caesar_salad/2498776.jpg,6
images/caprese_salad/2443228.jpg,8
images/escargots/1357767.jpg,22
images/creme_brulee/2418653.jpg,17
images/churros/2595326.jpg,14
images/french_fries/2062357.jpg,26
images/beef_carpaccio/1344628.jpg,2
images/beet_salad/2859267.jpg,3
images/caesar_salad/3010979.jpg,6
images/beet_salad/454409.jpg,3
images/cheese_plate/2614675.jpg,10
images/fish_and_chips/1701079.jpg,24
images/crab_cakes/751347.jpg,16
images/cannoli/1763885.jpg,7
images/creme_brulee/2708585.jpg,17
images/chocolate_cake/274940.jpg,13
images/caesar_salad/1627608.jpg,6
images/escargots/3410458.jpg,22
images/churros/3767538.jpg,14
images/chicken_wings/3853575.jpg,12
images/cheesecake/91937.jpg,11
images/beignets/130233.jpg,4
images/french_fries/1424609.jpg,26
images/fish_and_chips/3124191.jpg,24
images/chicken_wings/2410287.jpg,12
images/eggs_benedict/973435.jpg,21
images/escargots/1741857.jpg,22
images/fish_and_chips/359280.jpg,24
images/cup_cakes/3204314.jpg,18
images/fish_and_chips/840156.jpg,24
images/chocolate_cake/1502286.jpg,13
images/beef_carpaccio/3119688.jpg,2
images/french_fries/87125.jpg,26
images/beet_salad/3518063.jpg,3
images/churros/199032.jpg,14
images/foie_gras/1289253.jpg,25
images/beet_salad/1824558.jpg,3
images/beet_salad/26609.jpg,3
images/edamame/2405091.jpg,20
images/beignets/666047.jpg,4
images/baklava/752356.jpg,1
images/creme_brulee/916232.jpg,17
images/cannoli/166333.jpg,7
images/caprese_salad/2962185.jpg,8
images/crab_cakes/1719317.jpg,16
images/fish_and_chips/2863885.jpg,24
images/escargots/280004.jpg,22
images/churros/1693020.jpg,14
images/apple_pie/2989799.jpg,0
images/eggs_benedict/3722489.jpg,21
images/carrot_cake/926382.jpg,9
images/cheesecake/2174447.jpg,11
images/falafel/1989884.jpg,23
images/caprese_salad/3784904.jpg,8
images/caesar_salad/1721699.jpg,6
images/foie_gras/953456.jpg,25
images/carrot_cake/289072.jpg,9
images/beef_carpaccio/3273459.jpg,2
images/caesar_salad/788257.jpg,6
images/chicken_wings/3451677.jpg,12
images/caprese_salad/1637906.jpg,8
images/eggs_benedict/3285202.jpg,21
images/apple_pie/235537.jpg,0
images/club_sandwich/977604.jpg,15
images/beignets/1877121.jpg,4
images/french_fries/505261.jpg,26
images/beignets/2993745.jpg,4
images/eggs_benedict/3388732.jpg,21
images/eggs_benedict/38915.jpg,21
images/cheese_plate/785278.jpg,10
images/churros/471940.jpg,14
images/baklava/2891942.jpg,1
images/donuts/24944.jpg,19
images/edamame/3232172.jpg,20
images/carrot_cake/688689.jpg,9
images/cheese_plate/448889.jpg,10
images/cup_cakes/3320414.jpg,18
images/cheese_plate/2186838.jpg,10
images/fish_and_chips/1314331.jpg,24
images/club_sandwich/329901.jpg,15
images/cup_cakes/84010.jpg,18
images/foie_gras/3105826.jpg,25
images/fish_and_chips/3007446.jpg,24
images/churros/904536.jpg,14
images/chocolate_cake/3058055.jpg,13
images/chocolate_cake/3911387.jpg,13
images/foie_gras/3907620.jpg,25
images/creme_brulee/1017162.jpg,17
images/chicken_wings/2022256.jpg,12
images/cheese_plate/1870632.jpg,10
images/churros/3052347.jpg,14
images/beignets/2705664.jpg,4
images/foie_gras/1459380.jpg,25
images/cannoli/2942028.jpg,7
images/donuts/389805.jpg,19
images/caprese_salad/2408946.jpg,8
images/bruschetta/2651429.jpg,5
images/apple_pie/3634716.jpg,0
images/carrot_cake/2425189.jpg,9
images/crab_cakes/3718267.jpg,16
images/cup_cakes/2523136.jpg,18
images/apple_pie/259923.jpg,0
images/eggs_benedict/611466.jpg,21
images/cup_cakes/13821.jpg,18
images/bruschetta/2190428.jpg,5
images/beef_carpaccio/3117515.jpg,2
images/eggs_benedict/3580365.jpg,21
images/cannoli/2182492.jpg,7
images/apple_pie/3637115.jpg,0
images/cheesecake/210991.jpg,11
images/club_sandwich/3657929.jpg,15
images/eggs_benedict/984851.jpg,21
images/cup_cakes/2316265.jpg,18
images/donuts/735584.jpg,19
images/creme_brulee/3366039.jpg,17
images/eggs_benedict/1216343.jpg,21
images/fish_and_chips/2059508.jpg,24
images/eggs_benedict/293146.jpg,21
images/apple_pie/3098981.jpg,0
images/churros/2093675.jpg,14
images/caesar_salad/2984518.jpg,6
images/baklava/2446068.jpg,1
images/edamame/749063.jpg,20
images/fish_and_chips/2694694.jpg,24
images/beef_carpaccio/1254686.jpg,2
images/apple_pie/2453243.jpg,0
images/chicken_wings/806307.jpg,12
images/carrot_cake/161897.jpg,9
images/cup_cakes/793977.jpg,18
images/edamame/2977649.jpg,20
images/caprese_salad/252166.jpg,8
images/club_sandwich/1327823.jpg,15
images/french_fries/3764329.jpg,26
images/cheesecake/1566743.jpg,11
images/beef_carpaccio/1774062.jpg,2
images/cheesecake/1730226.jpg,11
images/fish_and_chips/1010511.jpg,24
images/chocolate_cake/2038214.jpg,13
images/chicken_wings/510878.jpg,12
images/beet_salad/2646314.jpg,3
images/apple_pie/2133067.jpg,0
images/beignets/1873457.jpg,4
images/foie_gras/467213.jpg,25
images/chicken_wings/557753.jpg,12
images/beignets/445116.jpg,4
images/cup_cakes/963538.jpg,18
images/bruschetta/2386512.jpg,5
images/edamame/1311925.jpg,20
images/caprese_salad/2024630.jpg,8
images/beet_salad/901984.jpg,3
images/eggs_benedict/95702.jpg,21
images/caesar_salad/2583360.jpg,6
images/churros/1963107.jpg,14
images/caesar_salad/342123.jpg,6
images/churros/235804.jpg,14
images/beef_carpaccio/2183236.jpg,2
images/cannoli/2542071.jpg,7
images/cup_cakes/1345445.jpg,18
images/creme_brulee/1767735.jpg,17
images/donuts/673609.jpg,19
images/caesar_salad/3373492.jpg,6
images/cup_cakes/1666478.jpg,18
images/creme_brulee/1571151.jpg,17
images/caprese_salad/2323040.jpg,8
images/fish_and_chips/773072.jpg,24
images/caprese_salad/2371947.jpg,8
images/foie_gras/1383061.jpg,25
images/chicken_wings/3569973.jpg,12
images/caprese_salad/769805.jpg,8
images/apple_pie/2698000.jpg,0
images/chicken_wings/1927960.jpg,12
images/baklava/1118803.jpg,1
images/carrot_cake/1834618.jpg,9
images/churros/2889055.jpg,14
images/cheesecake/628716.jpg,11
images/bruschetta/787937.jpg,5
images/crab_cakes/1235952.jpg,16
images/escargots/3368116.jpg,22
images/edamame/451250.jpg,20
images/chocolate_cake/723737.jpg,13
images/beet_salad/2140562.jpg,3
images/chicken_wings/1102172.jpg,12
images/falafel/2693354.jpg,23
images/chicken_wings/1983372.jpg,12
images/cup_cakes/374268.jpg,18
images/carrot_cake/2248609.jpg,9
images/baklava/157471.jpg,1
images/beignets/45995.jpg,4
images/beignets/864370.jpg,4
images/french_fries/1610240.jpg,26
images/creme_brulee/1195981.jpg,17
images/cup_cakes/2695615.jpg,18
images/cheesecake/335935.jpg,11
images/bruschetta/3804720.jpg,5
images/caesar_salad/2758085.jpg,6
images/escargots/1109728.jpg,22
images/cannoli/1282001.jpg,7
images/crab_cakes/1058850.jpg,16
images/fish_and_chips/1128671.jpg,24
images/apple_pie/2995608.jpg,0
images/cannoli/2491936.jpg,7
images/cup_cakes/2235339.jpg,18
images/edamame/576227.jpg,20
images/carrot_cake/3162232.jpg,9
images/crab_cakes/2170907.jpg,16
images/cheese_plate/1716882.jpg,10
images/caprese_salad/2310444.jpg,8
images/beef_carpaccio/1920592.jpg,2
images/caprese_salad/1664058.jpg,8
images/cannoli/2345422.jpg,7
images/cheese_plate/1958947.jpg,10
images/beef_carpaccio/3293967.jpg,2
images/creme_brulee/1017737.jpg,17
images/creme_brulee/3621223.jpg,17
images/beet_salad/713668.jpg,3
images/cannoli/512468.jpg,7
images/carrot_cake/2659617.jpg,9
images/caesar_salad/3775936.jpg,6
images/cheese_plate/2036248.jpg,10
images/baklava/2467153.jpg,1
images/french_fries/1697346.jpg,26
images/donuts/1511290.jpg,19
images/cheesecake/280106.jpg,11
images/fish_and_chips/3126572.jpg,24
images/chocolate_cake/485111.jpg,13
images/donuts/1073755.jpg,19
images/foie_gras/549971.jpg,25
images/beet_salad/1858791.jpg,3
images/beet_salad/2546141.jpg,3
images/carrot_cake/1946130.jpg,9
images/cheesecake/382494.jpg,11
images/cup_cakes/974886.jpg,18
images/caprese_salad/2062445.jpg,8
images/churros/3836893.jpg,14
images/carrot_cake/2514539.jpg,9
images/cheesecake/732159.jpg,11
images/beef_carpaccio/298930.jpg,2
images/caesar_salad/3069393.jpg,6
images/cheesecake/212691.jpg,11
images/club_sandwich/35994.jpg,15
images/cheesecake/2756768.jpg,11
images/escargots/2705677.jpg,22
images/creme_brulee/2327676.jpg,17
images/chicken_wings/1935227.jpg,12
images/fish_and_chips/696449.jpg,24
images/carrot_cake/2455074.jpg,9
images/escargots/2854070.jpg,22
images/fish_and_chips/2576819.jpg,24
images/caprese_salad/639638.jpg,8
images/caesar_salad/3289797.jpg,6
images/beignets/2848553.jpg,4
images/foie_gras/3508567.jpg,25
images/cannoli/2473563.jpg,7
images/club_sandwich/502292.jpg,15
images/beignets/2614558.jpg,4
images/creme_brulee/1275049.jpg,17
images/caesar_salad/3311499.jpg,6
images/beef_carpaccio/3357537.jpg,2
images/cheesecake/3868436.jpg,11
images/caprese_salad/3812841.jpg,8
images/falafel/3182769.jpg,23
images/beet_salad/151397.jpg,3
images/bruschetta/3213234.jpg,5
images/churros/2763955.jpg,14
images/apple_pie/2900219.jpg,0
images/foie_gras/600030.jpg,25
images/club_sandwich/3669106.jpg,15
images/churros/3006013.jpg,14
images/churros/141775.jpg,14
images/caprese_salad/914170.jpg,8
images/beignets/264931.jpg,4
images/beignets/304459.jpg,4
images/cheese_plate/3002497.jpg,10
images/beignets/8028.jpg,4
images/donuts/2153161.jpg,19
images/chicken_wings/1345518.jpg,12
images/crab_cakes/1771522.jpg,16
images/apple_pie/3243441.jpg,0
images/eggs_benedict/1402552.jpg,21
images/churros/645966.jpg,14
images/bruschetta/1818090.jpg,5
images/edamame/2349798.jpg,20
images/beef_carpaccio/1736103.jpg,2
images/eggs_benedict/2593546.jpg,21
images/cheesecake/1848845.jpg,11
images/edamame/248450.jpg,20
images/cup_cakes/63497.jpg,18
images/beef_carpaccio/1906055.jpg,2
images/crab_cakes/601107.jpg,16
images/escargots/2269919.jpg,22
images/edamame/2222970.jpg,20
images/cup_cakes/2833964.jpg,18
images/donuts/1396491.jpg,19
images/cannoli/1231548.jpg,7
images/edamame/1714523.jpg,20
images/crab_cakes/2043694.jpg,16
images/creme_brulee/2198516.jpg,17
images/cheesecake/3030686.jpg,11
images/escargots/3110111.jpg,22
images/eggs_benedict/1100682.jpg,21
images/club_sandwich/447542.jpg,15
images/beef_carpaccio/2888664.jpg,2
images/creme_brulee/375148.jpg,17
images/chicken_wings/479789.jpg,12
images/caesar_salad/2758969.jpg,6
images/chocolate_cake/2721988.jpg,13
images/creme_brulee/2502300.jpg,17
images/caprese_salad/3903556.jpg,8
images/churros/3242616.jpg,14
images/donuts/1924369.jpg,19
images/cup_cakes/1979151.jpg,18
images/cheese_plate/2936530.jpg,10
images/donuts/683741.jpg,19
images/foie_gras/2582583.jpg,25
images/caprese_salad/2642709.jpg,8
images/chocolate_cake/2341481.jpg,13
images/fish_and_chips/3606215.jpg,24
images/beignets/659574.jpg,4
images/cannoli/3447820.jpg,7
images/baklava/3689259.jpg,1
images/churros/3442864.jpg,14
images/french_fries/1928660.jpg,26
images/fish_and_chips/2661907.jpg,24
images/baklava/1582881.jpg,1
images/churros/2381662.jpg,14
images/foie_gras/3029045.jpg,25
images/cup_cakes/204689.jpg,18
images/churros/822370.jpg,14
images/caprese_salad/3790126.jpg,8
images/crab_cakes/3746432.jpg,16
images/crab_cakes/3923195.jpg,16
images/donuts/3132573.jpg,19
images/beef_carpaccio/3349619.jpg,2
images/cheesecake/690648.jpg,11
images/caesar_salad/1791656.jpg,6
images/beignets/3038345.jpg,4
images/edamame/3110003.jpg,20
images/creme_brulee/815670.jpg,17
images/beef_carpaccio/1497146.jpg,2
images/edamame/2768586.jpg,20
images/caesar_salad/1275449.jpg,6
images/cheesecake/323244.jpg,11
images/beignets/1406930.jpg,4
images/apple_pie/1578710.jpg,0
images/apple_pie/1088809.jpg,0
images/caprese_salad/2199388.jpg,8
images/beet_salad/1054193.jpg,3
images/chicken_wings/2335907.jpg,12
images/apple_pie/38795.jpg,0
images/fish_and_chips/2204214.jpg,24
images/apple_pie/692211.jpg,0
images/beef_carpaccio/512909.jpg,2
images/edamame/2832546.jpg,20
images/crab_cakes/3228814.jpg,16
images/beet_salad/1671834.jpg,3
images/chocolate_cake/1664916.jpg,13
images/french_fries/914709.jpg,26
images/eggs_benedict/3698975.jpg,21
images/cup_cakes/2892277.jpg,18
images/churros/522134.jpg,14
images/foie_gras/3193633.jpg,25
images/cup_cakes/2365399.jpg,18
images/eggs_benedict/2001272.jpg,21
images/fish_and_chips/359219.jpg,24
images/chicken_wings/999046.jpg,12
images/eggs_benedict/2306697.jpg,21
images/baklava/2379083.jpg,1
images/cheesecake/2817310.jpg,11
images/cheesecake/2788336.jpg,11
images/falafel/1172173.jpg,23
images/beef_carpaccio/660279.jpg,2
images/foie_gras/1032049.jpg,25
images/baklava/995703.jpg,1
images/baklava/3877397.jpg,1
images/bruschetta/711623.jpg,5
images/beignets/3624198.jpg,4
images/cheese_plate/1667697.jpg,10
images/cup_cakes/1079817.jpg,18
images/caprese_salad/1676461.jpg,8
images/chocolate_cake/1540514.jpg,13
images/chicken_wings/1476407.jpg,12
images/cheesecake/2870482.jpg,11
images/crab_cakes/2280248.jpg,16
images/caesar_salad/2854180.jpg,6
images/apple_pie/3676950.jpg,0
images/foie_gras/3840378.jpg,25
images/beef_carpaccio/712109.jpg,2
images/beignets/1838513.jpg,4
images/foie_gras/1393313.jpg,25
images/caesar_salad/2934449.jpg,6
images/creme_brulee/3705661.jpg,17
images/edamame/1914797.jpg,20
images/cheesecake/375889.jpg,11
images/edamame/1721784.jpg,20
images/chocolate_cake/1454812.jpg,13
images/cup_cakes/1956343.jpg,18
images/club_sandwich/887877.jpg,15
images/chicken_wings/2971925.jpg,12
images/carrot_cake/2496941.jpg,9
images/churros/2249944.jpg,14
images/caprese_salad/1907822.jpg,8
images/churros/3693400.jpg,14
images/crab_cakes/1472947.jpg,16
images/churros/1071888.jpg,14
images/chicken_wings/590440.jpg,12
images/donuts/2768102.jpg,19
images/french_fries/1541766.jpg,26
images/bruschetta/2492386.jpg,5
images/falafel/2203389.jpg,23
images/french_fries/3358729.jpg,26
images/beef_carpaccio/2464970.jpg,2
images/falafel/160609.jpg,23
images/falafel/2003322.jpg,23
images/fish_and_chips/764727.jpg,24
images/caesar_salad/1369936.jpg,6
images/caesar_salad/37327.jpg,6
images/baklava/1246040.jpg,1
images/churros/1297155.jpg,14
images/creme_brulee/3608767.jpg,17
images/falafel/1294620.jpg,23
images/cheese_plate/3368009.jpg,10
images/chicken_wings/1038379.jpg,12
images/chicken_wings/2872120.jpg,12
images/carrot_cake/2373504.jpg,9
images/cheesecake/3416016.jpg,11
images/cup_cakes/1584749.jpg,18
images/apple_pie/2764778.jpg,0
images/fish_and_chips/2128368.jpg,24
images/falafel/3112064.jpg,23
images/foie_gras/1981572.jpg,25
images/escargots/3057366.jpg,22
images/bruschetta/516147.jpg,5
images/beef_carpaccio/1782141.jpg,2
images/beet_salad/2476877.jpg,3
images/beef_carpaccio/2004374.jpg,2
images/edamame/3114361.jpg,20
images/french_fries/3061458.jpg,26
images/apple_pie/2595208.jpg,0
images/escargots/170771.jpg,22
images/baklava/2207308.jpg,1
images/falafel/3348035.jpg,23
images/cheesecake/2013524.jpg,11
images/beet_salad/1893123.jpg,3
images/beignets/2712877.jpg,4
images/caprese_salad/1976598.jpg,8
images/beignets/2043752.jpg,4
images/french_fries/1555814.jpg,26
images/donuts/405089.jpg,19
images/beignets/3353449.jpg,4
images/chicken_wings/670946.jpg,12
images/cannoli/2965746.jpg,7
images/crab_cakes/3146818.jpg,16
images/cheese_plate/846032.jpg,10
images/club_sandwich/240127.jpg,15
images/cup_cakes/904549.jpg,18
images/cup_cakes/457429.jpg,18
images/churros/241986.jpg,14
images/edamame/1425631.jpg,20
images/churros/1168179.jpg,14
images/caprese_salad/3202397.jpg,8
images/fish_and_chips/3912593.jpg,24
images/crab_cakes/3020046.jpg,16
images/cheese_plate/1502200.jpg,10
images/caprese_salad/1510044.jpg,8
images/donuts/2166009.jpg,19
images/beignets/1240470.jpg,4
images/edamame/2916151.jpg,20
images/caprese_salad/3707452.jpg,8
images/donuts/2406601.jpg,19
images/foie_gras/601750.jpg,25
images/chocolate_cake/3478081.jpg,13
images/edamame/2879947.jpg,20
images/cheese_plate/1860217.jpg,10
images/creme_brulee/2642725.jpg,17
images/cheese_plate/1703787.jpg,10
images/chocolate_cake/3311272.jpg,13
images/donuts/3115920.jpg,19
images/french_fries/907716.jpg,26
images/caesar_salad/1421173.jpg,6
images/beet_salad/1382375.jpg,3
images/foie_gras/3307955.jpg,25
images/apple_pie/2637058.jpg,0
images/cannoli/480323.jpg,7
images/edamame/3432193.jpg,20
images/caprese_salad/1802675.jpg,8
images/eggs_benedict/3596887.jpg,21
images/chicken_wings/44776.jpg,12
images/donuts/324330.jpg,19
images/creme_brulee/3833876.jpg,17
images/donuts/1820146.jpg,19
images/crab_cakes/2729068.jpg,16
images/edamame/3322774.jpg,20
images/edamame/109599.jpg,20
images/chicken_wings/3735382.jpg,12
images/bruschetta/957347.jpg,5
images/crab_cakes/3735863.jpg,16
images/creme_brulee/1923396.jpg,17
images/donuts/1210811.jpg,19
images/donuts/2790196.jpg,19
images/donuts/637765.jpg,19
images/carrot_cake/3581708.jpg,9
images/cheese_plate/3265990.jpg,10
images/cheesecake/1725611.jpg,11
images/caesar_salad/1463282.jpg,6
images/creme_brulee/1215567.jpg,17
images/cannoli/1873480.jpg,7
images/beef_carpaccio/1584290.jpg,2
images/chicken_wings/25735.jpg,12
images/french_fries/203924.jpg,26
images/churros/854808.jpg,14
images/churros/1844134.jpg,14
images/french_fries/963995.jpg,26
images/caesar_salad/2879188.jpg,6
images/cheesecake/2713431.jpg,11
images/beet_salad/966687.jpg,3
images/crab_cakes/245391.jpg,16
images/escargots/203251.jpg,22
images/baklava/3076821.jpg,1
images/crab_cakes/1876235.jpg,16
images/chicken_wings/3022756.jpg,12
images/beet_salad/2930992.jpg,3
images/cheese_plate/2791275.jpg,10
images/bruschetta/319689.jpg,5
images/bruschetta/485242.jpg,5
images/cup_cakes/3795639.jpg,18
images/creme_brulee/2481440.jpg,17
images/baklava/2481609.jpg,1
images/donuts/827360.jpg,19
images/escargots/3904725.jpg,22
images/eggs_benedict/2581516.jpg,21
images/apple_pie/2677312.jpg,0
images/beet_salad/2619761.jpg,3
images/cheesecake/2262460.jpg,11
images/baklava/2425106.jpg,1
images/beet_salad/3696640.jpg,3
images/apple_pie/3594610.jpg,0
images/baklava/2511087.jpg,1
images/baklava/3797211.jpg,1
images/cheese_plate/3795039.jpg,10
images/cup_cakes/3852345.jpg,18
images/carrot_cake/1096912.jpg,9
images/bruschetta/1424437.jpg,5
images/escargots/2223542.jpg,22
images/edamame/3098721.jpg,20
images/eggs_benedict/1897008.jpg,21
images/carrot_cake/1246467.jpg,9
images/foie_gras/591251.jpg,25
images/beet_salad/3465676.jpg,3
images/crab_cakes/3504994.jpg,16
images/eggs_benedict/2748311.jpg,21
images/chicken_wings/879968.jpg,12
images/edamame/1488398.jpg,20
images/beet_salad/2818157.jpg,3
images/club_sandwich/1814470.jpg,15
images/french_fries/1387352.jpg,26
images/fish_and_chips/1575384.jpg,24
images/caprese_salad/1041171.jpg,8
images/club_sandwich/886748.jpg,15
images/beet_salad/2454612.jpg,3
images/cannoli/714336.jpg,7
images/cannoli/2209431.jpg,7
images/caesar_salad/141795.jpg,6
images/caesar_salad/2453630.jpg,6
images/apple_pie/771595.jpg,0
images/caesar_salad/2076998.jpg,6
images/beignets/502121.jpg,4
images/fish_and_chips/1225146.jpg,24
images/cup_cakes/1924544.jpg,18
images/eggs_benedict/269462.jpg,21
images/cup_cakes/1016810.jpg,18
images/escargots/2378023.jpg,22
images/beet_salad/1401171.jpg,3
images/caesar_salad/648670.jpg,6
images/falafel/1203709.jpg,23
images/crab_cakes/915400.jpg,16
images/chocolate_cake/3509061.jpg,13
images/creme_brulee/2860936.jpg,17
images/chicken_wings/3804848.jpg,12
images/caprese_salad/2140678.jpg,8
images/escargots/615456.jpg,22
images/fish_and_chips/1278726.jpg,24
images/chocolate_cake/1520283.jpg,13
images/cheesecake/983639.jpg,11
images/bruschetta/2080506.jpg,5
images/escargots/2536950.jpg,22
images/caprese_salad/1375670.jpg,8
images/club_sandwich/3061151.jpg,15
images/edamame/891840.jpg,20
images/beet_salad/1193418.jpg,3
images/escargots/278240.jpg,22
images/churros/3763367.jpg,14
images/french_fries/2512097.jpg,26
images/chicken_wings/3508754.jpg,12
images/cannoli/976254.jpg,7
images/bruschetta/3431150.jpg,5
images/cheese_plate/2773978.jpg,10
images/foie_gras/3082649.jpg,25
images/carrot_cake/2454816.jpg,9
images/beignets/2757111.jpg,4
images/eggs_benedict/3080487.jpg,21
images/beignets/271234.jpg,4
images/foie_gras/3725100.jpg,25
images/eggs_benedict/1496404.jpg,21
images/caesar_salad/2308770.jpg,6
images/cannoli/518771.jpg,7
images/beef_carpaccio/787785.jpg,2
images/baklava/1327329.jpg,1
images/french_fries/3021100.jpg,26
images/club_sandwich/1615904.jpg,15
images/cheesecake/2639998.jpg,11
images/bruschetta/3189272.jpg,5
images/cheesecake/3874192.jpg,11
images/caesar_salad/1694332.jpg,6
images/fish_and_chips/1275381.jpg,24
images/caesar_salad/1489800.jpg,6
images/carrot_cake/2964478.jpg,9
images/donuts/2716428.jpg,19
images/caesar_salad/2784457.jpg,6
images/carrot_cake/2725671.jpg,9
images/baklava/3276903.jpg,1
images/crab_cakes/2020057.jpg,16
images/french_fries/2527291.jpg,26
images/falafel/1204458.jpg,23
images/french_fries/2780060.jpg,26
images/bruschetta/77754.jpg,5
images/club_sandwich/2775241.jpg,15
images/cannoli/912746.jpg,7
images/fish_and_chips/3757195.jpg,24
images/caprese_salad/122625.jpg,8
images/eggs_benedict/1944985.jpg,21
images/club_sandwich/3071747.jpg,15
images/chocolate_cake/251994.jpg,13
images/beef_carpaccio/2263627.jpg,2
images/crab_cakes/1032801.jpg,16
images/beet_salad/785681.jpg,3
images/apple_pie/3882465.jpg,0
images/escargots/3430313.jpg,22
images/edamame/367388.jpg,20
images/caprese_salad/818048.jpg,8
images/donuts/1322127.jpg,19
images/carrot_cake/599433.jpg,9
images/foie_gras/1617252.jpg,25
images/chocolate_cake/2280445.jpg,13
images/cannoli/2809497.jpg,7
images/falafel/2361366.jpg,23
images/eggs_benedict/1010197.jpg,21
images/donuts/1750980.jpg,19
images/carrot_cake/51468.jpg,9
images/french_fries/2385210.jpg,26
images/cannoli/534194.jpg,7
images/creme_brulee/2561426.jpg,17
images/cannoli/515702.jpg,7
images/beet_salad/3641525.jpg,3
images/carrot_cake/1372940.jpg,9
images/carrot_cake/343483.jpg,9
images/cup_cakes/2475503.jpg,18
images/cannoli/3099943.jpg,7
images/creme_brulee/3146191.jpg,17
images/churros/1294048.jpg,14
images/bruschetta/924432.jpg,5
images/cup_cakes/2818889.jpg,18
images/donuts/3291252.jpg,19
images/foie_gras/1887262.jpg,25
images/beef_carpaccio/1440469.jpg,2
images/churros/3139698.jpg,14
images/foie_gras/3334523.jpg,25
images/foie_gras/3093863.jpg,25
images/creme_brulee/1059558.jpg,17
images/edamame/2482299.jpg,20
images/carrot_cake/2613080.jpg,9
images/edamame/995921.jpg,20
images/cheese_plate/32541.jpg,10
images/chicken_wings/3896573.jpg,12
images/edamame/2695044.jpg,20
images/falafel/3190481.jpg,23
images/creme_brulee/18583.jpg,17
images/churros/808740.jpg,14
images/beet_salad/3222893.jpg,3
images/caesar_salad/1333304.jpg,6
images/churros/135419.jpg,14
images/crab_cakes/1862995.jpg,16
images/chicken_wings/627346.jpg,12
images/chocolate_cake/1086272.jpg,13
images/foie_gras/1996247.jpg,25
images/donuts/2760811.jpg,19
images/cup_cakes/1112223.jpg,18
images/beef_carpaccio/3095410.jpg,2
images/caprese_salad/3416316.jpg,8
images/cheesecake/1855433.jpg,11
images/escargots/1637284.jpg,22
images/caesar_salad/1803711.jpg,6
images/club_sandwich/2424870.jpg,15
images/donuts/893126.jpg,19
images/cheese_plate/1285113.jpg,10
images/french_fries/2902107.jpg,26
images/eggs_benedict/17684.jpg,21
images/creme_brulee/305431.jpg,17
images/cheesecake/737999.jpg,11
images/apple_pie/3059110.jpg,0
images/chicken_wings/722949.jpg,12
images/fish_and_chips/303466.jpg,24
images/donuts/1989816.jpg,19
images/foie_gras/1619013.jpg,25
images/eggs_benedict/1181276.jpg,21
images/donuts/2223674.jpg,19
images/beef_carpaccio/3722919.jpg,2
images/fish_and_chips/113713.jpg,24
images/caesar_salad/2975724.jpg,6
images/cheese_plate/2867064.jpg,10
images/baklava/704086.jpg,1
images/baklava/2704394.jpg,1
images/caesar_salad/301116.jpg,6
images/cheese_plate/1819123.jpg,10
images/carrot_cake/2968177.jpg,9
images/escargots/3152950.jpg,22
images/cup_cakes/193227.jpg,18
images/chocolate_cake/3168301.jpg,13
images/cheese_plate/1862172.jpg,10
images/edamame/1438749.jpg,20
images/fish_and_chips/1843920.jpg,24
images/club_sandwich/449793.jpg,15
images/foie_gras/2566675.jpg,25
images/carrot_cake/1487193.jpg,9
images/beet_salad/3191846.jpg,3
images/creme_brulee/3835744.jpg,17
images/chicken_wings/3849303.jpg,12
images/baklava/2162852.jpg,1
images/apple_pie/1773419.jpg,0
images/foie_gras/377621.jpg,25
images/cheese_plate/3437857.jpg,10
images/bruschetta/3725479.jpg,5
images/cheese_plate/1489701.jpg,10
images/apple_pie/1305678.jpg,0
images/donuts/735864.jpg,19
images/french_fries/2248373.jpg,26
images/bruschetta/2712019.jpg,5
images/bruschetta/2139541.jpg,5
images/cup_cakes/470642.jpg,18
images/club_sandwich/3722695.jpg,15
images/creme_brulee/99109.jpg,17
images/carrot_cake/675578.jpg,9
images/club_sandwich/775588.jpg,15
images/bruschetta/1664536.jpg,5
images/eggs_benedict/1894966.jpg,21
images/club_sandwich/3664710.jpg,15
images/chicken_wings/486232.jpg,12
images/club_sandwich/1866393.jpg,15
images/falafel/2522039.jpg,23
images/apple_pie/116697.jpg,0
images/french_fries/3762377.jpg,26
images/creme_brulee/2058890.jpg,17
images/club_sandwich/1437865.jpg,15
images/eggs_benedict/3803684.jpg,21
images/cheese_plate/1017606.jpg,10
images/foie_gras/2463469.jpg,25
images/foie_gras/1337912.jpg,25
images/beet_salad/63349.jpg,3
images/fish_and_chips/52739.jpg,24
images/apple_pie/3779150.jpg,0
images/fish_and_chips/2750074.jpg,24
images/carrot_cake/361383.jpg,9
images/edamame/2835349.jpg,20
images/churros/2673453.jpg,14
images/beet_salad/3023584.jpg,3
images/fish_and_chips/557498.jpg,24
images/fish_and_chips/1784894.jpg,24
images/chocolate_cake/1805931.jpg,13
images/donuts/1406272.jpg,19
images/apple_pie/959388.jpg,0
images/carrot_cake/838471.jpg,9
images/cup_cakes/560400.jpg,18
images/cannoli/3569941.jpg,7
images/fish_and_chips/2057097.jpg,24
images/donuts/3214831.jpg,19
images/churros/1176714.jpg,14
images/creme_brulee/1720013.jpg,17
images/foie_gras/3898447.jpg,25
images/cheese_plate/1769895.jpg,10
images/crab_cakes/515364.jpg,16
images/french_fries/3437480.jpg,26
images/apple_pie/997950.jpg,0
images/chicken_wings/1503564.jpg,12
images/baklava/1915978.jpg,1
images/churros/2374104.jpg,14
images/fish_and_chips/955818.jpg,24
images/cannoli/323952.jpg,7
images/beef_carpaccio/1305949.jpg,2
images/crab_cakes/2838477.jpg,16
images/carrot_cake/2466563.jpg,9
images/baklava/941312.jpg,1
images/beignets/1058530.jpg,4
images/eggs_benedict/2130505.jpg,21
images/cheese_plate/1769785.jpg,10
images/beet_salad/138846.jpg,3
images/falafel/561445.jpg,23
images/caesar_salad/2902950.jpg,6
images/cup_cakes/1749534.jpg,18
images/donuts/2520172.jpg,19
images/edamame/816548.jpg,20
images/club_sandwich/3334583.jpg,15
images/edamame/3558096.jpg,20
images/apple_pie/963140.jpg,0
images/beignets/2977212.jpg,4
images/fish_and_chips/3222017.jpg,24
images/carrot_cake/1071668.jpg,9
images/beignets/2639533.jpg,4
images/caprese_salad/3437799.jpg,8
images/baklava/206902.jpg,1
images/club_sandwich/2947958.jpg,15
images/beignets/3098740.jpg,4
images/beignets/2394104.jpg,4
images/chocolate_cake/1948508.jpg,13
images/club_sandwich/1137786.jpg,15
images/eggs_benedict/1161319.jpg,21
images/carrot_cake/236314.jpg,9
images/cannoli/1980426.jpg,7
images/beet_salad/3397745.jpg,3
images/carrot_cake/3711989.jpg,9
images/carrot_cake/2360376.jpg,9
images/carrot_cake/2091368.jpg,9
images/eggs_benedict/3629602.jpg,21
images/crab_cakes/2558189.jpg,16
images/caprese_salad/107314.jpg,8
images/beignets/1223971.jpg,4
images/caprese_salad/1818008.jpg,8
images/carrot_cake/326625.jpg,9
images/donuts/799820.jpg,19
images/beignets/2559671.jpg,4
images/apple_pie/2298862.jpg,0
images/crab_cakes/970864.jpg,16
images/chicken_wings/78311.jpg,12
images/caprese_salad/2680784.jpg,8
images/crab_cakes/2738317.jpg,16
images/chocolate_cake/1247622.jpg,13
images/creme_brulee/319745.jpg,17
images/crab_cakes/3477192.jpg,16
images/churros/555011.jpg,14
images/beef_carpaccio/3622185.jpg,2
images/chocolate_cake/1625341.jpg,13
images/apple_pie/1969851.jpg,0
images/creme_brulee/3865850.jpg,17
images/caesar_salad/844830.jpg,6
images/edamame/111193.jpg,20
images/bruschetta/3057103.jpg,5
images/chicken_wings/3137079.jpg,12
images/chicken_wings/3148488.jpg,12
images/chicken_wings/1418752.jpg,12
images/beet_salad/2026170.jpg,3
images/carrot_cake/3273419.jpg,9
images/fish_and_chips/1200129.jpg,24
images/cheese_plate/1932949.jpg,10
images/donuts/419596.jpg,19
images/beignets/2189741.jpg,4
images/carrot_cake/1779163.jpg,9
images/foie_gras/2906113.jpg,25
images/crab_cakes/1445565.jpg,16
images/apple_pie/481805.jpg,0
images/beet_salad/3818190.jpg,3
images/edamame/2502685.jpg,20
images/club_sandwich/3062092.jpg,15
images/baklava/1491090.jpg,1
images/caesar_salad/1835043.jpg,6
images/cup_cakes/3092718.jpg,18
images/chocolate_cake/1519529.jpg,13
images/caprese_salad/338636.jpg,8
images/eggs_benedict/168250.jpg,21
images/apple_pie/3134347.jpg,0
images/cannoli/3158267.jpg,7
images/chicken_wings/2152005.jpg,12
images/churros/3909609.jpg,14
images/churros/620340.jpg,14
images/cannoli/1446526.jpg,7
images/chicken_wings/909998.jpg,12
images/club_sandwich/886101.jpg,15
images/caprese_salad/1132792.jpg,8
images/caesar_salad/1918615.jpg,6
images/edamame/1453087.jpg,20
images/creme_brulee/2186943.jpg,17
images/beignets/61751.jpg,4
images/beignets/3768344.jpg,4
images/edamame/1338105.jpg,20
images/eggs_benedict/1763734.jpg,21
images/fish_and_chips/896001.jpg,24
images/eggs_benedict/751692.jpg,21
images/donuts/1338254.jpg,19
images/eggs_benedict/2406288.jpg,21
images/caprese_salad/2688760.jpg,8
images/apple_pie/238868.jpg,0
images/falafel/1306451.jpg,23
images/creme_brulee/670368.jpg,17
images/cannoli/1342010.jpg,7
images/caprese_salad/1069679.jpg,8
images/baklava/1121955.jpg,1
images/cannoli/711078.jpg,7
images/caprese_salad/3669494.jpg,8
images/club_sandwich/1856155.jpg,15
images/churros/2547960.jpg,14
images/baklava/485738.jpg,1
images/fish_and_chips/3655543.jpg,24
images/eggs_benedict/901333.jpg,21
images/carrot_cake/3798693.jpg,9
images/baklava/3025814.jpg,1
images/french_fries/293052.jpg,26
images/cannoli/2561062.jpg,7
images/beet_salad/2932452.jpg,3
images/caprese_salad/353135.jpg,8
images/cheesecake/857330.jpg,11
images/foie_gras/2893329.jpg,25
images/beef_carpaccio/646329.jpg,2
images/beef_carpaccio/791096.jpg,2
images/escargots/3688869.jpg,22
images/donuts/866036.jpg,19
images/churros/1823672.jpg,14
images/foie_gras/532722.jpg,25
images/foie_gras/3280335.jpg,25
images/caprese_salad/2436035.jpg,8
images/cheese_plate/3064120.jpg,10
images/caesar_salad/404114.jpg,6
images/carrot_cake/2955751.jpg,9
images/cheesecake/619535.jpg,11
images/beignets/2831526.jpg,4
images/edamame/3403243.jpg,20
images/beignets/626244.jpg,4
images/cannoli/1047167.jpg,7
images/foie_gras/914200.jpg,25
images/caprese_salad/283576.jpg,8
images/creme_brulee/1996517.jpg,17
images/crab_cakes/2440750.jpg,16
images/edamame/1734785.jpg,20
images/fish_and_chips/2562886.jpg,24
images/baklava/2990981.jpg,1
images/french_fries/2479034.jpg,26
images/chocolate_cake/3842697.jpg,13
images/churros/3700970.jpg,14
images/cheese_plate/1337779.jpg,10
images/beet_salad/3494825.jpg,3
images/carrot_cake/94371.jpg,9
images/foie_gras/1677223.jpg,25
images/cheese_plate/3436573.jpg,10
images/creme_brulee/3627205.jpg,17
images/caesar_salad/1635167.jpg,6
images/edamame/1254197.jpg,20
images/fish_and_chips/3286080.jpg,24
images/bruschetta/3274211.jpg,5
images/cup_cakes/106496.jpg,18
images/foie_gras/1592863.jpg,25
images/eggs_benedict/1972975.jpg,21
images/beet_salad/2279732.jpg,3
images/creme_brulee/3328508.jpg,17
images/apple_pie/2874860.jpg,0
images/beet_salad/421341.jpg,3
images/club_sandwich/3069470.jpg,15
images/churros/1096129.jpg,14
images/cup_cakes/3114536.jpg,18
images/caprese_salad/2832149.jpg,8
images/fish_and_chips/807471.jpg,24
images/beef_carpaccio/2076432.jpg,2
images/escargots/1819741.jpg,22
images/escargots/3406878.jpg,22
images/bruschetta/659139.jpg,5
images/beignets/59338.jpg,4
images/cheesecake/3587155.jpg,11
images/cannoli/2709060.jpg,7
images/donuts/211626.jpg,19
images/carrot_cake/134743.jpg,9
images/edamame/2910848.jpg,20
images/chicken_wings/3250522.jpg,12
images/french_fries/65608.jpg,26
images/eggs_benedict/13521.jpg,21
images/cheese_plate/474951.jpg,10
images/carrot_cake/2201525.jpg,9
images/fish_and_chips/996228.jpg,24
images/cannoli/1907525.jpg,7
images/chicken_wings/202958.jpg,12
images/cup_cakes/1027096.jpg,18
images/baklava/3424962.jpg,1
images/beef_carpaccio/582348.jpg,2
images/eggs_benedict/2178307.jpg,21
images/cannoli/2310238.jpg,7
images/falafel/2216305.jpg,23
images/churros/3726748.jpg,14
images/beef_carpaccio/968022.jpg,2
images/cheesecake/3258992.jpg,11
images/caprese_salad/2535110.jpg,8
images/beef_carpaccio/263713.jpg,2
images/beignets/1258650.jpg,4
images/eggs_benedict/1179622.jpg,21
images/club_sandwich/1327327.jpg,15
images/churros/2061499.jpg,14
images/fish_and_chips/3013747.jpg,24
images/beet_salad/1437459.jpg,3
images/cannoli/675835.jpg,7
images/cup_cakes/2008058.jpg,18
images/club_sandwich/42429.jpg,15
images/falafel/1104277.jpg,23
images/baklava/2015716.jpg,1
images/cannoli/209575.jpg,7
images/carrot_cake/2677536.jpg,9
images/cup_cakes/1569534.jpg,18
images/beet_salad/2838476.jpg,3
images/churros/593477.jpg,14
images/edamame/2542651.jpg,20
images/foie_gras/3229590.jpg,25
images/carrot_cake/3158912.jpg,9
images/french_fries/557390.jpg,26
images/foie_gras/3041204.jpg,25
images/cheesecake/267622.jpg,11
images/chicken_wings/2424357.jpg,12
images/falafel/662455.jpg,23
images/cheese_plate/1144322.jpg,10
images/churros/64837.jpg,14
images/french_fries/3221251.jpg,26
images/chocolate_cake/863677.jpg,13
images/carrot_cake/224939.jpg,9
images/beet_salad/966540.jpg,3
images/cheesecake/3749514.jpg,11
images/chicken_wings/113815.jpg,12
images/bruschetta/1841174.jpg,5
images/caprese_salad/384942.jpg,8
images/chocolate_cake/1227672.jpg,13
images/edamame/3421283.jpg,20
images/cheesecake/811556.jpg,11
images/beet_salad/2864915.jpg,3
images/french_fries/2945149.jpg,26
images/escargots/1321414.jpg,22
images/beet_salad/3650992.jpg,3
images/edamame/2510907.jpg,20
images/cheesecake/262403.jpg,11
images/churros/2772999.jpg,14
images/edamame/231161.jpg,20
images/churros/297850.jpg,14
images/cheesecake/1159762.jpg,11
images/crab_cakes/1430239.jpg,16
images/cannoli/2067774.jpg,7
images/edamame/336171.jpg,20
images/baklava/25496.jpg,1
images/donuts/2238316.jpg,19
images/cheese_plate/69961.jpg,10
images/cheesecake/1397231.jpg,11
images/donuts/2060574.jpg,19
images/creme_brulee/180981.jpg,17
images/crab_cakes/950556.jpg,16
images/apple_pie/946403.jpg,0
images/falafel/400892.jpg,23
images/escargots/3292612.jpg,22
images/cannoli/603842.jpg,7
images/escargots/2358703.jpg,22
images/bruschetta/1854036.jpg,5
images/beef_carpaccio/606763.jpg,2
images/club_sandwich/1324019.jpg,15
images/fish_and_chips/3411914.jpg,24
images/beef_carpaccio/3064973.jpg,2
images/creme_brulee/2727376.jpg,17
images/donuts/1678320.jpg,19
images/caesar_salad/2592859.jpg,6
images/foie_gras/2472429.jpg,25
images/churros/644690.jpg,14
images/cheesecake/640507.jpg,11
images/beignets/3333828.jpg,4
images/bruschetta/224374.jpg,5
images/donuts/417581.jpg,19
images/cheesecake/3084020.jpg,11
images/foie_gras/2398318.jpg,25
images/chicken_wings/2513252.jpg,12
images/eggs_benedict/2169984.jpg,21
images/falafel/3083705.jpg,23
images/eggs_benedict/1135494.jpg,21
images/escargots/232145.jpg,22
images/club_sandwich/2403529.jpg,15
images/falafel/2565713.jpg,23
images/crab_cakes/2316460.jpg,16
images/french_fries/2649282.jpg,26
images/bruschetta/775044.jpg,5
images/churros/3690003.jpg,14
images/falafel/1181436.jpg,23
images/creme_brulee/2843902.jpg,17
images/caprese_salad/1611250.jpg,8
images/chocolate_cake/2009046.jpg,13
images/apple_pie/2109273.jpg,0
images/fish_and_chips/559350.jpg,24
images/french_fries/3401318.jpg,26
images/fish_and_chips/2008704.jpg,24
images/baklava/2860627.jpg,1
images/cannoli/3855318.jpg,7
images/cannoli/1981955.jpg,7
images/chocolate_cake/3095858.jpg,13
images/crab_cakes/738036.jpg,16
images/donuts/3898934.jpg,19
images/beignets/997350.jpg,4
images/cheese_plate/12089.jpg,10
images/baklava/1284897.jpg,1
images/chicken_wings/3900579.jpg,12
images/cup_cakes/1214319.jpg,18
images/club_sandwich/1114354.jpg,15
images/donuts/926093.jpg,19
images/chicken_wings/1896358.jpg,12
images/cannoli/1087098.jpg,7
images/eggs_benedict/2117980.jpg,21
images/carrot_cake/2060547.jpg,9
images/beet_salad/1455844.jpg,3
images/chocolate_cake/921661.jpg,13
images/beignets/2672036.jpg,4
images/french_fries/3751241.jpg,26
images/french_fries/2721807.jpg,26
images/apple_pie/3108401.jpg,0
images/bruschetta/1985717.jpg,5
images/club_sandwich/3754932.jpg,15
images/chocolate_cake/1374962.jpg,13
images/beet_salad/582435.jpg,3
images/fish_and_chips/284369.jpg,24
images/beet_salad/70952.jpg,3
images/caprese_salad/754100.jpg,8
images/escargots/1850960.jpg,22
images/churros/1618626.jpg,14
images/chocolate_cake/565991.jpg,13
images/chicken_wings/3069760.jpg,12
images/eggs_benedict/48352.jpg,21
images/caprese_salad/345868.jpg,8
images/french_fries/2528860.jpg,26
images/eggs_benedict/358022.jpg,21
images/bruschetta/3447749.jpg,5
images/chicken_wings/2311267.jpg,12
images/foie_gras/113488.jpg,25
images/falafel/3750598.jpg,23
images/donuts/2811345.jpg,19
images/chicken_wings/2707890.jpg,12
images/cup_cakes/70625.jpg,18
images/cheesecake/1624884.jpg,11
images/cheesecake/2183245.jpg,11
images/eggs_benedict/3665428.jpg,21
images/eggs_benedict/1668816.jpg,21
images/donuts/3141582.jpg,19
images/edamame/3700148.jpg,20
images/beet_salad/3164653.jpg,3
images/baklava/1744290.jpg,1
images/crab_cakes/358494.jpg,16
images/beef_carpaccio/2674712.jpg,2
images/bruschetta/834980.jpg,5
images/apple_pie/3275788.jpg,0
images/baklava/1028777.jpg,1
images/beef_carpaccio/1751784.jpg,2
images/foie_gras/3101230.jpg,25
images/beet_salad/2932720.jpg,3
images/cheese_plate/897167.jpg,10
images/falafel/1111541.jpg,23
images/carrot_cake/2044962.jpg,9
images/falafel/192303.jpg,23
images/chicken_wings/1173474.jpg,12
images/donuts/2995921.jpg,19
images/foie_gras/2601181.jpg,25
images/beignets/1354925.jpg,4
images/club_sandwich/17244.jpg,15
images/apple_pie/1771395.jpg,0
images/beet_salad/3280285.jpg,3
images/foie_gras/1785283.jpg,25
images/cheesecake/2369103.jpg,11
images/donuts/2387992.jpg,19
images/cannoli/987073.jpg,7
images/falafel/1633691.jpg,23
images/crab_cakes/882560.jpg,16
images/cannoli/3484693.jpg,7
images/beet_salad/2126865.jpg,3
images/chocolate_cake/3112536.jpg,13
images/donuts/2091911.jpg,19
images/beef_carpaccio/3863952.jpg,2
images/fish_and_chips/3710354.jpg,24
images/eggs_benedict/1439208.jpg,21
images/donuts/3555965.jpg,19
images/churros/3225309.jpg,14
images/chicken_wings/1316112.jpg,12
images/falafel/2292049.jpg,23
images/crab_cakes/132530.jpg,16
images/edamame/750271.jpg,20
images/foie_gras/250731.jpg,25
images/cannoli/3280540.jpg,7
images/foie_gras/1753377.jpg,25
images/donuts/3539171.jpg,19
images/french_fries/1973780.jpg,26
images/edamame/948650.jpg,20
images/cup_cakes/3374947.jpg,18
images/cannoli/1981783.jpg,7
images/cheese_plate/3597422.jpg,10
images/french_fries/3625607.jpg,26
images/eggs_benedict/2301921.jpg,21
images/caprese_salad/2416887.jpg,8
images/churros/1081831.jpg,14
images/cheesecake/447156.jpg,11
images/carrot_cake/864516.jpg,9
images/churros/3179675.jpg,14
images/churros/2793130.jpg,14
images/cup_cakes/723847.jpg,18
images/french_fries/2127530.jpg,26
images/chocolate_cake/3707204.jpg,13
images/fish_and_chips/3880685.jpg,24
images/french_fries/3681263.jpg,26
images/churros/1751757.jpg,14
images/caesar_salad/808894.jpg,6
images/falafel/141482.jpg,23
images/crab_cakes/3742187.jpg,16
images/cannoli/2218782.jpg,7
images/chocolate_cake/336312.jpg,13
images/beef_carpaccio/728710.jpg,2
images/cheesecake/2781710.jpg,11
images/escargots/1294149.jpg,22
images/edamame/1557266.jpg,20
images/beet_salad/420297.jpg,3
images/beef_carpaccio/1755669.jpg,2
images/chocolate_cake/3115289.jpg,13
images/caprese_salad/2320202.jpg,8
images/caprese_salad/110316.jpg,8
images/donuts/185886.jpg,19
images/eggs_benedict/3283677.jpg,21
images/carrot_cake/2797117.jpg,9
images/caesar_salad/2203330.jpg,6
images/chicken_wings/333421.jpg,12
images/cheesecake/1877670.jpg,11
images/baklava/1407414.jpg,1
images/cannoli/695879.jpg,7
images/chicken_wings/2309010.jpg,12
images/foie_gras/2721736.jpg,25
images/beef_carpaccio/469348.jpg,2
images/escargots/2287224.jpg,22
images/foie_gras/3112646.jpg,25
images/edamame/878485.jpg,20
images/foie_gras/3724406.jpg,25
images/foie_gras/1833471.jpg,25
images/donuts/3828503.jpg,19
images/chicken_wings/1908682.jpg,12
images/fish_and_chips/535233.jpg,24
images/beef_carpaccio/65324.jpg,2
images/beet_salad/1303126.jpg,3
images/donuts/3312043.jpg,19
images/escargots/977786.jpg,22
images/apple_pie/801869.jpg,0
images/chocolate_cake/2024121.jpg,13
images/crab_cakes/3197974.jpg,16
images/falafel/2039800.jpg,23
images/cheese_plate/889566.jpg,10
images/churros/2188772.jpg,14
images/beet_salad/561722.jpg,3
images/eggs_benedict/703230.jpg,21
images/churros/3243433.jpg,14
images/bruschetta/3816226.jpg,5
images/caesar_salad/157303.jpg,6
images/bruschetta/3118141.jpg,5
images/cheesecake/3088201.jpg,11
images/edamame/409298.jpg,20
images/donuts/552518.jpg,19
images/falafel/1785678.jpg,23
images/foie_gras/3902446.jpg,25
images/beignets/3750265.jpg,4
images/cheesecake/840504.jpg,11
images/donuts/1309523.jpg,19
images/french_fries/2106366.jpg,26
images/french_fries/2072514.jpg,26
images/creme_brulee/2723353.jpg,17
images/bruschetta/3453564.jpg,5
images/baklava/3482023.jpg,1
images/crab_cakes/1178313.jpg,16
images/churros/1933785.jpg,14
images/baklava/2555429.jpg,1
images/beef_carpaccio/3914776.jpg,2
images/crab_cakes/382817.jpg,16
images/donuts/805650.jpg,19
images/bruschetta/2860604.jpg,5
images/falafel/565184.jpg,23
images/creme_brulee/3568023.jpg,17
images/beef_carpaccio/2652547.jpg,2
images/beet_salad/1808278.jpg,3
images/donuts/1978210.jpg,19
images/bruschetta/1035461.jpg,5
images/bruschetta/3687843.jpg,5
images/baklava/3429470.jpg,1
images/caesar_salad/56013.jpg,6
images/crab_cakes/3694057.jpg,16
images/french_fries/2048963.jpg,26
images/escargots/394652.jpg,22
images/beignets/3110297.jpg,4
images/cup_cakes/980120.jpg,18
images/baklava/1794666.jpg,1
images/falafel/2987123.jpg,23
images/baklava/3676885.jpg,1
images/chicken_wings/230912.jpg,12
images/escargots/1095699.jpg,22
images/fish_and_chips/46285.jpg,24
images/caprese_salad/1635984.jpg,8
images/falafel/1273255.jpg,23
images/foie_gras/1007306.jpg,25
images/cheesecake/2211800.jpg,11
images/apple_pie/250066.jpg,0
images/bruschetta/2044850.jpg,5
images/beet_salad/647999.jpg,3
images/cheesecake/1759383.jpg,11
images/beef_carpaccio/385644.jpg,2
images/cheesecake/1853531.jpg,11
images/cheese_plate/3191179.jpg,10
images/french_fries/605616.jpg,26
images/creme_brulee/1079454.jpg,17
images/beignets/1310073.jpg,4
images/caprese_salad/679346.jpg,8
images/cannoli/3161710.jpg,7
images/beignets/2337041.jpg,4
images/falafel/1600234.jpg,23
images/chicken_wings/1243465.jpg,12
images/foie_gras/1380484.jpg,25
images/crab_cakes/3806284.jpg,16
images/cheese_plate/686723.jpg,10
images/cheesecake/2975699.jpg,11
images/club_sandwich/3697337.jpg,15
images/donuts/191216.jpg,19
images/creme_brulee/1409917.jpg,17
images/chocolate_cake/3726419.jpg,13
images/apple_pie/2839283.jpg,0
images/beet_salad/3389669.jpg,3
images/foie_gras/3384537.jpg,25
images/beet_salad/1676296.jpg,3
images/bruschetta/386632.jpg,5
images/edamame/2056307.jpg,20
images/cannoli/3721913.jpg,7
images/french_fries/2301475.jpg,26
images/bruschetta/622767.jpg,5
images/cup_cakes/322870.jpg,18
images/chicken_wings/3180536.jpg,12
images/fish_and_chips/403380.jpg,24
images/caesar_salad/3351577.jpg,6
images/donuts/3846238.jpg,19
images/edamame/11883.jpg,20
images/falafel/1692987.jpg,23
images/carrot_cake/2293127.jpg,9
images/churros/2290494.jpg,14
images/cheese_plate/1160663.jpg,10
images/carrot_cake/3245873.jpg,9
images/edamame/2380493.jpg,20
images/carrot_cake/3570167.jpg,9
images/bruschetta/3877907.jpg,5
images/caprese_salad/2353043.jpg,8
images/cheese_plate/1008229.jpg,10
images/donuts/1721433.jpg,19
images/cheesecake/2228742.jpg,11
images/cheese_plate/168533.jpg,10
images/beef_carpaccio/2704314.jpg,2
images/donuts/2665289.jpg,19
images/escargots/2236617.jpg,22
images/donuts/2932014.jpg,19
images/churros/1064042.jpg,14
images/creme_brulee/2400358.jpg,17
images/caesar_salad/3221190.jpg,6
images/cheesecake/647429.jpg,11
images/creme_brulee/1208759.jpg,17
images/cup_cakes/1892118.jpg,18
images/caesar_salad/3655567.jpg,6
images/french_fries/3701352.jpg,26
images/churros/3048784.jpg,14
images/beet_salad/142558.jpg,3
images/donuts/3120649.jpg,19
images/beet_salad/1151650.jpg,3
images/chicken_wings/1850356.jpg,12
images/apple_pie/973088.jpg,0
images/edamame/3441316.jpg,20
images/cannoli/3923934.jpg,7
images/foie_gras/3673065.jpg,25
images/cup_cakes/2500053.jpg,18
images/carrot_cake/1305641.jpg,9
images/bruschetta/2743330.jpg,5
images/beet_salad/462841.jpg,3
images/beignets/1508851.jpg,4
images/french_fries/3790341.jpg,26
images/cheesecake/3504776.jpg,11
images/apple_pie/2828161.jpg,0
images/beef_carpaccio/521873.jpg,2
images/chocolate_cake/1105714.jpg,13
images/club_sandwich/1625719.jpg,15
images/beef_carpaccio/1032760.jpg,2
images/foie_gras/3678359.jpg,25
images/beet_salad/1793692.jpg,3
images/eggs_benedict/16805.jpg,21
images/caprese_salad/1252586.jpg,8
images/beef_carpaccio/2501787.jpg,2
images/beet_salad/363540.jpg,3
images/carrot_cake/2734825.jpg,9
images/fish_and_chips/1277287.jpg,24
images/beef_carpaccio/3326056.jpg,2
images/cup_cakes/999178.jpg,18
images/beignets/3774687.jpg,4
images/donuts/1656474.jpg,19
images/french_fries/3050068.jpg,26
images/beignets/63922.jpg,4
images/beet_salad/2499023.jpg,3
images/cup_cakes/2214924.jpg,18
images/beef_carpaccio/1266838.jpg,2
images/creme_brulee/337276.jpg,17
images/beignets/1715583.jpg,4
images/escargots/247959.jpg,22
images/caesar_salad/1600903.jpg,6
images/creme_brulee/2479990.jpg,17
images/baklava/2917278.jpg,1
images/beignets/2706264.jpg,4
images/baklava/521925.jpg,1
images/falafel/2182393.jpg,23
images/edamame/2340862.jpg,20
images/caesar_salad/304497.jpg,6
images/chicken_wings/359288.jpg,12
images/caesar_salad/2790337.jpg,6
images/cannoli/3217290.jpg,7
images/edamame/919923.jpg,20
images/foie_gras/3736321.jpg,25
images/escargots/3492040.jpg,22
images/cheesecake/1179302.jpg,11
images/cheesecake/2390259.jpg,11
images/cannoli/231628.jpg,7
images/apple_pie/1232311.jpg,0
images/caprese_salad/488715.jpg,8
images/cheesecake/2310307.jpg,11
images/carrot_cake/2293418.jpg,9
images/cheesecake/750008.jpg,11
images/eggs_benedict/3361992.jpg,21
images/fish_and_chips/3650902.jpg,24
images/cannoli/949886.jpg,7
images/french_fries/2860811.jpg,26
images/caesar_salad/290719.jpg,6
images/edamame/2380016.jpg,20
images/creme_brulee/1292153.jpg,17
images/cup_cakes/3670749.jpg,18
images/beef_carpaccio/11483.jpg,2
images/churros/534317.jpg,14
images/apple_pie/1230465.jpg,0
images/caesar_salad/3140904.jpg,6
images/chicken_wings/3100127.jpg,12
images/cup_cakes/9193.jpg,18
images/foie_gras/211168.jpg,25
images/cannoli/2285438.jpg,7
images/fish_and_chips/529653.jpg,24
images/chicken_wings/3244285.jpg,12
images/foie_gras/273506.jpg,25
images/cheese_plate/2988532.jpg,10
images/foie_gras/2673162.jpg,25
images/cannoli/892394.jpg,7
images/beef_carpaccio/2232815.jpg,2
images/beef_carpaccio/62107.jpg,2
images/french_fries/1776346.jpg,26
images/beignets/364276.jpg,4
images/donuts/774254.jpg,19
images/chocolate_cake/1756532.jpg,13
images/creme_brulee/1214542.jpg,17
images/chicken_wings/2248810.jpg,12
images/creme_brulee/1728330.jpg,17
images/donuts/358440.jpg,19
images/fish_and_chips/2089582.jpg,24
images/apple_pie/2762199.jpg,0
images/churros/3506336.jpg,14
images/falafel/3055516.jpg,23
images/french_fries/1639700.jpg,26
images/churros/575541.jpg,14
images/creme_brulee/2781021.jpg,17
images/escargots/1730695.jpg,22
images/donuts/2055446.jpg,19
images/eggs_benedict/3281981.jpg,21
images/creme_brulee/226150.jpg,17
images/baklava/3297183.jpg,1
images/chocolate_cake/3120351.jpg,13
images/baklava/3499729.jpg,1
images/carrot_cake/656790.jpg,9
images/chicken_wings/3276721.jpg,12
images/crab_cakes/2376892.jpg,16
images/escargots/1349197.jpg,22
images/apple_pie/3273568.jpg,0
images/french_fries/605382.jpg,26
images/carrot_cake/3736976.jpg,9
images/eggs_benedict/1567417.jpg,21
images/caesar_salad/1194996.jpg,6
images/beet_salad/1656290.jpg,3
images/chocolate_cake/2566226.jpg,13
images/beef_carpaccio/2520962.jpg,2
images/eggs_benedict/3778423.jpg,21
images/churros/1709019.jpg,14
images/foie_gras/3684173.jpg,25
images/eggs_benedict/1999678.jpg,21
images/chocolate_cake/770372.jpg,13
images/bruschetta/2006543.jpg,5
images/cannoli/1194018.jpg,7
images/beet_salad/1536883.jpg,3
images/edamame/3142830.jpg,20
images/cheese_plate/1628981.jpg,10
images/crab_cakes/1625824.jpg,16
images/caesar_salad/2874677.jpg,6
images/beignets/3243544.jpg,4
images/apple_pie/3241750.jpg,0
images/edamame/1290777.jpg,20
images/beet_salad/3562717.jpg,3
images/fish_and_chips/1001881.jpg,24
images/churros/365231.jpg,14
images/baklava/2502082.jpg,1
images/beef_carpaccio/2486489.jpg,2
images/falafel/129948.jpg,23
images/french_fries/1793704.jpg,26
images/cheesecake/2682488.jpg,11
images/chocolate_cake/749231.jpg,13
images/bruschetta/3849230.jpg,5
images/beef_carpaccio/1981563.jpg,2
images/beignets/2250143.jpg,4
images/apple_pie/790787.jpg,0
images/foie_gras/3383915.jpg,25
images/carrot_cake/3209975.jpg,9
images/chocolate_cake/1297172.jpg,13
images/caesar_salad/1781618.jpg,6
images/chicken_wings/309175.jpg,12
images/cheesecake/3356613.jpg,11
images/caprese_salad/2482286.jpg,8
images/cheesecake/2292597.jpg,11
images/cheese_plate/976140.jpg,10
images/cheese_plate/1608501.jpg,10
images/baklava/3189724.jpg,1
images/beet_salad/2583587.jpg,3
images/creme_brulee/1492625.jpg,17
images/chicken_wings/2897892.jpg,12
images/apple_pie/1547651.jpg,0
images/edamame/3877076.jpg,20
images/cheese_plate/752159.jpg,10
images/cheese_plate/2442400.jpg,10
images/cheesecake/2486815.jpg,11
images/crab_cakes/2598262.jpg,16
images/escargots/2015195.jpg,22
images/donuts/3781421.jpg,19
images/beignets/1367474.jpg,4
images/carrot_cake/2689395.jpg,9
images/chocolate_cake/3895991.jpg,13
images/chocolate_cake/985141.jpg,13
images/carrot_cake/519001.jpg,9
images/donuts/2552806.jpg,19
images/creme_brulee/66315.jpg,17
images/chicken_wings/2503702.jpg,12
images/creme_brulee/1493083.jpg,17
images/chocolate_cake/1417240.jpg,13
images/churros/1096756.jpg,14
images/bruschetta/340594.jpg,5
images/cannoli/700320.jpg,7
images/edamame/3086904.jpg,20
images/churros/3167920.jpg,14
images/eggs_benedict/2646312.jpg,21
images/cheese_plate/2159971.jpg,10
images/beef_carpaccio/3246745.jpg,2
images/chocolate_cake/571499.jpg,13
images/cheesecake/1004807.jpg,11
images/baklava/2787264.jpg,1
images/eggs_benedict/3664770.jpg,21
images/cannoli/383934.jpg,7
images/edamame/2169121.jpg,20
images/baklava/1746317.jpg,1
images/donuts/2017736.jpg,19
images/chocolate_cake/546219.jpg,13
images/caprese_salad/783204.jpg,8
images/fish_and_chips/400102.jpg,24
images/baklava/3358883.jpg,1
images/chicken_wings/3920786.jpg,12
images/escargots/2111972.jpg,22
images/cannoli/1121090.jpg,7
images/caprese_salad/3915344.jpg,8
images/foie_gras/3237430.jpg,25
images/cannoli/3621.jpg,7
images/french_fries/2823656.jpg,26
images/falafel/1657900.jpg,23
images/cup_cakes/2684582.jpg,18
images/crab_cakes/2370297.jpg,16
images/apple_pie/3277458.jpg,0
images/caprese_salad/2018682.jpg,8
images/beignets/657280.jpg,4
images/carrot_cake/2972227.jpg,9
images/apple_pie/865073.jpg,0
images/bruschetta/2477638.jpg,5
images/cheese_plate/736973.jpg,10
images/creme_brulee/3640794.jpg,17
images/cannoli/624287.jpg,7
images/fish_and_chips/2641783.jpg,24
images/eggs_benedict/2484190.jpg,21
images/escargots/3731539.jpg,22
images/beef_carpaccio/2723460.jpg,2
images/falafel/2150311.jpg,23
images/beef_carpaccio/2616261.jpg,2
images/cup_cakes/1936183.jpg,18
images/edamame/1985629.jpg,20
images/beef_carpaccio/2075187.jpg,2
images/cannoli/2866470.jpg,7
images/french_fries/560182.jpg,26
images/french_fries/143158.jpg,26
images/cheesecake/3121485.jpg,11
images/beef_carpaccio/1169625.jpg,2
images/edamame/1383046.jpg,20
images/churros/864848.jpg,14
images/creme_brulee/1247131.jpg,17
images/crab_cakes/2314987.jpg,16
images/chicken_wings/3511492.jpg,12
images/cheese_plate/2392034.jpg,10
images/caprese_salad/691390.jpg,8
images/chicken_wings/836213.jpg,12
images/chocolate_cake/3026168.jpg,13
images/cup_cakes/2625331.jpg,18
images/chocolate_cake/2075136.jpg,13
images/cup_cakes/900413.jpg,18
images/beef_carpaccio/773435.jpg,2
images/beef_carpaccio/1612172.jpg,2
images/beet_salad/2450020.jpg,3
images/chicken_wings/2595779.jpg,12
images/chocolate_cake/1942366.jpg,13
images/cannoli/3674497.jpg,7
images/beef_carpaccio/1426820.jpg,2
images/beet_salad/3265440.jpg,3
images/caprese_salad/140286.jpg,8
images/edamame/911520.jpg,20
images/caprese_salad/712456.jpg,8
images/chocolate_cake/3724636.jpg,13
images/escargots/363732.jpg,22
images/bruschetta/2233142.jpg,5
images/beet_salad/3412132.jpg,3
images/caprese_salad/1518558.jpg,8
images/carrot_cake/991592.jpg,9
images/churros/1634185.jpg,14
images/caprese_salad/1267454.jpg,8
images/cheese_plate/2327777.jpg,10
images/french_fries/553218.jpg,26
images/apple_pie/142332.jpg,0
images/french_fries/2348318.jpg,26
images/falafel/3781828.jpg,23
images/cheese_plate/3469733.jpg,10
images/beet_salad/2178720.jpg,3
images/edamame/561939.jpg,20
images/baklava/1448904.jpg,1
images/beignets/85961.jpg,4
images/cheese_plate/1639301.jpg,10
images/falafel/2962854.jpg,23
images/carrot_cake/2640318.jpg,9
images/donuts/1313900.jpg,19
images/cannoli/1877760.jpg,7
images/french_fries/3499988.jpg,26
images/cannoli/607263.jpg,7
images/chicken_wings/3692826.jpg,12
images/cup_cakes/2769059.jpg,18
images/cup_cakes/1274033.jpg,18
images/creme_brulee/1967704.jpg,17
images/beet_salad/3476520.jpg,3
images/carrot_cake/2012867.jpg,9
images/caesar_salad/1671170.jpg,6
images/beet_salad/170015.jpg,3
images/beignets/975210.jpg,4
images/creme_brulee/3155690.jpg,17
images/fish_and_chips/1761468.jpg,24
images/beet_salad/2571296.jpg,3
images/foie_gras/1832834.jpg,25
images/chicken_wings/1581381.jpg,12
images/bruschetta/383142.jpg,5
images/bruschetta/3674267.jpg,5
images/cheesecake/928874.jpg,11
images/club_sandwich/586089.jpg,15
images/beef_carpaccio/3654143.jpg,2
images/foie_gras/630318.jpg,25
images/escargots/3854585.jpg,22
images/escargots/2092398.jpg,22
images/apple_pie/3448753.jpg,0
images/chocolate_cake/2782081.jpg,13
images/apple_pie/98352.jpg,0
images/beignets/924187.jpg,4
images/crab_cakes/2414796.jpg,16
images/caprese_salad/3845067.jpg,8
images/chocolate_cake/1874343.jpg,13
images/caesar_salad/3269561.jpg,6
images/carrot_cake/3908057.jpg,9
images/crab_cakes/486122.jpg,16
images/club_sandwich/2890054.jpg,15
images/cup_cakes/168914.jpg,18
images/baklava/890847.jpg,1
images/beet_salad/2008718.jpg,3
images/bruschetta/2997406.jpg,5
images/fish_and_chips/1828092.jpg,24
images/bruschetta/2133542.jpg,5
images/carrot_cake/728145.jpg,9
images/baklava/2024914.jpg,1
images/caesar_salad/3014204.jpg,6
images/club_sandwich/2777492.jpg,15
images/cup_cakes/1272313.jpg,18
images/chicken_wings/1123438.jpg,12
images/club_sandwich/3161627.jpg,15
images/fish_and_chips/584991.jpg,24
images/chicken_wings/2504276.jpg,12
images/beef_carpaccio/1371174.jpg,2
images/eggs_benedict/3282041.jpg,21
images/cheese_plate/523219.jpg,10
images/caprese_salad/2886287.jpg,8
images/creme_brulee/2744840.jpg,17
images/beef_carpaccio/2670978.jpg,2
images/carrot_cake/1419335.jpg,9
images/escargots/2309745.jpg,22
images/escargots/3286650.jpg,22
images/foie_gras/1747973.jpg,25
images/bruschetta/1851263.jpg,5
images/churros/2376955.jpg,14
images/caprese_salad/2250280.jpg,8
images/carrot_cake/2332395.jpg,9
images/eggs_benedict/3855893.jpg,21
images/edamame/2031495.jpg,20
images/baklava/3753309.jpg,1
images/chocolate_cake/2094562.jpg,13
images/edamame/2670224.jpg,20
images/club_sandwich/2397375.jpg,15
images/falafel/1561092.jpg,23
images/cheese_plate/1109636.jpg,10
images/bruschetta/3483391.jpg,5
images/caesar_salad/814439.jpg,6
images/cheesecake/1583520.jpg,11
images/apple_pie/2542633.jpg,0
images/crab_cakes/2431198.jpg,16
images/chocolate_cake/631896.jpg,13
images/cheese_plate/3783153.jpg,10
images/caprese_salad/1936528.jpg,8
images/beet_salad/3741473.jpg,3
images/edamame/2899388.jpg,20
images/carrot_cake/167839.jpg,9
images/beignets/1899850.jpg,4
images/bruschetta/2654498.jpg,5
images/french_fries/626896.jpg,26
images/caprese_salad/810934.jpg,8
images/eggs_benedict/2812121.jpg,21
images/beignets/2464389.jpg,4
images/chocolate_cake/1826433.jpg,13
images/chocolate_cake/458210.jpg,13
images/cheese_plate/598262.jpg,10
images/falafel/1417812.jpg,23
images/edamame/3021731.jpg,20
images/beignets/644870.jpg,4
images/churros/1148015.jpg,14
images/apple_pie/1167170.jpg,0
images/caprese_salad/881285.jpg,8
images/churros/2750872.jpg,14
images/cheesecake/3307094.jpg,11
images/chicken_wings/2372173.jpg,12
images/foie_gras/1850969.jpg,25
images/french_fries/240760.jpg,26
images/creme_brulee/117794.jpg,17
images/escargots/1902762.jpg,22
images/churros/1316477.jpg,14
images/caesar_salad/1366881.jpg,6
images/donuts/1478125.jpg,19
images/chocolate_cake/2185089.jpg,13
images/creme_brulee/840968.jpg,17
images/chicken_wings/2878316.jpg,12
images/falafel/3582607.jpg,23
images/club_sandwich/1058213.jpg,15
images/caesar_salad/727976.jpg,6
images/foie_gras/1319752.jpg,25
images/beet_salad/1376279.jpg,3
images/eggs_benedict/2123233.jpg,21
images/eggs_benedict/2943839.jpg,21
images/crab_cakes/2537116.jpg,16
images/bruschetta/579052.jpg,5
images/cup_cakes/2815612.jpg,18
images/churros/1601.jpg,14
images/falafel/3045055.jpg,23
images/chicken_wings/2239158.jpg,12
images/club_sandwich/915568.jpg,15
images/falafel/2964988.jpg,23
images/cheesecake/357959.jpg,11
images/donuts/3682546.jpg,19
images/edamame/1226864.jpg,20
images/eggs_benedict/337091.jpg,21
images/cannoli/2607715.jpg,7
images/apple_pie/902277.jpg,0
images/eggs_benedict/1443382.jpg,21
images/baklava/3197842.jpg,1
images/crab_cakes/2899975.jpg,16
images/beef_carpaccio/1259206.jpg,2
images/donuts/1394857.jpg,19
images/chicken_wings/667591.jpg,12
images/foie_gras/3280733.jpg,25
images/escargots/3124548.jpg,22
images/eggs_benedict/193600.jpg,21
images/beignets/2209563.jpg,4
images/crab_cakes/2592478.jpg,16
images/cheesecake/726395.jpg,11
images/bruschetta/2027305.jpg,5
images/cheese_plate/3695469.jpg,10
images/churros/262724.jpg,14
images/beef_carpaccio/2142461.jpg,2
images/cheesecake/1387798.jpg,11
images/baklava/3564029.jpg,1
images/beef_carpaccio/2959423.jpg,2
images/foie_gras/477517.jpg,25
images/escargots/3654828.jpg,22
images/eggs_benedict/1326037.jpg,21
images/cheesecake/478180.jpg,11
images/baklava/1334818.jpg,1
images/crab_cakes/2812903.jpg,16
images/escargots/3874359.jpg,22
images/cheese_plate/247779.jpg,10
images/apple_pie/2400434.jpg,0
images/carrot_cake/629724.jpg,9
images/beignets/3172893.jpg,4
images/creme_brulee/684129.jpg,17
images/chicken_wings/786320.jpg,12
images/cannoli/318079.jpg,7
images/club_sandwich/1645332.jpg,15
images/crab_cakes/2229837.jpg,16
images/caesar_salad/2874476.jpg,6
images/cup_cakes/80500.jpg,18
images/cheesecake/2222330.jpg,11
images/caprese_salad/904366.jpg,8
images/beignets/2781661.jpg,4
images/beef_carpaccio/145114.jpg,2
images/churros/890058.jpg,14
images/falafel/1816518.jpg,23
images/escargots/1173428.jpg,22
images/bruschetta/442551.jpg,5
images/cheese_plate/2035643.jpg,10
images/donuts/2564394.jpg,19
images/caprese_salad/106830.jpg,8
images/club_sandwich/2185849.jpg,15
images/foie_gras/3217941.jpg,25
images/crab_cakes/602742.jpg,16
images/crab_cakes/1486739.jpg,16
images/club_sandwich/1308163.jpg,15
images/club_sandwich/2163393.jpg,15
images/beet_salad/3542813.jpg,3
images/caesar_salad/344329.jpg,6
images/french_fries/765816.jpg,26
images/fish_and_chips/2263884.jpg,24
images/carrot_cake/280214.jpg,9
images/cup_cakes/1217880.jpg,18
images/carrot_cake/2666.jpg,9
images/eggs_benedict/1243789.jpg,21
images/crab_cakes/1966370.jpg,16
images/churros/473437.jpg,14
images/bruschetta/2229245.jpg,5
images/eggs_benedict/625522.jpg,21
images/beignets/605544.jpg,4
images/edamame/2270209.jpg,20
images/bruschetta/1878963.jpg,5
images/baklava/3516919.jpg,1
images/donuts/161545.jpg,19
images/edamame/3617832.jpg,20
images/foie_gras/364516.jpg,25
images/carrot_cake/2470514.jpg,9
images/chocolate_cake/2943949.jpg,13
images/cheesecake/138314.jpg,11
images/club_sandwich/2272423.jpg,15
images/chicken_wings/2369532.jpg,12
images/beignets/39122.jpg,4
images/caprese_salad/1192740.jpg,8
images/chocolate_cake/702171.jpg,13
images/chicken_wings/1770127.jpg,12
images/churros/2270485.jpg,14
images/beet_salad/2906580.jpg,3
images/fish_and_chips/3276750.jpg,24
images/falafel/1298533.jpg,23
images/carrot_cake/1395137.jpg,9
images/cannoli/3686728.jpg,7
images/creme_brulee/2049202.jpg,17
images/escargots/2491281.jpg,22
images/french_fries/2200585.jpg,26
images/falafel/3663911.jpg,23
images/bruschetta/1993832.jpg,5
images/bruschetta/829232.jpg,5
images/bruschetta/908968.jpg,5
images/fish_and_chips/2479571.jpg,24
images/bruschetta/3608420.jpg,5
images/crab_cakes/3670131.jpg,16
images/beef_carpaccio/2440373.jpg,2
images/cannoli/2407618.jpg,7
images/beef_carpaccio/3323312.jpg,2
images/apple_pie/2523928.jpg,0
images/cheesecake/919156.jpg,11
images/falafel/423923.jpg,23
images/edamame/2063722.jpg,20
images/apple_pie/1456028.jpg,0
images/french_fries/2031719.jpg,26
images/baklava/2162788.jpg,1
images/falafel/2079932.jpg,23
images/beef_carpaccio/1240408.jpg,2
images/beef_carpaccio/2621563.jpg,2
images/fish_and_chips/1714306.jpg,24
images/beignets/1530535.jpg,4
images/fish_and_chips/3258877.jpg,24
images/club_sandwich/619673.jpg,15
images/caesar_salad/2217287.jpg,6
images/fish_and_chips/1874279.jpg,24
images/crab_cakes/3065191.jpg,16
images/baklava/3145978.jpg,1
images/edamame/887826.jpg,20
images/crab_cakes/2013975.jpg,16
images/carrot_cake/3299932.jpg,9
images/beet_salad/624392.jpg,3
images/caprese_salad/3909398.jpg,8
images/escargots/906350.jpg,22
images/crab_cakes/2305585.jpg,16
images/fish_and_chips/1937483.jpg,24
images/crab_cakes/897712.jpg,16
images/fish_and_chips/16967.jpg,24
images/foie_gras/1406367.jpg,25
images/chicken_wings/1098696.jpg,12
images/churros/3278449.jpg,14
images/chocolate_cake/2912467.jpg,13
images/edamame/3433811.jpg,20
images/bruschetta/2816458.jpg,5
images/caprese_salad/2094928.jpg,8
images/falafel/1327326.jpg,23
images/foie_gras/2793641.jpg,25
images/beet_salad/301952.jpg,3
images/escargots/3364663.jpg,22
images/carrot_cake/384444.jpg,9
images/bruschetta/61059.jpg,5
images/cup_cakes/1628791.jpg,18
images/baklava/491124.jpg,1
images/baklava/1110172.jpg,1
images/churros/2489040.jpg,14
images/churros/2092623.jpg,14
images/donuts/3716134.jpg,19
images/creme_brulee/3323510.jpg,17
images/chocolate_cake/2280321.jpg,13
images/caesar_salad/1368688.jpg,6
images/cannoli/800555.jpg,7
images/beef_carpaccio/885771.jpg,2
images/beet_salad/3570541.jpg,3
images/caprese_salad/404869.jpg,8
images/fish_and_chips/773476.jpg,24
images/french_fries/1480588.jpg,26
images/cheese_plate/3849851.jpg,10
images/caprese_salad/298903.jpg,8
images/beet_salad/1616536.jpg,3
images/baklava/120691.jpg,1
images/cheese_plate/2592977.jpg,10
images/cheesecake/882301.jpg,11
images/fish_and_chips/3859059.jpg,24
images/eggs_benedict/3355667.jpg,21
images/apple_pie/1392703.jpg,0
images/churros/1029669.jpg,14
images/beignets/1716614.jpg,4
images/crab_cakes/143889.jpg,16
images/cup_cakes/390833.jpg,18
images/cannoli/3189722.jpg,7
images/bruschetta/3783507.jpg,5
images/cup_cakes/229074.jpg,18
images/foie_gras/3590191.jpg,25
images/fish_and_chips/3188785.jpg,24
images/cheesecake/3859519.jpg,11
images/cannoli/1440814.jpg,7
images/creme_brulee/2515339.jpg,17
images/chicken_wings/30171.jpg,12
images/chocolate_cake/2476188.jpg,13
images/fish_and_chips/2075709.jpg,24
images/cannoli/2658779.jpg,7
images/apple_pie/123782.jpg,0
images/chicken_wings/881209.jpg,12
images/churros/2873575.jpg,14
images/beignets/2933877.jpg,4
images/beef_carpaccio/3173456.jpg,2
images/donuts/2546740.jpg,19
images/beef_carpaccio/556155.jpg,2
images/baklava/1014880.jpg,1
images/cannoli/424038.jpg,7
images/apple_pie/3917257.jpg,0
images/cheesecake/511496.jpg,11
images/crab_cakes/2484014.jpg,16
images/caesar_salad/2909626.jpg,6
images/caprese_salad/2236937.jpg,8
images/apple_pie/1503274.jpg,0
images/falafel/3251180.jpg,23
images/cup_cakes/3920727.jpg,18
images/crab_cakes/341877.jpg,16
images/caesar_salad/2781242.jpg,6
images/chocolate_cake/3632040.jpg,13
images/chicken_wings/1456381.jpg,12
images/cheesecake/2850292.jpg,11
images/cup_cakes/2856542.jpg,18
images/bruschetta/3071353.jpg,5
images/beet_salad/2444360.jpg,3
images/cheese_plate/1280006.jpg,10
images/cheesecake/556192.jpg,11
images/donuts/1007399.jpg,19
images/french_fries/2502370.jpg,26
images/carrot_cake/2927224.jpg,9
images/beignets/2995600.jpg,4
images/caesar_salad/1019118.jpg,6
images/chicken_wings/116096.jpg,12
images/bruschetta/254639.jpg,5
images/beignets/1973137.jpg,4
images/caprese_salad/2363203.jpg,8
images/chocolate_cake/670858.jpg,13
images/cheesecake/2011657.jpg,11
images/caesar_salad/3909511.jpg,6
images/french_fries/389410.jpg,26
images/creme_brulee/526304.jpg,17
images/beet_salad/2971865.jpg,3
images/beef_carpaccio/2107422.jpg,2
images/creme_brulee/2316803.jpg,17
images/churros/2791225.jpg,14
images/fish_and_chips/210499.jpg,24
images/caesar_salad/1397383.jpg,6
images/beignets/2622699.jpg,4
images/escargots/1905451.jpg,22
images/apple_pie/484038.jpg,0
images/churros/2453673.jpg,14
images/churros/1863503.jpg,14
images/carrot_cake/3056013.jpg,9
images/escargots/561984.jpg,22
images/carrot_cake/2383319.jpg,9
images/french_fries/1138037.jpg,26
images/apple_pie/3815797.jpg,0
images/churros/3411925.jpg,14
images/edamame/2267692.jpg,20
images/baklava/3747752.jpg,1
images/edamame/1884855.jpg,20
images/caprese_salad/2892299.jpg,8
images/cannoli/1164361.jpg,7
images/escargots/3292141.jpg,22
images/creme_brulee/1178759.jpg,17
images/churros/467000.jpg,14
images/beignets/1561407.jpg,4
images/cannoli/3397589.jpg,7
images/eggs_benedict/156147.jpg,21
images/chocolate_cake/1127328.jpg,13
images/churros/1200326.jpg,14
images/french_fries/1998271.jpg,26
images/cheese_plate/2752279.jpg,10
images/crab_cakes/3542884.jpg,16
images/chocolate_cake/2148546.jpg,13
images/edamame/1182525.jpg,20
images/beet_salad/90403.jpg,3
images/edamame/3706586.jpg,20
images/escargots/1505032.jpg,22
images/caprese_salad/2693721.jpg,8
images/cup_cakes/1685154.jpg,18
images/apple_pie/2223296.jpg,0
images/chocolate_cake/3348435.jpg,13
images/caesar_salad/2830867.jpg,6
images/escargots/896605.jpg,22
images/chocolate_cake/2493285.jpg,13
images/churros/1094673.jpg,14
images/creme_brulee/3590055.jpg,17
images/foie_gras/1471309.jpg,25
images/escargots/3726904.jpg,22
images/cheesecake/1981338.jpg,11
images/beignets/1354188.jpg,4
images/edamame/1358610.jpg,20
images/cup_cakes/3127913.jpg,18
images/chicken_wings/2188616.jpg,12
images/falafel/745026.jpg,23
images/apple_pie/822817.jpg,0
images/foie_gras/3397611.jpg,25
images/cheese_plate/2730954.jpg,10
images/club_sandwich/3867675.jpg,15
images/donuts/1300776.jpg,19
images/chicken_wings/967435.jpg,12
images/beef_carpaccio/1887574.jpg,2
images/cannoli/1737301.jpg,7
images/caesar_salad/2157527.jpg,6
images/eggs_benedict/3557067.jpg,21
images/baklava/1739890.jpg,1
images/beef_carpaccio/471263.jpg,2
images/falafel/652718.jpg,23
images/churros/2165169.jpg,14
images/falafel/194756.jpg,23
images/cup_cakes/417163.jpg,18
images/cannoli/3669445.jpg,7
images/donuts/2323205.jpg,19
images/donuts/749800.jpg,19
images/carrot_cake/2470640.jpg,9
images/foie_gras/3259778.jpg,25
images/escargots/822222.jpg,22
images/chocolate_cake/3101360.jpg,13
images/cheesecake/3439154.jpg,11
images/creme_brulee/13910.jpg,17
images/eggs_benedict/1471639.jpg,21
images/escargots/990170.jpg,22
images/cheese_plate/374312.jpg,10
images/bruschetta/439852.jpg,5
images/escargots/3903535.jpg,22
images/creme_brulee/114798.jpg,17
images/foie_gras/373535.jpg,25
images/apple_pie/3468573.jpg,0
images/falafel/257196.jpg,23
images/creme_brulee/291568.jpg,17
images/chocolate_cake/113112.jpg,13
images/chocolate_cake/2493868.jpg,13
images/apple_pie/1174949.jpg,0
images/cup_cakes/1753015.jpg,18
images/chocolate_cake/3007173.jpg,13
images/fish_and_chips/3923746.jpg,24
images/creme_brulee/2305418.jpg,17
images/falafel/1641387.jpg,23
images/carrot_cake/239070.jpg,9
images/apple_pie/3619289.jpg,0
images/bruschetta/410901.jpg,5
images/crab_cakes/1413492.jpg,16
images/edamame/3061.jpg,20
images/falafel/2951008.jpg,23
images/cheesecake/1728087.jpg,11
images/falafel/2991209.jpg,23
images/eggs_benedict/2142685.jpg,21
images/cannoli/146566.jpg,7
images/chocolate_cake/1912325.jpg,13
images/eggs_benedict/2880183.jpg,21
images/foie_gras/105085.jpg,25
images/churros/884571.jpg,14
images/baklava/3637566.jpg,1
images/chicken_wings/795006.jpg,12
images/cheese_plate/2797387.jpg,10
images/beef_carpaccio/2949410.jpg,2
images/cup_cakes/383311.jpg,18
images/escargots/635046.jpg,22
images/cannoli/89755.jpg,7
images/escargots/1957178.jpg,22
images/cheesecake/1751518.jpg,11
images/french_fries/2278633.jpg,26
images/chocolate_cake/1429252.jpg,13
images/eggs_benedict/859572.jpg,21
images/creme_brulee/1184409.jpg,17
images/falafel/2441329.jpg,23
images/club_sandwich/1478629.jpg,15
images/foie_gras/1953495.jpg,25
images/beet_salad/3654555.jpg,3
images/baklava/773456.jpg,1
images/fish_and_chips/524965.jpg,24
images/eggs_benedict/2229998.jpg,21
images/baklava/825198.jpg,1
images/cup_cakes/9256.jpg,18
images/falafel/3880503.jpg,23
images/cheese_plate/2489389.jpg,10
images/cup_cakes/2390163.jpg,18
images/cup_cakes/1342683.jpg,18
images/cheesecake/2378893.jpg,11
images/churros/1848421.jpg,14
images/cheese_plate/2976448.jpg,10
images/escargots/1157409.jpg,22
images/edamame/3576014.jpg,20
images/carrot_cake/238285.jpg,9
images/falafel/2389263.jpg,23
images/french_fries/2606474.jpg,26
images/escargots/201667.jpg,22
images/caprese_salad/1974609.jpg,8
images/caesar_salad/3614125.jpg,6
images/club_sandwich/3755104.jpg,15
images/cup_cakes/132791.jpg,18
images/cheesecake/3794714.jpg,11
images/chicken_wings/1328881.jpg,12
images/fish_and_chips/2179558.jpg,24
images/falafel/1203121.jpg,23
images/cup_cakes/2820597.jpg,18
images/beef_carpaccio/2290534.jpg,2
images/donuts/2322467.jpg,19
images/churros/274690.jpg,14
images/caesar_salad/1941951.jpg,6
images/edamame/3313851.jpg,20
images/french_fries/3566836.jpg,26
images/churros/2387770.jpg,14
images/foie_gras/475614.jpg,25
images/beet_salad/811311.jpg,3
images/caprese_salad/1265927.jpg,8
images/caesar_salad/2735104.jpg,6
images/french_fries/1191743.jpg,26
images/bruschetta/2328474.jpg,5
images/donuts/783528.jpg,19
images/baklava/2706472.jpg,1
images/chicken_wings/2577383.jpg,12
images/chocolate_cake/2524401.jpg,13
images/churros/609015.jpg,14
images/baklava/1769049.jpg,1
images/foie_gras/2740011.jpg,25
images/french_fries/2213917.jpg,26
images/carrot_cake/330155.jpg,9
images/carrot_cake/2428550.jpg,9
images/foie_gras/1775252.jpg,25
images/edamame/979053.jpg,20
images/falafel/1579072.jpg,23
images/beignets/3287885.jpg,4
images/apple_pie/362792.jpg,0
images/beef_carpaccio/3391448.jpg,2
images/caprese_salad/2315544.jpg,8
images/crab_cakes/1389584.jpg,16
images/caesar_salad/863485.jpg,6
images/chocolate_cake/802453.jpg,13
images/falafel/3285177.jpg,23
images/cheese_plate/3589691.jpg,10
images/fish_and_chips/3251156.jpg,24
images/falafel/3082864.jpg,23
images/club_sandwich/3703415.jpg,15
images/falafel/3445548.jpg,23
images/creme_brulee/434640.jpg,17
images/creme_brulee/2473106.jpg,17
images/cannoli/3286165.jpg,7
images/beef_carpaccio/1525481.jpg,2
images/cannoli/2358943.jpg,7
images/club_sandwich/3526250.jpg,15
images/cannoli/2590720.jpg,7
images/carrot_cake/1504027.jpg,9
images/carrot_cake/3255896.jpg,9
images/churros/927506.jpg,14
images/crab_cakes/1981055.jpg,16
images/chicken_wings/2053850.jpg,12
images/falafel/731206.jpg,23
images/club_sandwich/2033998.jpg,15
images/donuts/2298781.jpg,19
images/caprese_salad/522915.jpg,8
images/crab_cakes/365360.jpg,16
images/carrot_cake/1234891.jpg,9
images/apple_pie/3727785.jpg,0
images/creme_brulee/3340349.jpg,17
images/cheesecake/206855.jpg,11
images/foie_gras/1113614.jpg,25
images/chocolate_cake/1187402.jpg,13
images/edamame/1240730.jpg,20
images/caprese_salad/1578881.jpg,8
images/foie_gras/2009628.jpg,25
images/apple_pie/793078.jpg,0
images/cup_cakes/875132.jpg,18
images/beet_salad/2843747.jpg,3
images/creme_brulee/1469044.jpg,17
images/edamame/2183338.jpg,20
images/donuts/439850.jpg,19
images/club_sandwich/2464052.jpg,15
images/caesar_salad/3141726.jpg,6
images/chocolate_cake/3038291.jpg,13
images/fish_and_chips/1449739.jpg,24
images/beet_salad/1018685.jpg,3
images/fish_and_chips/2483512.jpg,24
images/fish_and_chips/2228375.jpg,24
images/escargots/1569453.jpg,22
images/cannoli/1413163.jpg,7
images/apple_pie/2777088.jpg,0
images/carrot_cake/2401690.jpg,9
images/escargots/1719858.jpg,22
images/crab_cakes/2961287.jpg,16
images/club_sandwich/182373.jpg,15
images/beef_carpaccio/2072115.jpg,2
images/cheese_plate/1577794.jpg,10
images/foie_gras/1248997.jpg,25
images/french_fries/3010680.jpg,26
images/beet_salad/1906331.jpg,3
images/foie_gras/3065689.jpg,25
images/creme_brulee/421252.jpg,17
images/bruschetta/2650846.jpg,5
images/cannoli/3587896.jpg,7
images/cup_cakes/225447.jpg,18
images/apple_pie/1011328.jpg,0
images/creme_brulee/2321735.jpg,17
images/crab_cakes/2463734.jpg,16
images/chocolate_cake/1363933.jpg,13
images/churros/1887101.jpg,14
images/churros/2327747.jpg,14
images/baklava/396504.jpg,1
images/donuts/3475839.jpg,19
images/apple_pie/2607694.jpg,0
images/falafel/1317593.jpg,23
images/bruschetta/1169212.jpg,5
images/donuts/2585707.jpg,19
images/cheesecake/359723.jpg,11
images/chicken_wings/263256.jpg,12
images/eggs_benedict/2705404.jpg,21
images/foie_gras/2188736.jpg,25
images/crab_cakes/2946022.jpg,16
images/beef_carpaccio/3085154.jpg,2
images/beignets/3316799.jpg,4
images/creme_brulee/1736686.jpg,17
images/cup_cakes/564374.jpg,18
images/apple_pie/395839.jpg,0
images/escargots/103862.jpg,22
images/french_fries/3310979.jpg,26
images/chocolate_cake/1057220.jpg,13
images/churros/137386.jpg,14
images/chocolate_cake/391963.jpg,13
images/creme_brulee/1132329.jpg,17
images/eggs_benedict/3103120.jpg,21
images/chocolate_cake/3011418.jpg,13
images/cheese_plate/1474541.jpg,10
images/bruschetta/2522401.jpg,5
images/cheese_plate/2824074.jpg,10
images/escargots/1059948.jpg,22
images/cheesecake/1642197.jpg,11
images/churros/2783537.jpg,14
images/fish_and_chips/1089396.jpg,24
images/apple_pie/2288697.jpg,0
images/carrot_cake/3817335.jpg,9
images/churros/255320.jpg,14
images/carrot_cake/2561590.jpg,9
images/cheese_plate/2118396.jpg,10
images/bruschetta/903081.jpg,5
images/club_sandwich/2947942.jpg,15
images/french_fries/238410.jpg,26
images/cannoli/3686213.jpg,7
images/beignets/3609781.jpg,4
images/falafel/3021189.jpg,23
images/donuts/3414124.jpg,19
images/foie_gras/1961551.jpg,25
images/eggs_benedict/3445239.jpg,21
images/donuts/1864108.jpg,19
images/beet_salad/1340824.jpg,3
images/escargots/347678.jpg,22
images/churros/348715.jpg,14
images/beignets/1717986.jpg,4
images/beef_carpaccio/188227.jpg,2
images/beef_carpaccio/3252033.jpg,2
images/escargots/281614.jpg,22
images/cheesecake/485150.jpg,11
images/cannoli/2228757.jpg,7
images/cheesecake/1553908.jpg,11
images/carrot_cake/2192151.jpg,9
images/foie_gras/2854390.jpg,25
images/caprese_salad/3647676.jpg,8
images/bruschetta/3838937.jpg,5
images/escargots/1501194.jpg,22
images/cheese_plate/2017163.jpg,10
images/cannoli/2537770.jpg,7
images/churros/3244120.jpg,14
images/bruschetta/552733.jpg,5
images/falafel/1687117.jpg,23
images/foie_gras/303912.jpg,25
images/bruschetta/829059.jpg,5
images/caesar_salad/87058.jpg,6
images/crab_cakes/2780706.jpg,16
images/foie_gras/3285158.jpg,25
images/french_fries/3002343.jpg,26
images/apple_pie/3128330.jpg,0
images/chocolate_cake/1883662.jpg,13
images/chicken_wings/3807875.jpg,12
images/french_fries/2958833.jpg,26
images/baklava/758596.jpg,1
images/cup_cakes/1598831.jpg,18
images/carrot_cake/23255.jpg,9
images/eggs_benedict/2336488.jpg,21
images/chicken_wings/2421773.jpg,12
images/beignets/3339727.jpg,4
images/apple_pie/3079946.jpg,0
images/apple_pie/631445.jpg,0
images/edamame/1047955.jpg,20
images/chicken_wings/81028.jpg,12
images/crab_cakes/2903374.jpg,16
images/beignets/809864.jpg,4
images/escargots/565591.jpg,22
images/edamame/2226979.jpg,20
images/beignets/3211380.jpg,4
images/carrot_cake/3629382.jpg,9
images/fish_and_chips/3475039.jpg,24
images/beet_salad/2503820.jpg,3
images/beignets/38136.jpg,4
images/french_fries/2371507.jpg,26
images/donuts/1221976.jpg,19
images/cup_cakes/582232.jpg,18
images/french_fries/3627636.jpg,26
images/donuts/122399.jpg,19
images/churros/3097712.jpg,14
images/french_fries/1258546.jpg,26
images/eggs_benedict/1294404.jpg,21
images/donuts/803014.jpg,19
images/chicken_wings/580098.jpg,12
